2025-08-17 11:45:46,803 [Worker-5: Loading available Gradle versions] INFO  o.e.b.c.i.u.g.PublishedGradleVersions - Gradle version information cache is out-of-date. Trying to update.
2025-08-17 11:47:14,581 [Worker-7: Importing Maven projects] INFO  o.e.m.c.i.e.AbstractTransferListenerAdapter - Downloaded https://repo.spring.io/milestone/org/springframework/boot/spring-boot-starter-parent/3.5.3/spring-boot-starter-parent-3.5.3.pom
2025-08-17 11:47:14,897 [Worker-7: Importing Maven projects] INFO  o.e.m.c.i.e.AbstractTransferListenerAdapter - Downloading https://repo.maven.apache.org/maven2/org/springframework/boot/spring-boot-starter-parent/3.5.3/spring-boot-starter-parent-3.5.3.pom
2025-08-17 11:47:14,963 [Worker-7: Importing Maven projects] INFO  o.e.m.c.i.e.AbstractTransferListenerAdapter - Downloaded https://repo.maven.apache.org/maven2/org/springframework/boot/spring-boot-starter-parent/3.5.3/spring-boot-starter-parent-3.5.3.pom
2025-08-17 11:47:15,259 [Worker-7: Importing Maven projects] INFO  o.e.m.c.i.e.AbstractTransferListenerAdapter - Downloaded https://repo.spring.io/milestone/org/springframework/boot/spring-boot-dependencies/3.5.3/spring-boot-dependencies-3.5.3.pom
2025-08-17 11:47:15,287 [Worker-7: Importing Maven projects] INFO  o.e.m.c.i.e.AbstractTransferListenerAdapter - Downloading https://repo.maven.apache.org/maven2/org/springframework/boot/spring-boot-dependencies/3.5.3/spring-boot-dependencies-3.5.3.pom
2025-08-17 11:47:15,386 [Worker-7: Importing Maven projects] INFO  o.e.m.c.i.e.AbstractTransferListenerAdapter - Downloaded https://repo.maven.apache.org/maven2/org/springframework/boot/spring-boot-dependencies/3.5.3/spring-boot-dependencies-3.5.3.pom
2025-08-17 11:47:15,930 [Worker-7: Importing Maven projects] INFO  o.e.m.c.i.e.AbstractTransferListenerAdapter - Downloaded https://repo.spring.io/milestone/org/apache/groovy/groovy-bom/4.0.27/groovy-bom-4.0.27.pom
2025-08-17 11:47:15,963 [Worker-7: Importing Maven projects] INFO  o.e.m.c.i.e.AbstractTransferListenerAdapter - Downloading https://repo.maven.apache.org/maven2/org/apache/groovy/groovy-bom/4.0.27/groovy-bom-4.0.27.pom
2025-08-17 11:47:16,005 [Worker-7: Importing Maven projects] INFO  o.e.m.c.i.e.AbstractTransferListenerAdapter - Downloaded https://repo.maven.apache.org/maven2/org/apache/groovy/groovy-bom/4.0.27/groovy-bom-4.0.27.pom
2025-08-17 11:47:16,251 [Worker-7: Importing Maven projects] INFO  o.e.m.c.i.e.AbstractTransferListenerAdapter - Downloaded https://repo.spring.io/milestone/org/infinispan/infinispan-bom/15.2.4.Final/infinispan-bom-15.2.4.Final.pom
2025-08-17 11:47:16,283 [Worker-7: Importing Maven projects] INFO  o.e.m.c.i.e.AbstractTransferListenerAdapter - Downloading https://repo.maven.apache.org/maven2/org/infinispan/infinispan-bom/15.2.4.Final/infinispan-bom-15.2.4.Final.pom
2025-08-17 11:47:16,324 [Worker-7: Importing Maven projects] INFO  o.e.m.c.i.e.AbstractTransferListenerAdapter - Downloaded https://repo.maven.apache.org/maven2/org/infinispan/infinispan-bom/15.2.4.Final/infinispan-bom-15.2.4.Final.pom
2025-08-17 11:47:16,576 [Worker-7: Importing Maven projects] INFO  o.e.m.c.i.e.AbstractTransferListenerAdapter - Downloaded https://repo.spring.io/milestone/org/infinispan/infinispan-build-configuration-parent/15.2.4.Final/infinispan-build-configuration-parent-15.2.4.Final.pom
2025-08-17 11:47:16,603 [Worker-7: Importing Maven projects] INFO  o.e.m.c.i.e.AbstractTransferListenerAdapter - Downloading https://repo.maven.apache.org/maven2/org/infinispan/infinispan-build-configuration-parent/15.2.4.Final/infinispan-build-configuration-parent-15.2.4.Final.pom
2025-08-17 11:47:16,653 [Worker-7: Importing Maven projects] INFO  o.e.m.c.i.e.AbstractTransferListenerAdapter - Downloaded https://repo.maven.apache.org/maven2/org/infinispan/infinispan-build-configuration-parent/15.2.4.Final/infinispan-build-configuration-parent-15.2.4.Final.pom
2025-08-17 11:47:16,910 [Worker-7: Importing Maven projects] INFO  o.e.m.c.i.e.AbstractTransferListenerAdapter - Downloaded https://repo.spring.io/milestone/com/fasterxml/jackson/jackson-bom/2.19.1/jackson-bom-2.19.1.pom
2025-08-17 11:47:16,931 [Worker-7: Importing Maven projects] INFO  o.e.m.c.i.e.AbstractTransferListenerAdapter - Downloading https://repo.maven.apache.org/maven2/com/fasterxml/jackson/jackson-bom/2.19.1/jackson-bom-2.19.1.pom
2025-08-17 11:47:16,978 [Worker-7: Importing Maven projects] INFO  o.e.m.c.i.e.AbstractTransferListenerAdapter - Downloaded https://repo.maven.apache.org/maven2/com/fasterxml/jackson/jackson-bom/2.19.1/jackson-bom-2.19.1.pom
2025-08-17 11:47:17,227 [Worker-7: Importing Maven projects] INFO  o.e.m.c.i.e.AbstractTransferListenerAdapter - Downloaded https://repo.spring.io/milestone/com/fasterxml/jackson/jackson-parent/2.19.2/jackson-parent-2.19.2.pom
2025-08-17 11:47:17,256 [Worker-7: Importing Maven projects] INFO  o.e.m.c.i.e.AbstractTransferListenerAdapter - Downloading https://repo.maven.apache.org/maven2/com/fasterxml/jackson/jackson-parent/2.19.2/jackson-parent-2.19.2.pom
2025-08-17 11:47:17,294 [Worker-7: Importing Maven projects] INFO  o.e.m.c.i.e.AbstractTransferListenerAdapter - Downloaded https://repo.maven.apache.org/maven2/com/fasterxml/jackson/jackson-parent/2.19.2/jackson-parent-2.19.2.pom
2025-08-17 11:47:17,575 [Worker-7: Importing Maven projects] INFO  o.e.m.c.i.e.AbstractTransferListenerAdapter - Downloaded https://repo.spring.io/milestone/org/eclipse/jetty/ee10/jetty-ee10-bom/12.0.22/jetty-ee10-bom-12.0.22.pom
2025-08-17 11:47:17,596 [Worker-7: Importing Maven projects] INFO  o.e.m.c.i.e.AbstractTransferListenerAdapter - Downloading https://repo.maven.apache.org/maven2/org/eclipse/jetty/ee10/jetty-ee10-bom/12.0.22/jetty-ee10-bom-12.0.22.pom
2025-08-17 11:47:17,631 [Worker-7: Importing Maven projects] INFO  o.e.m.c.i.e.AbstractTransferListenerAdapter - Downloaded https://repo.maven.apache.org/maven2/org/eclipse/jetty/ee10/jetty-ee10-bom/12.0.22/jetty-ee10-bom-12.0.22.pom
2025-08-17 11:47:17,920 [Worker-7: Importing Maven projects] INFO  o.e.m.c.i.e.AbstractTransferListenerAdapter - Downloaded https://repo.spring.io/milestone/org/eclipse/jetty/jetty-bom/12.0.22/jetty-bom-12.0.22.pom
2025-08-17 11:47:17,949 [Worker-7: Importing Maven projects] INFO  o.e.m.c.i.e.AbstractTransferListenerAdapter - Downloading https://repo.maven.apache.org/maven2/org/eclipse/jetty/jetty-bom/12.0.22/jetty-bom-12.0.22.pom
2025-08-17 11:47:18,006 [Worker-7: Importing Maven projects] INFO  o.e.m.c.i.e.AbstractTransferListenerAdapter - Downloaded https://repo.maven.apache.org/maven2/org/eclipse/jetty/jetty-bom/12.0.22/jetty-bom-12.0.22.pom
2025-08-17 11:47:18,304 [Worker-7: Importing Maven projects] INFO  o.e.m.c.i.e.AbstractTransferListenerAdapter - Downloaded https://repo.spring.io/milestone/io/micrometer/micrometer-bom/1.15.1/micrometer-bom-1.15.1.pom
2025-08-17 11:47:18,482 [Worker-7: Importing Maven projects] INFO  o.e.m.c.i.e.AbstractTransferListenerAdapter - Downloading https://repo.maven.apache.org/maven2/io/micrometer/micrometer-bom/1.15.1/micrometer-bom-1.15.1.pom
2025-08-17 11:47:18,644 [Worker-7: Importing Maven projects] INFO  o.e.m.c.i.e.AbstractTransferListenerAdapter - Downloaded https://repo.maven.apache.org/maven2/io/micrometer/micrometer-bom/1.15.1/micrometer-bom-1.15.1.pom
2025-08-17 11:47:18,920 [Worker-7: Importing Maven projects] INFO  o.e.m.c.i.e.AbstractTransferListenerAdapter - Downloaded https://repo.spring.io/milestone/io/micrometer/micrometer-tracing-bom/1.5.1/micrometer-tracing-bom-1.5.1.pom
2025-08-17 11:47:19,039 [Worker-7: Importing Maven projects] INFO  o.e.m.c.i.e.AbstractTransferListenerAdapter - Downloading https://repo.maven.apache.org/maven2/io/micrometer/micrometer-tracing-bom/1.5.1/micrometer-tracing-bom-1.5.1.pom
2025-08-17 11:47:19,104 [Worker-7: Importing Maven projects] INFO  o.e.m.c.i.e.AbstractTransferListenerAdapter - Downloaded https://repo.maven.apache.org/maven2/io/micrometer/micrometer-tracing-bom/1.5.1/micrometer-tracing-bom-1.5.1.pom
2025-08-17 11:47:19,385 [Worker-7: Importing Maven projects] INFO  o.e.m.c.i.e.AbstractTransferListenerAdapter - Downloaded https://repo.spring.io/milestone/io/netty/netty-bom/4.1.122.Final/netty-bom-4.1.122.Final.pom
2025-08-17 11:47:19,405 [Worker-7: Importing Maven projects] INFO  o.e.m.c.i.e.AbstractTransferListenerAdapter - Downloading https://repo.maven.apache.org/maven2/io/netty/netty-bom/4.1.122.Final/netty-bom-4.1.122.Final.pom
2025-08-17 11:47:19,443 [Worker-7: Importing Maven projects] INFO  o.e.m.c.i.e.AbstractTransferListenerAdapter - Downloaded https://repo.maven.apache.org/maven2/io/netty/netty-bom/4.1.122.Final/netty-bom-4.1.122.Final.pom
2025-08-17 11:47:19,710 [Worker-7: Importing Maven projects] INFO  o.e.m.c.i.e.AbstractTransferListenerAdapter - Downloaded https://repo.spring.io/milestone/io/prometheus/prometheus-metrics-bom/1.3.8/prometheus-metrics-bom-1.3.8.pom
2025-08-17 11:47:19,732 [Worker-7: Importing Maven projects] INFO  o.e.m.c.i.e.AbstractTransferListenerAdapter - Downloading https://repo.maven.apache.org/maven2/io/prometheus/prometheus-metrics-bom/1.3.8/prometheus-metrics-bom-1.3.8.pom
2025-08-17 11:47:19,794 [Worker-7: Importing Maven projects] INFO  o.e.m.c.i.e.AbstractTransferListenerAdapter - Downloaded https://repo.maven.apache.org/maven2/io/prometheus/prometheus-metrics-bom/1.3.8/prometheus-metrics-bom-1.3.8.pom
2025-08-17 11:47:20,043 [Worker-7: Importing Maven projects] INFO  o.e.m.c.i.e.AbstractTransferListenerAdapter - Downloaded https://repo.spring.io/milestone/io/prometheus/client_java_parent/1.3.8/client_java_parent-1.3.8.pom
2025-08-17 11:47:20,063 [Worker-7: Importing Maven projects] INFO  o.e.m.c.i.e.AbstractTransferListenerAdapter - Downloading https://repo.maven.apache.org/maven2/io/prometheus/client_java_parent/1.3.8/client_java_parent-1.3.8.pom
2025-08-17 11:47:20,104 [Worker-7: Importing Maven projects] INFO  o.e.m.c.i.e.AbstractTransferListenerAdapter - Downloaded https://repo.maven.apache.org/maven2/io/prometheus/client_java_parent/1.3.8/client_java_parent-1.3.8.pom
2025-08-17 11:47:20,398 [Worker-7: Importing Maven projects] INFO  o.e.m.c.i.e.AbstractTransferListenerAdapter - Downloaded https://repo.spring.io/milestone/io/projectreactor/reactor-bom/2024.0.7/reactor-bom-2024.0.7.pom
2025-08-17 11:47:20,417 [Worker-7: Importing Maven projects] INFO  o.e.m.c.i.e.AbstractTransferListenerAdapter - Downloading https://repo.maven.apache.org/maven2/io/projectreactor/reactor-bom/2024.0.7/reactor-bom-2024.0.7.pom
2025-08-17 11:47:20,450 [Worker-7: Importing Maven projects] INFO  o.e.m.c.i.e.AbstractTransferListenerAdapter - Downloaded https://repo.maven.apache.org/maven2/io/projectreactor/reactor-bom/2024.0.7/reactor-bom-2024.0.7.pom
2025-08-17 11:47:20,729 [Worker-7: Importing Maven projects] INFO  o.e.m.c.i.e.AbstractTransferListenerAdapter - Downloaded https://repo.spring.io/milestone/org/springframework/data/spring-data-bom/2025.0.1/spring-data-bom-2025.0.1.pom
2025-08-17 11:47:20,761 [Worker-7: Importing Maven projects] INFO  o.e.m.c.i.e.AbstractTransferListenerAdapter - Downloading https://repo.maven.apache.org/maven2/org/springframework/data/spring-data-bom/2025.0.1/spring-data-bom-2025.0.1.pom
2025-08-17 11:47:20,804 [Worker-7: Importing Maven projects] INFO  o.e.m.c.i.e.AbstractTransferListenerAdapter - Downloaded https://repo.maven.apache.org/maven2/org/springframework/data/spring-data-bom/2025.0.1/spring-data-bom-2025.0.1.pom
2025-08-17 11:47:21,055 [Worker-7: Importing Maven projects] INFO  o.e.m.c.i.e.AbstractTransferListenerAdapter - Downloaded https://repo.spring.io/milestone/org/springframework/spring-framework-bom/6.2.8/spring-framework-bom-6.2.8.pom
2025-08-17 11:47:21,079 [Worker-7: Importing Maven projects] INFO  o.e.m.c.i.e.AbstractTransferListenerAdapter - Downloading https://repo.maven.apache.org/maven2/org/springframework/spring-framework-bom/6.2.8/spring-framework-bom-6.2.8.pom
2025-08-17 11:47:21,113 [Worker-7: Importing Maven projects] INFO  o.e.m.c.i.e.AbstractTransferListenerAdapter - Downloaded https://repo.maven.apache.org/maven2/org/springframework/spring-framework-bom/6.2.8/spring-framework-bom-6.2.8.pom
2025-08-17 11:47:21,387 [Worker-7: Importing Maven projects] INFO  o.e.m.c.i.e.AbstractTransferListenerAdapter - Downloaded https://repo.spring.io/milestone/org/springframework/pulsar/spring-pulsar-bom/1.2.7/spring-pulsar-bom-1.2.7.pom
2025-08-17 11:47:21,413 [Worker-7: Importing Maven projects] INFO  o.e.m.c.i.e.AbstractTransferListenerAdapter - Downloading https://repo.maven.apache.org/maven2/org/springframework/pulsar/spring-pulsar-bom/1.2.7/spring-pulsar-bom-1.2.7.pom
2025-08-17 11:47:21,453 [Worker-7: Importing Maven projects] INFO  o.e.m.c.i.e.AbstractTransferListenerAdapter - Downloaded https://repo.maven.apache.org/maven2/org/springframework/pulsar/spring-pulsar-bom/1.2.7/spring-pulsar-bom-1.2.7.pom
2025-08-17 11:47:21,724 [Worker-7: Importing Maven projects] INFO  o.e.m.c.i.e.AbstractTransferListenerAdapter - Downloaded https://repo.spring.io/milestone/org/springframework/security/spring-security-bom/6.5.1/spring-security-bom-6.5.1.pom
2025-08-17 11:47:21,748 [Worker-7: Importing Maven projects] INFO  o.e.m.c.i.e.AbstractTransferListenerAdapter - Downloading https://repo.maven.apache.org/maven2/org/springframework/security/spring-security-bom/6.5.1/spring-security-bom-6.5.1.pom
2025-08-17 11:47:22,010 [Worker-7: Importing Maven projects] INFO  o.e.m.c.i.e.AbstractTransferListenerAdapter - Downloaded https://repo.maven.apache.org/maven2/org/springframework/security/spring-security-bom/6.5.1/spring-security-bom-6.5.1.pom
2025-08-17 11:47:22,514 [Worker-7: Importing Maven projects] INFO  o.e.m.c.i.e.AbstractTransferListenerAdapter - Downloaded https://repo.spring.io/milestone/org/testcontainers/testcontainers-bom/1.21.2/testcontainers-bom-1.21.2.pom
2025-08-17 11:47:22,538 [Worker-7: Importing Maven projects] INFO  o.e.m.c.i.e.AbstractTransferListenerAdapter - Downloading https://repo.maven.apache.org/maven2/org/testcontainers/testcontainers-bom/1.21.2/testcontainers-bom-1.21.2.pom
2025-08-17 11:47:22,628 [Worker-7: Importing Maven projects] INFO  o.e.m.c.i.e.AbstractTransferListenerAdapter - Downloaded https://repo.maven.apache.org/maven2/org/testcontainers/testcontainers-bom/1.21.2/testcontainers-bom-1.21.2.pom
2025-08-17 11:47:23,580 [Worker-7: Importing Maven projects] INFO  o.e.m.c.i.e.AbstractTransferListenerAdapter - Downloading https://repo.maven.apache.org/maven2/org/springframework/boot/spring-boot-maven-plugin/3.5.3/spring-boot-maven-plugin-3.5.3.pom
2025-08-17 11:47:23,616 [Worker-7: Importing Maven projects] INFO  o.e.m.c.i.e.AbstractTransferListenerAdapter - Downloaded https://repo.maven.apache.org/maven2/org/springframework/boot/spring-boot-maven-plugin/3.5.3/spring-boot-maven-plugin-3.5.3.pom
2025-08-17 11:47:23,665 [Worker-7: Importing Maven projects] INFO  o.e.m.c.i.e.AbstractTransferListenerAdapter - Downloading https://repo.maven.apache.org/maven2/org/springframework/boot/spring-boot-maven-plugin/3.5.3/spring-boot-maven-plugin-3.5.3.jar
2025-08-17 11:47:24,072 [Worker-7: Importing Maven projects] INFO  o.e.m.c.i.e.AbstractTransferListenerAdapter - Downloaded https://repo.maven.apache.org/maven2/org/springframework/boot/spring-boot-maven-plugin/3.5.3/spring-boot-maven-plugin-3.5.3.jar
2025-08-17 11:47:24,156 [Worker-7: Importing Maven projects] INFO  o.e.m.c.i.e.AbstractTransferListenerAdapter - Downloading https://repo.maven.apache.org/maven2/io/github/git-commit-id/git-commit-id-maven-plugin/9.0.2/git-commit-id-maven-plugin-9.0.2.pom
2025-08-17 11:47:24,193 [Worker-7: Importing Maven projects] INFO  o.e.m.c.i.e.AbstractTransferListenerAdapter - Downloaded https://repo.maven.apache.org/maven2/io/github/git-commit-id/git-commit-id-maven-plugin/9.0.2/git-commit-id-maven-plugin-9.0.2.pom
2025-08-17 11:47:24,223 [Worker-7: Importing Maven projects] INFO  o.e.m.c.i.e.AbstractTransferListenerAdapter - Downloading https://repo.maven.apache.org/maven2/io/github/git-commit-id/git-commit-id-maven-plugin/9.0.2/git-commit-id-maven-plugin-9.0.2.jar
2025-08-17 11:47:24,324 [Worker-7: Importing Maven projects] INFO  o.e.m.c.i.e.AbstractTransferListenerAdapter - Downloaded https://repo.maven.apache.org/maven2/io/github/git-commit-id/git-commit-id-maven-plugin/9.0.2/git-commit-id-maven-plugin-9.0.2.jar
2025-08-17 11:47:24,506 [Worker-7: Importing Maven projects] INFO  o.e.m.c.i.e.AbstractTransferListenerAdapter - Downloading https://repo.maven.apache.org/maven2/com/diffplug/spotless/spotless-maven-plugin/2.46.1/spotless-maven-plugin-2.46.1.jar
2025-08-17 11:47:24,651 [Worker-7: Importing Maven projects] INFO  o.e.m.c.i.e.AbstractTransferListenerAdapter - Downloaded https://repo.maven.apache.org/maven2/com/diffplug/spotless/spotless-maven-plugin/2.46.1/spotless-maven-plugin-2.46.1.jar
2025-08-17 11:47:25,709 [Worker-7: Importing Maven projects] INFO  o.e.m.c.i.l.LifecycleMappingFactory - Using org.eclipse.m2e.jdt.JarLifecycleMapping lifecycle mapping for MavenProject: com.sivalabs.bookstore:api-gateway:0.0.1-SNAPSHOT @ D:\Eclipse_workspace\book store\api-gateway\pom.xml.
2025-08-17 11:47:26,132 [Worker-7: Importing Maven projects] INFO  o.e.m.c.i.e.AbstractTransferListenerAdapter - Downloaded https://repo.spring.io/milestone/org/springframework/cloud/spring-cloud-starter-gateway-server-webflux/4.3.0/spring-cloud-starter-gateway-server-webflux-4.3.0.pom
2025-08-17 11:47:26,177 [Worker-7: Importing Maven projects] INFO  o.e.m.c.i.e.AbstractTransferListenerAdapter - Downloading https://repo.maven.apache.org/maven2/org/springframework/cloud/spring-cloud-starter-gateway-server-webflux/4.3.0/spring-cloud-starter-gateway-server-webflux-4.3.0.pom
2025-08-17 11:47:26,329 [Worker-7: Importing Maven projects] INFO  o.e.m.c.i.e.AbstractTransferListenerAdapter - Downloaded https://repo.maven.apache.org/maven2/org/springframework/cloud/spring-cloud-starter-gateway-server-webflux/4.3.0/spring-cloud-starter-gateway-server-webflux-4.3.0.pom
2025-08-17 11:47:26,868 [Worker-7: Importing Maven projects] INFO  o.e.m.c.i.e.AbstractTransferListenerAdapter - Downloaded https://repo.spring.io/milestone/org/springframework/boot/spring-boot-starter/3.5.3/spring-boot-starter-3.5.3.pom
2025-08-17 11:47:26,899 [Worker-7: Importing Maven projects] INFO  o.e.m.c.i.e.AbstractTransferListenerAdapter - Downloading https://repo.maven.apache.org/maven2/org/springframework/boot/spring-boot-starter/3.5.3/spring-boot-starter-3.5.3.pom
2025-08-17 11:47:26,936 [Worker-7: Importing Maven projects] INFO  o.e.m.c.i.e.AbstractTransferListenerAdapter - Downloaded https://repo.maven.apache.org/maven2/org/springframework/boot/spring-boot-starter/3.5.3/spring-boot-starter-3.5.3.pom
2025-08-17 11:47:27,200 [Worker-7: Importing Maven projects] INFO  o.e.m.c.i.e.AbstractTransferListenerAdapter - Downloaded https://repo.spring.io/milestone/org/springframework/boot/spring-boot/3.5.3/spring-boot-3.5.3.pom
2025-08-17 11:47:27,227 [Worker-7: Importing Maven projects] INFO  o.e.m.c.i.e.AbstractTransferListenerAdapter - Downloading https://repo.maven.apache.org/maven2/org/springframework/boot/spring-boot/3.5.3/spring-boot-3.5.3.pom
2025-08-17 11:47:27,268 [Worker-7: Importing Maven projects] INFO  o.e.m.c.i.e.AbstractTransferListenerAdapter - Downloaded https://repo.maven.apache.org/maven2/org/springframework/boot/spring-boot/3.5.3/spring-boot-3.5.3.pom
2025-08-17 11:47:27,512 [Worker-7: Importing Maven projects] INFO  o.e.m.c.i.e.AbstractTransferListenerAdapter - Downloaded https://repo.spring.io/milestone/org/springframework/spring-core/6.2.8/spring-core-6.2.8.pom
2025-08-17 11:47:27,530 [Worker-7: Importing Maven projects] INFO  o.e.m.c.i.e.AbstractTransferListenerAdapter - Downloading https://repo.maven.apache.org/maven2/org/springframework/spring-core/6.2.8/spring-core-6.2.8.pom
2025-08-17 11:47:27,555 [Worker-7: Importing Maven projects] INFO  o.e.m.c.i.e.AbstractTransferListenerAdapter - Downloaded https://repo.maven.apache.org/maven2/org/springframework/spring-core/6.2.8/spring-core-6.2.8.pom
2025-08-17 11:47:27,811 [Worker-7: Importing Maven projects] INFO  o.e.m.c.i.e.AbstractTransferListenerAdapter - Downloaded https://repo.spring.io/milestone/org/springframework/spring-jcl/6.2.8/spring-jcl-6.2.8.pom
2025-08-17 11:47:27,830 [Worker-7: Importing Maven projects] INFO  o.e.m.c.i.e.AbstractTransferListenerAdapter - Downloading https://repo.maven.apache.org/maven2/org/springframework/spring-jcl/6.2.8/spring-jcl-6.2.8.pom
2025-08-17 11:47:27,853 [Worker-7: Importing Maven projects] INFO  o.e.m.c.i.e.AbstractTransferListenerAdapter - Downloaded https://repo.maven.apache.org/maven2/org/springframework/spring-jcl/6.2.8/spring-jcl-6.2.8.pom
2025-08-17 11:47:28,104 [Worker-7: Importing Maven projects] INFO  o.e.m.c.i.e.AbstractTransferListenerAdapter - Downloaded https://repo.spring.io/milestone/org/springframework/spring-context/6.2.8/spring-context-6.2.8.pom
2025-08-17 11:47:28,126 [Worker-7: Importing Maven projects] INFO  o.e.m.c.i.e.AbstractTransferListenerAdapter - Downloading https://repo.maven.apache.org/maven2/org/springframework/spring-context/6.2.8/spring-context-6.2.8.pom
2025-08-17 11:47:28,155 [Worker-7: Importing Maven projects] INFO  o.e.m.c.i.e.AbstractTransferListenerAdapter - Downloaded https://repo.maven.apache.org/maven2/org/springframework/spring-context/6.2.8/spring-context-6.2.8.pom
2025-08-17 11:47:28,401 [Worker-7: Importing Maven projects] INFO  o.e.m.c.i.e.AbstractTransferListenerAdapter - Downloaded https://repo.spring.io/milestone/org/springframework/spring-aop/6.2.8/spring-aop-6.2.8.pom
2025-08-17 11:47:28,424 [Worker-7: Importing Maven projects] INFO  o.e.m.c.i.e.AbstractTransferListenerAdapter - Downloading https://repo.maven.apache.org/maven2/org/springframework/spring-aop/6.2.8/spring-aop-6.2.8.pom
2025-08-17 11:47:28,461 [Worker-7: Importing Maven projects] INFO  o.e.m.c.i.e.AbstractTransferListenerAdapter - Downloaded https://repo.maven.apache.org/maven2/org/springframework/spring-aop/6.2.8/spring-aop-6.2.8.pom
2025-08-17 11:47:28,717 [Worker-7: Importing Maven projects] INFO  o.e.m.c.i.e.AbstractTransferListenerAdapter - Downloaded https://repo.spring.io/milestone/org/springframework/spring-beans/6.2.8/spring-beans-6.2.8.pom
2025-08-17 11:47:28,743 [Worker-7: Importing Maven projects] INFO  o.e.m.c.i.e.AbstractTransferListenerAdapter - Downloading https://repo.maven.apache.org/maven2/org/springframework/spring-beans/6.2.8/spring-beans-6.2.8.pom
2025-08-17 11:47:28,784 [Worker-7: Importing Maven projects] INFO  o.e.m.c.i.e.AbstractTransferListenerAdapter - Downloaded https://repo.maven.apache.org/maven2/org/springframework/spring-beans/6.2.8/spring-beans-6.2.8.pom
2025-08-17 11:47:29,033 [Worker-7: Importing Maven projects] INFO  o.e.m.c.i.e.AbstractTransferListenerAdapter - Downloaded https://repo.spring.io/milestone/org/springframework/spring-expression/6.2.8/spring-expression-6.2.8.pom
2025-08-17 11:47:29,055 [Worker-7: Importing Maven projects] INFO  o.e.m.c.i.e.AbstractTransferListenerAdapter - Downloading https://repo.maven.apache.org/maven2/org/springframework/spring-expression/6.2.8/spring-expression-6.2.8.pom
2025-08-17 11:47:29,095 [Worker-7: Importing Maven projects] INFO  o.e.m.c.i.e.AbstractTransferListenerAdapter - Downloaded https://repo.maven.apache.org/maven2/org/springframework/spring-expression/6.2.8/spring-expression-6.2.8.pom
2025-08-17 11:47:29,349 [Worker-7: Importing Maven projects] INFO  o.e.m.c.i.e.AbstractTransferListenerAdapter - Downloaded https://repo.spring.io/milestone/io/micrometer/micrometer-observation/1.15.1/micrometer-observation-1.15.1.pom
2025-08-17 11:47:29,380 [Worker-7: Importing Maven projects] INFO  o.e.m.c.i.e.AbstractTransferListenerAdapter - Downloading https://repo.maven.apache.org/maven2/io/micrometer/micrometer-observation/1.15.1/micrometer-observation-1.15.1.pom
2025-08-17 11:47:29,420 [Worker-7: Importing Maven projects] INFO  o.e.m.c.i.e.AbstractTransferListenerAdapter - Downloaded https://repo.maven.apache.org/maven2/io/micrometer/micrometer-observation/1.15.1/micrometer-observation-1.15.1.pom
2025-08-17 11:47:29,671 [Worker-7: Importing Maven projects] INFO  o.e.m.c.i.e.AbstractTransferListenerAdapter - Downloaded https://repo.spring.io/milestone/io/micrometer/micrometer-commons/1.15.1/micrometer-commons-1.15.1.pom
2025-08-17 11:47:29,690 [Worker-7: Importing Maven projects] INFO  o.e.m.c.i.e.AbstractTransferListenerAdapter - Downloading https://repo.maven.apache.org/maven2/io/micrometer/micrometer-commons/1.15.1/micrometer-commons-1.15.1.pom
2025-08-17 11:47:29,723 [Worker-7: Importing Maven projects] INFO  o.e.m.c.i.e.AbstractTransferListenerAdapter - Downloaded https://repo.maven.apache.org/maven2/io/micrometer/micrometer-commons/1.15.1/micrometer-commons-1.15.1.pom
2025-08-17 11:47:29,975 [Worker-7: Importing Maven projects] INFO  o.e.m.c.i.e.AbstractTransferListenerAdapter - Downloaded https://repo.spring.io/milestone/org/springframework/boot/spring-boot-autoconfigure/3.5.3/spring-boot-autoconfigure-3.5.3.pom
2025-08-17 11:47:30,284 [Worker-7: Importing Maven projects] INFO  o.e.m.c.i.e.AbstractTransferListenerAdapter - Downloading https://repo.maven.apache.org/maven2/org/springframework/boot/spring-boot-autoconfigure/3.5.3/spring-boot-autoconfigure-3.5.3.pom
2025-08-17 11:47:30,580 [Worker-7: Importing Maven projects] INFO  o.e.m.c.i.e.AbstractTransferListenerAdapter - Downloaded https://repo.maven.apache.org/maven2/org/springframework/boot/spring-boot-autoconfigure/3.5.3/spring-boot-autoconfigure-3.5.3.pom
2025-08-17 11:47:30,841 [Worker-7: Importing Maven projects] INFO  o.e.m.c.i.e.AbstractTransferListenerAdapter - Downloaded https://repo.spring.io/milestone/org/springframework/boot/spring-boot-starter-logging/3.5.3/spring-boot-starter-logging-3.5.3.pom
2025-08-17 11:47:30,898 [Worker-7: Importing Maven projects] INFO  o.e.m.c.i.e.AbstractTransferListenerAdapter - Downloading https://repo.maven.apache.org/maven2/org/springframework/boot/spring-boot-starter-logging/3.5.3/spring-boot-starter-logging-3.5.3.pom
2025-08-17 11:47:30,937 [Worker-7: Importing Maven projects] INFO  o.e.m.c.i.e.AbstractTransferListenerAdapter - Downloaded https://repo.maven.apache.org/maven2/org/springframework/boot/spring-boot-starter-logging/3.5.3/spring-boot-starter-logging-3.5.3.pom
2025-08-17 11:47:31,422 [Worker-7: Importing Maven projects] INFO  o.e.m.c.i.e.AbstractTransferListenerAdapter - Downloaded https://repo.spring.io/milestone/org/springframework/security/spring-security-crypto/6.5.1/spring-security-crypto-6.5.1.pom
2025-08-17 11:47:31,442 [Worker-7: Importing Maven projects] INFO  o.e.m.c.i.e.AbstractTransferListenerAdapter - Downloading https://repo.maven.apache.org/maven2/org/springframework/security/spring-security-crypto/6.5.1/spring-security-crypto-6.5.1.pom
2025-08-17 11:47:31,476 [Worker-7: Importing Maven projects] INFO  o.e.m.c.i.e.AbstractTransferListenerAdapter - Downloaded https://repo.maven.apache.org/maven2/org/springframework/security/spring-security-crypto/6.5.1/spring-security-crypto-6.5.1.pom
2025-08-17 11:47:31,771 [Worker-7: Importing Maven projects] INFO  o.e.m.c.i.e.AbstractTransferListenerAdapter - Downloaded https://repo.spring.io/milestone/org/springframework/cloud/spring-cloud-gateway-server-webflux/4.3.0/spring-cloud-gateway-server-webflux-4.3.0.pom
2025-08-17 11:47:31,794 [Worker-7: Importing Maven projects] INFO  o.e.m.c.i.e.AbstractTransferListenerAdapter - Downloading https://repo.maven.apache.org/maven2/org/springframework/cloud/spring-cloud-gateway-server-webflux/4.3.0/spring-cloud-gateway-server-webflux-4.3.0.pom
2025-08-17 11:47:31,836 [Worker-7: Importing Maven projects] INFO  o.e.m.c.i.e.AbstractTransferListenerAdapter - Downloaded https://repo.maven.apache.org/maven2/org/springframework/cloud/spring-cloud-gateway-server-webflux/4.3.0/spring-cloud-gateway-server-webflux-4.3.0.pom
2025-08-17 11:47:32,121 [Worker-7: Importing Maven projects] INFO  o.e.m.c.i.e.AbstractTransferListenerAdapter - Downloaded https://repo.spring.io/milestone/org/springframework/boot/spring-boot-starter-validation/3.5.3/spring-boot-starter-validation-3.5.3.pom
2025-08-17 11:47:32,145 [Worker-7: Importing Maven projects] INFO  o.e.m.c.i.e.AbstractTransferListenerAdapter - Downloading https://repo.maven.apache.org/maven2/org/springframework/boot/spring-boot-starter-validation/3.5.3/spring-boot-starter-validation-3.5.3.pom
2025-08-17 11:47:32,176 [Worker-7: Importing Maven projects] INFO  o.e.m.c.i.e.AbstractTransferListenerAdapter - Downloaded https://repo.maven.apache.org/maven2/org/springframework/boot/spring-boot-starter-validation/3.5.3/spring-boot-starter-validation-3.5.3.pom
2025-08-17 11:47:32,418 [Worker-7: Importing Maven projects] INFO  o.e.m.c.i.e.AbstractTransferListenerAdapter - Downloaded https://repo.spring.io/milestone/org/apache/tomcat/embed/tomcat-embed-el/10.1.42/tomcat-embed-el-10.1.42.pom
2025-08-17 11:47:32,444 [Worker-7: Importing Maven projects] INFO  o.e.m.c.i.e.AbstractTransferListenerAdapter - Downloading https://repo.maven.apache.org/maven2/org/apache/tomcat/embed/tomcat-embed-el/10.1.42/tomcat-embed-el-10.1.42.pom
2025-08-17 11:47:32,474 [Worker-7: Importing Maven projects] INFO  o.e.m.c.i.e.AbstractTransferListenerAdapter - Downloaded https://repo.maven.apache.org/maven2/org/apache/tomcat/embed/tomcat-embed-el/10.1.42/tomcat-embed-el-10.1.42.pom
2025-08-17 11:47:32,816 [Worker-7: Importing Maven projects] INFO  o.e.m.c.i.e.AbstractTransferListenerAdapter - Downloaded https://repo.spring.io/milestone/io/projectreactor/reactor-core/3.7.7/reactor-core-3.7.7.pom
2025-08-17 11:47:32,841 [Worker-7: Importing Maven projects] INFO  o.e.m.c.i.e.AbstractTransferListenerAdapter - Downloading https://repo.maven.apache.org/maven2/io/projectreactor/reactor-core/3.7.7/reactor-core-3.7.7.pom
2025-08-17 11:47:32,864 [Worker-7: Importing Maven projects] INFO  o.e.m.c.i.e.AbstractTransferListenerAdapter - Downloaded https://repo.maven.apache.org/maven2/io/projectreactor/reactor-core/3.7.7/reactor-core-3.7.7.pom
2025-08-17 11:47:33,113 [Worker-7: Importing Maven projects] INFO  o.e.m.c.i.e.AbstractTransferListenerAdapter - Downloaded https://repo.spring.io/milestone/org/springframework/boot/spring-boot-starter-webflux/3.5.3/spring-boot-starter-webflux-3.5.3.pom
2025-08-17 11:47:33,141 [Worker-7: Importing Maven projects] INFO  o.e.m.c.i.e.AbstractTransferListenerAdapter - Downloading https://repo.maven.apache.org/maven2/org/springframework/boot/spring-boot-starter-webflux/3.5.3/spring-boot-starter-webflux-3.5.3.pom
2025-08-17 11:47:33,187 [Worker-7: Importing Maven projects] INFO  o.e.m.c.i.e.AbstractTransferListenerAdapter - Downloaded https://repo.maven.apache.org/maven2/org/springframework/boot/spring-boot-starter-webflux/3.5.3/spring-boot-starter-webflux-3.5.3.pom
2025-08-17 11:47:33,441 [Worker-7: Importing Maven projects] INFO  o.e.m.c.i.e.AbstractTransferListenerAdapter - Downloaded https://repo.spring.io/milestone/org/springframework/boot/spring-boot-starter-json/3.5.3/spring-boot-starter-json-3.5.3.pom
2025-08-17 11:47:33,469 [Worker-7: Importing Maven projects] INFO  o.e.m.c.i.e.AbstractTransferListenerAdapter - Downloading https://repo.maven.apache.org/maven2/org/springframework/boot/spring-boot-starter-json/3.5.3/spring-boot-starter-json-3.5.3.pom
2025-08-17 11:47:33,502 [Worker-7: Importing Maven projects] INFO  o.e.m.c.i.e.AbstractTransferListenerAdapter - Downloaded https://repo.maven.apache.org/maven2/org/springframework/boot/spring-boot-starter-json/3.5.3/spring-boot-starter-json-3.5.3.pom
2025-08-17 11:47:33,751 [Worker-7: Importing Maven projects] INFO  o.e.m.c.i.e.AbstractTransferListenerAdapter - Downloaded https://repo.spring.io/milestone/org/springframework/spring-web/6.2.8/spring-web-6.2.8.pom
2025-08-17 11:47:33,892 [Worker-7: Importing Maven projects] INFO  o.e.m.c.i.e.AbstractTransferListenerAdapter - Downloading https://repo.maven.apache.org/maven2/org/springframework/spring-web/6.2.8/spring-web-6.2.8.pom
2025-08-17 11:47:33,954 [Worker-7: Importing Maven projects] INFO  o.e.m.c.i.e.AbstractTransferListenerAdapter - Downloaded https://repo.maven.apache.org/maven2/org/springframework/spring-web/6.2.8/spring-web-6.2.8.pom
2025-08-17 11:47:34,203 [Worker-7: Importing Maven projects] INFO  o.e.m.c.i.e.AbstractTransferListenerAdapter - Downloaded https://repo.spring.io/milestone/com/fasterxml/jackson/core/jackson-databind/2.19.1/jackson-databind-2.19.1.pom
2025-08-17 11:47:34,265 [Worker-7: Importing Maven projects] INFO  o.e.m.c.i.e.AbstractTransferListenerAdapter - Downloading https://repo.maven.apache.org/maven2/com/fasterxml/jackson/core/jackson-databind/2.19.1/jackson-databind-2.19.1.pom
2025-08-17 11:47:34,480 [Worker-7: Importing Maven projects] INFO  o.e.m.c.i.e.AbstractTransferListenerAdapter - Downloaded https://repo.maven.apache.org/maven2/com/fasterxml/jackson/core/jackson-databind/2.19.1/jackson-databind-2.19.1.pom
2025-08-17 11:47:34,741 [Worker-7: Importing Maven projects] INFO  o.e.m.c.i.e.AbstractTransferListenerAdapter - Downloaded https://repo.spring.io/milestone/com/fasterxml/jackson/jackson-base/2.19.1/jackson-base-2.19.1.pom
2025-08-17 11:47:34,766 [Worker-7: Importing Maven projects] INFO  o.e.m.c.i.e.AbstractTransferListenerAdapter - Downloading https://repo.maven.apache.org/maven2/com/fasterxml/jackson/jackson-base/2.19.1/jackson-base-2.19.1.pom
2025-08-17 11:47:34,813 [Worker-7: Importing Maven projects] INFO  o.e.m.c.i.e.AbstractTransferListenerAdapter - Downloaded https://repo.maven.apache.org/maven2/com/fasterxml/jackson/jackson-base/2.19.1/jackson-base-2.19.1.pom
2025-08-17 11:47:35,092 [Worker-7: Importing Maven projects] INFO  o.e.m.c.i.e.AbstractTransferListenerAdapter - Downloaded https://repo.spring.io/milestone/com/fasterxml/jackson/core/jackson-annotations/2.19.1/jackson-annotations-2.19.1.pom
2025-08-17 11:47:35,114 [Worker-7: Importing Maven projects] INFO  o.e.m.c.i.e.AbstractTransferListenerAdapter - Downloading https://repo.maven.apache.org/maven2/com/fasterxml/jackson/core/jackson-annotations/2.19.1/jackson-annotations-2.19.1.pom
2025-08-17 11:47:35,149 [Worker-7: Importing Maven projects] INFO  o.e.m.c.i.e.AbstractTransferListenerAdapter - Downloaded https://repo.maven.apache.org/maven2/com/fasterxml/jackson/core/jackson-annotations/2.19.1/jackson-annotations-2.19.1.pom
2025-08-17 11:47:35,397 [Worker-7: Importing Maven projects] INFO  o.e.m.c.i.e.AbstractTransferListenerAdapter - Downloaded https://repo.spring.io/milestone/com/fasterxml/jackson/core/jackson-core/2.19.1/jackson-core-2.19.1.pom
2025-08-17 11:47:35,421 [Worker-7: Importing Maven projects] INFO  o.e.m.c.i.e.AbstractTransferListenerAdapter - Downloading https://repo.maven.apache.org/maven2/com/fasterxml/jackson/core/jackson-core/2.19.1/jackson-core-2.19.1.pom
2025-08-17 11:47:35,463 [Worker-7: Importing Maven projects] INFO  o.e.m.c.i.e.AbstractTransferListenerAdapter - Downloaded https://repo.maven.apache.org/maven2/com/fasterxml/jackson/core/jackson-core/2.19.1/jackson-core-2.19.1.pom
2025-08-17 11:47:35,712 [Worker-7: Importing Maven projects] INFO  o.e.m.c.i.e.AbstractTransferListenerAdapter - Downloaded https://repo.spring.io/milestone/com/fasterxml/jackson/datatype/jackson-datatype-jdk8/2.19.1/jackson-datatype-jdk8-2.19.1.pom
2025-08-17 11:47:35,736 [Worker-7: Importing Maven projects] INFO  o.e.m.c.i.e.AbstractTransferListenerAdapter - Downloading https://repo.maven.apache.org/maven2/com/fasterxml/jackson/datatype/jackson-datatype-jdk8/2.19.1/jackson-datatype-jdk8-2.19.1.pom
2025-08-17 11:47:35,765 [Worker-7: Importing Maven projects] INFO  o.e.m.c.i.e.AbstractTransferListenerAdapter - Downloaded https://repo.maven.apache.org/maven2/com/fasterxml/jackson/datatype/jackson-datatype-jdk8/2.19.1/jackson-datatype-jdk8-2.19.1.pom
2025-08-17 11:47:36,011 [Worker-7: Importing Maven projects] INFO  o.e.m.c.i.e.AbstractTransferListenerAdapter - Downloaded https://repo.spring.io/milestone/com/fasterxml/jackson/module/jackson-modules-java8/2.19.1/jackson-modules-java8-2.19.1.pom
2025-08-17 11:47:36,054 [Worker-7: Importing Maven projects] INFO  o.e.m.c.i.e.AbstractTransferListenerAdapter - Downloading https://repo.maven.apache.org/maven2/com/fasterxml/jackson/module/jackson-modules-java8/2.19.1/jackson-modules-java8-2.19.1.pom
2025-08-17 11:47:36,099 [Worker-7: Importing Maven projects] INFO  o.e.m.c.i.e.AbstractTransferListenerAdapter - Downloaded https://repo.maven.apache.org/maven2/com/fasterxml/jackson/module/jackson-modules-java8/2.19.1/jackson-modules-java8-2.19.1.pom
2025-08-17 11:47:36,352 [Worker-7: Importing Maven projects] INFO  o.e.m.c.i.e.AbstractTransferListenerAdapter - Downloaded https://repo.spring.io/milestone/com/fasterxml/jackson/datatype/jackson-datatype-jsr310/2.19.1/jackson-datatype-jsr310-2.19.1.pom
2025-08-17 11:47:36,377 [Worker-7: Importing Maven projects] INFO  o.e.m.c.i.e.AbstractTransferListenerAdapter - Downloading https://repo.maven.apache.org/maven2/com/fasterxml/jackson/datatype/jackson-datatype-jsr310/2.19.1/jackson-datatype-jsr310-2.19.1.pom
2025-08-17 11:47:36,416 [Worker-7: Importing Maven projects] INFO  o.e.m.c.i.e.AbstractTransferListenerAdapter - Downloaded https://repo.maven.apache.org/maven2/com/fasterxml/jackson/datatype/jackson-datatype-jsr310/2.19.1/jackson-datatype-jsr310-2.19.1.pom
2025-08-17 11:47:36,669 [Worker-7: Importing Maven projects] INFO  o.e.m.c.i.e.AbstractTransferListenerAdapter - Downloaded https://repo.spring.io/milestone/com/fasterxml/jackson/module/jackson-module-parameter-names/2.19.1/jackson-module-parameter-names-2.19.1.pom
2025-08-17 11:47:36,693 [Worker-7: Importing Maven projects] INFO  o.e.m.c.i.e.AbstractTransferListenerAdapter - Downloading https://repo.maven.apache.org/maven2/com/fasterxml/jackson/module/jackson-module-parameter-names/2.19.1/jackson-module-parameter-names-2.19.1.pom
2025-08-17 11:47:36,729 [Worker-7: Importing Maven projects] INFO  o.e.m.c.i.e.AbstractTransferListenerAdapter - Downloaded https://repo.maven.apache.org/maven2/com/fasterxml/jackson/module/jackson-module-parameter-names/2.19.1/jackson-module-parameter-names-2.19.1.pom
2025-08-17 11:47:36,982 [Worker-7: Importing Maven projects] INFO  o.e.m.c.i.e.AbstractTransferListenerAdapter - Downloaded https://repo.spring.io/milestone/org/springframework/boot/spring-boot-starter-reactor-netty/3.5.3/spring-boot-starter-reactor-netty-3.5.3.pom
2025-08-17 11:47:37,002 [Worker-7: Importing Maven projects] INFO  o.e.m.c.i.e.AbstractTransferListenerAdapter - Downloading https://repo.maven.apache.org/maven2/org/springframework/boot/spring-boot-starter-reactor-netty/3.5.3/spring-boot-starter-reactor-netty-3.5.3.pom
2025-08-17 11:47:37,034 [Worker-7: Importing Maven projects] INFO  o.e.m.c.i.e.AbstractTransferListenerAdapter - Downloaded https://repo.maven.apache.org/maven2/org/springframework/boot/spring-boot-starter-reactor-netty/3.5.3/spring-boot-starter-reactor-netty-3.5.3.pom
2025-08-17 11:47:37,278 [Worker-7: Importing Maven projects] INFO  o.e.m.c.i.e.AbstractTransferListenerAdapter - Downloaded https://repo.spring.io/milestone/io/projectreactor/netty/reactor-netty-http/1.2.7/reactor-netty-http-1.2.7.pom
2025-08-17 11:47:37,302 [Worker-7: Importing Maven projects] INFO  o.e.m.c.i.e.AbstractTransferListenerAdapter - Downloading https://repo.maven.apache.org/maven2/io/projectreactor/netty/reactor-netty-http/1.2.7/reactor-netty-http-1.2.7.pom
2025-08-17 11:47:37,330 [Worker-7: Importing Maven projects] INFO  o.e.m.c.i.e.AbstractTransferListenerAdapter - Downloaded https://repo.maven.apache.org/maven2/io/projectreactor/netty/reactor-netty-http/1.2.7/reactor-netty-http-1.2.7.pom
2025-08-17 11:47:37,574 [Worker-7: Importing Maven projects] INFO  o.e.m.c.i.e.AbstractTransferListenerAdapter - Downloaded https://repo.spring.io/milestone/io/netty/netty-codec-http/4.1.122.Final/netty-codec-http-4.1.122.Final.pom
2025-08-17 11:47:37,595 [Worker-7: Importing Maven projects] INFO  o.e.m.c.i.e.AbstractTransferListenerAdapter - Downloading https://repo.maven.apache.org/maven2/io/netty/netty-codec-http/4.1.122.Final/netty-codec-http-4.1.122.Final.pom
2025-08-17 11:47:37,628 [Worker-7: Importing Maven projects] INFO  o.e.m.c.i.e.AbstractTransferListenerAdapter - Downloaded https://repo.maven.apache.org/maven2/io/netty/netty-codec-http/4.1.122.Final/netty-codec-http-4.1.122.Final.pom
2025-08-17 11:47:37,976 [Worker-7: Importing Maven projects] INFO  o.e.m.c.i.e.AbstractTransferListenerAdapter - Downloaded https://repo.spring.io/milestone/io/netty/netty-parent/4.1.122.Final/netty-parent-4.1.122.Final.pom
2025-08-17 11:47:38,125 [Worker-7: Importing Maven projects] INFO  o.e.m.c.i.e.AbstractTransferListenerAdapter - Downloading https://repo.maven.apache.org/maven2/io/netty/netty-parent/4.1.122.Final/netty-parent-4.1.122.Final.pom
2025-08-17 11:47:38,965 [Worker-7: Importing Maven projects] INFO  o.e.m.c.i.e.AbstractTransferListenerAdapter - Downloaded https://repo.maven.apache.org/maven2/io/netty/netty-parent/4.1.122.Final/netty-parent-4.1.122.Final.pom
2025-08-17 11:47:39,246 [Worker-7: Importing Maven projects] INFO  o.e.m.c.i.e.AbstractTransferListenerAdapter - Downloaded https://repo.spring.io/milestone/io/netty/netty-common/4.1.122.Final/netty-common-4.1.122.Final.pom
2025-08-17 11:47:39,296 [Worker-7: Importing Maven projects] INFO  o.e.m.c.i.e.AbstractTransferListenerAdapter - Downloading https://repo.maven.apache.org/maven2/io/netty/netty-common/4.1.122.Final/netty-common-4.1.122.Final.pom
2025-08-17 11:47:39,367 [Worker-7: Importing Maven projects] INFO  o.e.m.c.i.e.AbstractTransferListenerAdapter - Downloaded https://repo.maven.apache.org/maven2/io/netty/netty-common/4.1.122.Final/netty-common-4.1.122.Final.pom
2025-08-17 11:47:39,623 [Worker-7: Importing Maven projects] INFO  o.e.m.c.i.e.AbstractTransferListenerAdapter - Downloaded https://repo.spring.io/milestone/io/netty/netty-buffer/4.1.122.Final/netty-buffer-4.1.122.Final.pom
2025-08-17 11:47:39,649 [Worker-7: Importing Maven projects] INFO  o.e.m.c.i.e.AbstractTransferListenerAdapter - Downloading https://repo.maven.apache.org/maven2/io/netty/netty-buffer/4.1.122.Final/netty-buffer-4.1.122.Final.pom
2025-08-17 11:47:39,678 [Worker-7: Importing Maven projects] INFO  o.e.m.c.i.e.AbstractTransferListenerAdapter - Downloaded https://repo.maven.apache.org/maven2/io/netty/netty-buffer/4.1.122.Final/netty-buffer-4.1.122.Final.pom
2025-08-17 11:47:40,008 [Worker-7: Importing Maven projects] INFO  o.e.m.c.i.e.AbstractTransferListenerAdapter - Downloaded https://repo.spring.io/milestone/io/netty/netty-transport/4.1.122.Final/netty-transport-4.1.122.Final.pom
2025-08-17 11:47:40,130 [Worker-7: Importing Maven projects] INFO  o.e.m.c.i.e.AbstractTransferListenerAdapter - Downloading https://repo.maven.apache.org/maven2/io/netty/netty-transport/4.1.122.Final/netty-transport-4.1.122.Final.pom
2025-08-17 11:47:40,178 [Worker-7: Importing Maven projects] INFO  o.e.m.c.i.e.AbstractTransferListenerAdapter - Downloaded https://repo.maven.apache.org/maven2/io/netty/netty-transport/4.1.122.Final/netty-transport-4.1.122.Final.pom
2025-08-17 11:47:40,435 [Worker-7: Importing Maven projects] INFO  o.e.m.c.i.e.AbstractTransferListenerAdapter - Downloaded https://repo.spring.io/milestone/io/netty/netty-resolver/4.1.122.Final/netty-resolver-4.1.122.Final.pom
2025-08-17 11:47:40,483 [Worker-7: Importing Maven projects] INFO  o.e.m.c.i.e.AbstractTransferListenerAdapter - Downloading https://repo.maven.apache.org/maven2/io/netty/netty-resolver/4.1.122.Final/netty-resolver-4.1.122.Final.pom
2025-08-17 11:47:40,535 [Worker-7: Importing Maven projects] INFO  o.e.m.c.i.e.AbstractTransferListenerAdapter - Downloaded https://repo.maven.apache.org/maven2/io/netty/netty-resolver/4.1.122.Final/netty-resolver-4.1.122.Final.pom
2025-08-17 11:47:40,802 [Worker-7: Importing Maven projects] INFO  o.e.m.c.i.e.AbstractTransferListenerAdapter - Downloaded https://repo.spring.io/milestone/io/netty/netty-codec/4.1.122.Final/netty-codec-4.1.122.Final.pom
2025-08-17 11:47:40,832 [Worker-7: Importing Maven projects] INFO  o.e.m.c.i.e.AbstractTransferListenerAdapter - Downloading https://repo.maven.apache.org/maven2/io/netty/netty-codec/4.1.122.Final/netty-codec-4.1.122.Final.pom
2025-08-17 11:47:40,911 [Worker-7: Importing Maven projects] INFO  o.e.m.c.i.e.AbstractTransferListenerAdapter - Downloaded https://repo.maven.apache.org/maven2/io/netty/netty-codec/4.1.122.Final/netty-codec-4.1.122.Final.pom
2025-08-17 11:47:41,183 [Worker-7: Importing Maven projects] INFO  o.e.m.c.i.e.AbstractTransferListenerAdapter - Downloaded https://repo.spring.io/milestone/io/netty/netty-handler/4.1.122.Final/netty-handler-4.1.122.Final.pom
2025-08-17 11:47:41,209 [Worker-7: Importing Maven projects] INFO  o.e.m.c.i.e.AbstractTransferListenerAdapter - Downloading https://repo.maven.apache.org/maven2/io/netty/netty-handler/4.1.122.Final/netty-handler-4.1.122.Final.pom
2025-08-17 11:47:41,272 [Worker-7: Importing Maven projects] INFO  o.e.m.c.i.e.AbstractTransferListenerAdapter - Downloaded https://repo.maven.apache.org/maven2/io/netty/netty-handler/4.1.122.Final/netty-handler-4.1.122.Final.pom
2025-08-17 11:47:41,532 [Worker-7: Importing Maven projects] INFO  o.e.m.c.i.e.AbstractTransferListenerAdapter - Downloaded https://repo.spring.io/milestone/io/netty/netty-transport-native-unix-common/4.1.122.Final/netty-transport-native-unix-common-4.1.122.Final.pom
2025-08-17 11:47:41,580 [Worker-7: Importing Maven projects] INFO  o.e.m.c.i.e.AbstractTransferListenerAdapter - Downloading https://repo.maven.apache.org/maven2/io/netty/netty-transport-native-unix-common/4.1.122.Final/netty-transport-native-unix-common-4.1.122.Final.pom
2025-08-17 11:47:41,641 [Worker-7: Importing Maven projects] INFO  o.e.m.c.i.e.AbstractTransferListenerAdapter - Downloaded https://repo.maven.apache.org/maven2/io/netty/netty-transport-native-unix-common/4.1.122.Final/netty-transport-native-unix-common-4.1.122.Final.pom
2025-08-17 11:47:41,912 [Worker-7: Importing Maven projects] INFO  o.e.m.c.i.e.AbstractTransferListenerAdapter - Downloaded https://repo.spring.io/milestone/io/netty/netty-codec-http2/4.1.122.Final/netty-codec-http2-4.1.122.Final.pom
2025-08-17 11:47:41,933 [Worker-7: Importing Maven projects] INFO  o.e.m.c.i.e.AbstractTransferListenerAdapter - Downloading https://repo.maven.apache.org/maven2/io/netty/netty-codec-http2/4.1.122.Final/netty-codec-http2-4.1.122.Final.pom
2025-08-17 11:47:42,020 [Worker-7: Importing Maven projects] INFO  o.e.m.c.i.e.AbstractTransferListenerAdapter - Downloaded https://repo.maven.apache.org/maven2/io/netty/netty-codec-http2/4.1.122.Final/netty-codec-http2-4.1.122.Final.pom
2025-08-17 11:47:42,333 [Worker-7: Importing Maven projects] INFO  o.e.m.c.i.e.AbstractTransferListenerAdapter - Downloaded https://repo.spring.io/milestone/io/netty/netty-resolver-dns/4.1.122.Final/netty-resolver-dns-4.1.122.Final.pom
2025-08-17 11:47:42,394 [Worker-7: Importing Maven projects] INFO  o.e.m.c.i.e.AbstractTransferListenerAdapter - Downloading https://repo.maven.apache.org/maven2/io/netty/netty-resolver-dns/4.1.122.Final/netty-resolver-dns-4.1.122.Final.pom
2025-08-17 11:47:42,435 [Worker-7: Importing Maven projects] INFO  o.e.m.c.i.e.AbstractTransferListenerAdapter - Downloaded https://repo.maven.apache.org/maven2/io/netty/netty-resolver-dns/4.1.122.Final/netty-resolver-dns-4.1.122.Final.pom
2025-08-17 11:47:42,696 [Worker-7: Importing Maven projects] INFO  o.e.m.c.i.e.AbstractTransferListenerAdapter - Downloaded https://repo.spring.io/milestone/io/netty/netty-codec-dns/4.1.122.Final/netty-codec-dns-4.1.122.Final.pom
2025-08-17 11:47:42,737 [Worker-7: Importing Maven projects] INFO  o.e.m.c.i.e.AbstractTransferListenerAdapter - Downloading https://repo.maven.apache.org/maven2/io/netty/netty-codec-dns/4.1.122.Final/netty-codec-dns-4.1.122.Final.pom
2025-08-17 11:47:42,803 [Worker-7: Importing Maven projects] INFO  o.e.m.c.i.e.AbstractTransferListenerAdapter - Downloaded https://repo.maven.apache.org/maven2/io/netty/netty-codec-dns/4.1.122.Final/netty-codec-dns-4.1.122.Final.pom
2025-08-17 11:47:43,053 [Worker-7: Importing Maven projects] INFO  o.e.m.c.i.e.AbstractTransferListenerAdapter - Downloaded https://repo.spring.io/milestone/io/netty/netty-resolver-dns-native-macos/4.1.122.Final/netty-resolver-dns-native-macos-4.1.122.Final.pom
2025-08-17 11:47:43,092 [Worker-7: Importing Maven projects] INFO  o.e.m.c.i.e.AbstractTransferListenerAdapter - Downloading https://repo.maven.apache.org/maven2/io/netty/netty-resolver-dns-native-macos/4.1.122.Final/netty-resolver-dns-native-macos-4.1.122.Final.pom
2025-08-17 11:47:43,141 [Worker-7: Importing Maven projects] INFO  o.e.m.c.i.e.AbstractTransferListenerAdapter - Downloaded https://repo.maven.apache.org/maven2/io/netty/netty-resolver-dns-native-macos/4.1.122.Final/netty-resolver-dns-native-macos-4.1.122.Final.pom
2025-08-17 11:47:43,411 [Worker-7: Importing Maven projects] INFO  o.e.m.c.i.e.AbstractTransferListenerAdapter - Downloaded https://repo.spring.io/milestone/io/netty/netty-resolver-dns-classes-macos/4.1.122.Final/netty-resolver-dns-classes-macos-4.1.122.Final.pom
2025-08-17 11:47:43,439 [Worker-7: Importing Maven projects] INFO  o.e.m.c.i.e.AbstractTransferListenerAdapter - Downloading https://repo.maven.apache.org/maven2/io/netty/netty-resolver-dns-classes-macos/4.1.122.Final/netty-resolver-dns-classes-macos-4.1.122.Final.pom
2025-08-17 11:47:43,472 [Worker-7: Importing Maven projects] INFO  o.e.m.c.i.e.AbstractTransferListenerAdapter - Downloaded https://repo.maven.apache.org/maven2/io/netty/netty-resolver-dns-classes-macos/4.1.122.Final/netty-resolver-dns-classes-macos-4.1.122.Final.pom
2025-08-17 11:47:43,740 [Worker-7: Importing Maven projects] INFO  o.e.m.c.i.e.AbstractTransferListenerAdapter - Downloaded https://repo.spring.io/milestone/io/netty/netty-transport-native-epoll/4.1.122.Final/netty-transport-native-epoll-4.1.122.Final.pom
2025-08-17 11:47:43,786 [Worker-7: Importing Maven projects] INFO  o.e.m.c.i.e.AbstractTransferListenerAdapter - Downloading https://repo.maven.apache.org/maven2/io/netty/netty-transport-native-epoll/4.1.122.Final/netty-transport-native-epoll-4.1.122.Final.pom
2025-08-17 11:47:43,839 [Worker-7: Importing Maven projects] INFO  o.e.m.c.i.e.AbstractTransferListenerAdapter - Downloaded https://repo.maven.apache.org/maven2/io/netty/netty-transport-native-epoll/4.1.122.Final/netty-transport-native-epoll-4.1.122.Final.pom
2025-08-17 11:47:44,106 [Worker-7: Importing Maven projects] INFO  o.e.m.c.i.e.AbstractTransferListenerAdapter - Downloaded https://repo.spring.io/milestone/io/netty/netty-transport-classes-epoll/4.1.122.Final/netty-transport-classes-epoll-4.1.122.Final.pom
2025-08-17 11:47:44,136 [Worker-7: Importing Maven projects] INFO  o.e.m.c.i.e.AbstractTransferListenerAdapter - Downloading https://repo.maven.apache.org/maven2/io/netty/netty-transport-classes-epoll/4.1.122.Final/netty-transport-classes-epoll-4.1.122.Final.pom
2025-08-17 11:47:44,175 [Worker-7: Importing Maven projects] INFO  o.e.m.c.i.e.AbstractTransferListenerAdapter - Downloaded https://repo.maven.apache.org/maven2/io/netty/netty-transport-classes-epoll/4.1.122.Final/netty-transport-classes-epoll-4.1.122.Final.pom
2025-08-17 11:47:44,440 [Worker-7: Importing Maven projects] INFO  o.e.m.c.i.e.AbstractTransferListenerAdapter - Downloaded https://repo.spring.io/milestone/io/projectreactor/netty/reactor-netty-core/1.2.7/reactor-netty-core-1.2.7.pom
2025-08-17 11:47:44,471 [Worker-7: Importing Maven projects] INFO  o.e.m.c.i.e.AbstractTransferListenerAdapter - Downloading https://repo.maven.apache.org/maven2/io/projectreactor/netty/reactor-netty-core/1.2.7/reactor-netty-core-1.2.7.pom
2025-08-17 11:47:44,529 [Worker-7: Importing Maven projects] INFO  o.e.m.c.i.e.AbstractTransferListenerAdapter - Downloaded https://repo.maven.apache.org/maven2/io/projectreactor/netty/reactor-netty-core/1.2.7/reactor-netty-core-1.2.7.pom
2025-08-17 11:47:44,775 [Worker-7: Importing Maven projects] INFO  o.e.m.c.i.e.AbstractTransferListenerAdapter - Downloaded https://repo.spring.io/milestone/io/netty/netty-handler-proxy/4.1.122.Final/netty-handler-proxy-4.1.122.Final.pom
2025-08-17 11:47:44,797 [Worker-7: Importing Maven projects] INFO  o.e.m.c.i.e.AbstractTransferListenerAdapter - Downloading https://repo.maven.apache.org/maven2/io/netty/netty-handler-proxy/4.1.122.Final/netty-handler-proxy-4.1.122.Final.pom
2025-08-17 11:47:44,842 [Worker-7: Importing Maven projects] INFO  o.e.m.c.i.e.AbstractTransferListenerAdapter - Downloaded https://repo.maven.apache.org/maven2/io/netty/netty-handler-proxy/4.1.122.Final/netty-handler-proxy-4.1.122.Final.pom
2025-08-17 11:47:45,101 [Worker-7: Importing Maven projects] INFO  o.e.m.c.i.e.AbstractTransferListenerAdapter - Downloaded https://repo.spring.io/milestone/io/netty/netty-codec-socks/4.1.122.Final/netty-codec-socks-4.1.122.Final.pom
2025-08-17 11:47:45,139 [Worker-7: Importing Maven projects] INFO  o.e.m.c.i.e.AbstractTransferListenerAdapter - Downloading https://repo.maven.apache.org/maven2/io/netty/netty-codec-socks/4.1.122.Final/netty-codec-socks-4.1.122.Final.pom
2025-08-17 11:47:45,179 [Worker-7: Importing Maven projects] INFO  o.e.m.c.i.e.AbstractTransferListenerAdapter - Downloaded https://repo.maven.apache.org/maven2/io/netty/netty-codec-socks/4.1.122.Final/netty-codec-socks-4.1.122.Final.pom
2025-08-17 11:47:45,441 [Worker-7: Importing Maven projects] INFO  o.e.m.c.i.e.AbstractTransferListenerAdapter - Downloaded https://repo.spring.io/milestone/org/springframework/spring-webflux/6.2.8/spring-webflux-6.2.8.pom
2025-08-17 11:47:45,503 [Worker-7: Importing Maven projects] INFO  o.e.m.c.i.e.AbstractTransferListenerAdapter - Downloading https://repo.maven.apache.org/maven2/org/springframework/spring-webflux/6.2.8/spring-webflux-6.2.8.pom
2025-08-17 11:47:45,567 [Worker-7: Importing Maven projects] INFO  o.e.m.c.i.e.AbstractTransferListenerAdapter - Downloaded https://repo.maven.apache.org/maven2/org/springframework/spring-webflux/6.2.8/spring-webflux-6.2.8.pom
2025-08-17 11:47:45,848 [Worker-7: Importing Maven projects] INFO  o.e.m.c.i.e.AbstractTransferListenerAdapter - Downloaded https://repo.spring.io/milestone/org/springframework/boot/spring-boot-properties-migrator/3.5.3/spring-boot-properties-migrator-3.5.3.pom
2025-08-17 11:47:45,894 [Worker-7: Importing Maven projects] INFO  o.e.m.c.i.e.AbstractTransferListenerAdapter - Downloading https://repo.maven.apache.org/maven2/org/springframework/boot/spring-boot-properties-migrator/3.5.3/spring-boot-properties-migrator-3.5.3.pom
2025-08-17 11:47:45,963 [Worker-7: Importing Maven projects] INFO  o.e.m.c.i.e.AbstractTransferListenerAdapter - Downloaded https://repo.maven.apache.org/maven2/org/springframework/boot/spring-boot-properties-migrator/3.5.3/spring-boot-properties-migrator-3.5.3.pom
2025-08-17 11:47:46,333 [Worker-7: Importing Maven projects] INFO  o.e.m.c.i.e.AbstractTransferListenerAdapter - Downloaded https://repo.spring.io/milestone/org/springframework/boot/spring-boot-configuration-metadata/3.5.3/spring-boot-configuration-metadata-3.5.3.pom
2025-08-17 11:47:46,362 [Worker-7: Importing Maven projects] INFO  o.e.m.c.i.e.AbstractTransferListenerAdapter - Downloading https://repo.maven.apache.org/maven2/org/springframework/boot/spring-boot-configuration-metadata/3.5.3/spring-boot-configuration-metadata-3.5.3.pom
2025-08-17 11:47:46,752 [Worker-7: Importing Maven projects] INFO  o.e.m.c.i.e.AbstractTransferListenerAdapter - Downloaded https://repo.maven.apache.org/maven2/org/springframework/boot/spring-boot-configuration-metadata/3.5.3/spring-boot-configuration-metadata-3.5.3.pom
2025-08-17 11:47:47,116 [Worker-7: Importing Maven projects] INFO  o.e.m.c.i.e.AbstractTransferListenerAdapter - Downloaded https://repo.spring.io/milestone/org/springframework/boot/spring-boot-starter-actuator/3.5.3/spring-boot-starter-actuator-3.5.3.pom
2025-08-17 11:47:47,141 [Worker-7: Importing Maven projects] INFO  o.e.m.c.i.e.AbstractTransferListenerAdapter - Downloading https://repo.maven.apache.org/maven2/org/springframework/boot/spring-boot-starter-actuator/3.5.3/spring-boot-starter-actuator-3.5.3.pom
2025-08-17 11:47:47,211 [Worker-7: Importing Maven projects] INFO  o.e.m.c.i.e.AbstractTransferListenerAdapter - Downloaded https://repo.maven.apache.org/maven2/org/springframework/boot/spring-boot-starter-actuator/3.5.3/spring-boot-starter-actuator-3.5.3.pom
2025-08-17 11:47:47,562 [Worker-7: Importing Maven projects] INFO  o.e.m.c.i.e.AbstractTransferListenerAdapter - Downloaded https://repo.spring.io/milestone/org/springframework/boot/spring-boot-actuator-autoconfigure/3.5.3/spring-boot-actuator-autoconfigure-3.5.3.pom
2025-08-17 11:47:47,624 [Worker-7: Importing Maven projects] INFO  o.e.m.c.i.e.AbstractTransferListenerAdapter - Downloading https://repo.maven.apache.org/maven2/org/springframework/boot/spring-boot-actuator-autoconfigure/3.5.3/spring-boot-actuator-autoconfigure-3.5.3.pom
2025-08-17 11:47:47,677 [Worker-7: Importing Maven projects] INFO  o.e.m.c.i.e.AbstractTransferListenerAdapter - Downloaded https://repo.maven.apache.org/maven2/org/springframework/boot/spring-boot-actuator-autoconfigure/3.5.3/spring-boot-actuator-autoconfigure-3.5.3.pom
2025-08-17 11:47:47,944 [Worker-7: Importing Maven projects] INFO  o.e.m.c.i.e.AbstractTransferListenerAdapter - Downloaded https://repo.spring.io/milestone/org/springframework/boot/spring-boot-actuator/3.5.3/spring-boot-actuator-3.5.3.pom
2025-08-17 11:47:47,967 [Worker-7: Importing Maven projects] INFO  o.e.m.c.i.e.AbstractTransferListenerAdapter - Downloading https://repo.maven.apache.org/maven2/org/springframework/boot/spring-boot-actuator/3.5.3/spring-boot-actuator-3.5.3.pom
2025-08-17 11:47:47,997 [Worker-7: Importing Maven projects] INFO  o.e.m.c.i.e.AbstractTransferListenerAdapter - Downloaded https://repo.maven.apache.org/maven2/org/springframework/boot/spring-boot-actuator/3.5.3/spring-boot-actuator-3.5.3.pom
2025-08-17 11:47:48,243 [Worker-7: Importing Maven projects] INFO  o.e.m.c.i.e.AbstractTransferListenerAdapter - Downloaded https://repo.spring.io/milestone/io/micrometer/micrometer-jakarta9/1.15.1/micrometer-jakarta9-1.15.1.pom
2025-08-17 11:47:48,271 [Worker-7: Importing Maven projects] INFO  o.e.m.c.i.e.AbstractTransferListenerAdapter - Downloading https://repo.maven.apache.org/maven2/io/micrometer/micrometer-jakarta9/1.15.1/micrometer-jakarta9-1.15.1.pom
2025-08-17 11:47:48,341 [Worker-7: Importing Maven projects] INFO  o.e.m.c.i.e.AbstractTransferListenerAdapter - Downloaded https://repo.maven.apache.org/maven2/io/micrometer/micrometer-jakarta9/1.15.1/micrometer-jakarta9-1.15.1.pom
2025-08-17 11:47:48,592 [Worker-7: Importing Maven projects] INFO  o.e.m.c.i.e.AbstractTransferListenerAdapter - Downloaded https://repo.spring.io/milestone/io/micrometer/micrometer-core/1.15.1/micrometer-core-1.15.1.pom
2025-08-17 11:47:48,623 [Worker-7: Importing Maven projects] INFO  o.e.m.c.i.e.AbstractTransferListenerAdapter - Downloading https://repo.maven.apache.org/maven2/io/micrometer/micrometer-core/1.15.1/micrometer-core-1.15.1.pom
2025-08-17 11:47:48,659 [Worker-7: Importing Maven projects] INFO  o.e.m.c.i.e.AbstractTransferListenerAdapter - Downloaded https://repo.maven.apache.org/maven2/io/micrometer/micrometer-core/1.15.1/micrometer-core-1.15.1.pom
2025-08-17 11:47:48,932 [Worker-7: Importing Maven projects] INFO  o.e.m.c.i.e.AbstractTransferListenerAdapter - Downloaded https://repo.spring.io/milestone/io/micrometer/micrometer-registry-prometheus/1.15.1/micrometer-registry-prometheus-1.15.1.pom
2025-08-17 11:47:48,957 [Worker-7: Importing Maven projects] INFO  o.e.m.c.i.e.AbstractTransferListenerAdapter - Downloading https://repo.maven.apache.org/maven2/io/micrometer/micrometer-registry-prometheus/1.15.1/micrometer-registry-prometheus-1.15.1.pom
2025-08-17 11:47:49,003 [Worker-7: Importing Maven projects] INFO  o.e.m.c.i.e.AbstractTransferListenerAdapter - Downloaded https://repo.maven.apache.org/maven2/io/micrometer/micrometer-registry-prometheus/1.15.1/micrometer-registry-prometheus-1.15.1.pom
2025-08-17 11:47:49,263 [Worker-7: Importing Maven projects] INFO  o.e.m.c.i.e.AbstractTransferListenerAdapter - Downloaded https://repo.spring.io/milestone/io/prometheus/prometheus-metrics-core/1.3.8/prometheus-metrics-core-1.3.8.pom
2025-08-17 11:47:49,288 [Worker-7: Importing Maven projects] INFO  o.e.m.c.i.e.AbstractTransferListenerAdapter - Downloading https://repo.maven.apache.org/maven2/io/prometheus/prometheus-metrics-core/1.3.8/prometheus-metrics-core-1.3.8.pom
2025-08-17 11:47:49,331 [Worker-7: Importing Maven projects] INFO  o.e.m.c.i.e.AbstractTransferListenerAdapter - Downloaded https://repo.maven.apache.org/maven2/io/prometheus/prometheus-metrics-core/1.3.8/prometheus-metrics-core-1.3.8.pom
2025-08-17 11:47:49,592 [Worker-7: Importing Maven projects] INFO  o.e.m.c.i.e.AbstractTransferListenerAdapter - Downloaded https://repo.spring.io/milestone/io/prometheus/client_java/1.3.8/client_java-1.3.8.pom
2025-08-17 11:47:49,625 [Worker-7: Importing Maven projects] INFO  o.e.m.c.i.e.AbstractTransferListenerAdapter - Downloading https://repo.maven.apache.org/maven2/io/prometheus/client_java/1.3.8/client_java-1.3.8.pom
2025-08-17 11:47:49,693 [Worker-7: Importing Maven projects] INFO  o.e.m.c.i.e.AbstractTransferListenerAdapter - Downloaded https://repo.maven.apache.org/maven2/io/prometheus/client_java/1.3.8/client_java-1.3.8.pom
2025-08-17 11:47:49,954 [Worker-7: Importing Maven projects] INFO  o.e.m.c.i.e.AbstractTransferListenerAdapter - Downloaded https://repo.spring.io/milestone/io/prometheus/prometheus-metrics-model/1.3.8/prometheus-metrics-model-1.3.8.pom
2025-08-17 11:47:49,993 [Worker-7: Importing Maven projects] INFO  o.e.m.c.i.e.AbstractTransferListenerAdapter - Downloading https://repo.maven.apache.org/maven2/io/prometheus/prometheus-metrics-model/1.3.8/prometheus-metrics-model-1.3.8.pom
2025-08-17 11:47:50,054 [Worker-7: Importing Maven projects] INFO  o.e.m.c.i.e.AbstractTransferListenerAdapter - Downloaded https://repo.maven.apache.org/maven2/io/prometheus/prometheus-metrics-model/1.3.8/prometheus-metrics-model-1.3.8.pom
2025-08-17 11:47:50,322 [Worker-7: Importing Maven projects] INFO  o.e.m.c.i.e.AbstractTransferListenerAdapter - Downloaded https://repo.spring.io/milestone/io/prometheus/prometheus-metrics-config/1.3.8/prometheus-metrics-config-1.3.8.pom
2025-08-17 11:47:50,344 [Worker-7: Importing Maven projects] INFO  o.e.m.c.i.e.AbstractTransferListenerAdapter - Downloading https://repo.maven.apache.org/maven2/io/prometheus/prometheus-metrics-config/1.3.8/prometheus-metrics-config-1.3.8.pom
2025-08-17 11:47:50,383 [Worker-7: Importing Maven projects] INFO  o.e.m.c.i.e.AbstractTransferListenerAdapter - Downloaded https://repo.maven.apache.org/maven2/io/prometheus/prometheus-metrics-config/1.3.8/prometheus-metrics-config-1.3.8.pom
2025-08-17 11:47:50,642 [Worker-7: Importing Maven projects] INFO  o.e.m.c.i.e.AbstractTransferListenerAdapter - Downloaded https://repo.spring.io/milestone/io/prometheus/prometheus-metrics-tracer-common/1.3.8/prometheus-metrics-tracer-common-1.3.8.pom
2025-08-17 11:47:50,668 [Worker-7: Importing Maven projects] INFO  o.e.m.c.i.e.AbstractTransferListenerAdapter - Downloading https://repo.maven.apache.org/maven2/io/prometheus/prometheus-metrics-tracer-common/1.3.8/prometheus-metrics-tracer-common-1.3.8.pom
2025-08-17 11:47:50,721 [Worker-7: Importing Maven projects] INFO  o.e.m.c.i.e.AbstractTransferListenerAdapter - Downloaded https://repo.maven.apache.org/maven2/io/prometheus/prometheus-metrics-tracer-common/1.3.8/prometheus-metrics-tracer-common-1.3.8.pom
2025-08-17 11:47:50,972 [Worker-7: Importing Maven projects] INFO  o.e.m.c.i.e.AbstractTransferListenerAdapter - Downloaded https://repo.spring.io/milestone/io/prometheus/prometheus-metrics-tracer/1.3.8/prometheus-metrics-tracer-1.3.8.pom
2025-08-17 11:47:50,999 [Worker-7: Importing Maven projects] INFO  o.e.m.c.i.e.AbstractTransferListenerAdapter - Downloading https://repo.maven.apache.org/maven2/io/prometheus/prometheus-metrics-tracer/1.3.8/prometheus-metrics-tracer-1.3.8.pom
2025-08-17 11:47:51,082 [Worker-7: Importing Maven projects] INFO  o.e.m.c.i.e.AbstractTransferListenerAdapter - Downloaded https://repo.maven.apache.org/maven2/io/prometheus/prometheus-metrics-tracer/1.3.8/prometheus-metrics-tracer-1.3.8.pom
2025-08-17 11:47:51,342 [Worker-7: Importing Maven projects] INFO  o.e.m.c.i.e.AbstractTransferListenerAdapter - Downloaded https://repo.spring.io/milestone/io/opentelemetry/instrumentation/opentelemetry-instrumentation-bom-alpha/2.16.0-alpha/opentelemetry-instrumentation-bom-alpha-2.16.0-alpha.pom
2025-08-17 11:47:51,373 [Worker-7: Importing Maven projects] INFO  o.e.m.c.i.e.AbstractTransferListenerAdapter - Downloading https://repo.maven.apache.org/maven2/io/opentelemetry/instrumentation/opentelemetry-instrumentation-bom-alpha/2.16.0-alpha/opentelemetry-instrumentation-bom-alpha-2.16.0-alpha.pom
2025-08-17 11:47:51,437 [Worker-7: Importing Maven projects] INFO  o.e.m.c.i.e.AbstractTransferListenerAdapter - Downloaded https://repo.maven.apache.org/maven2/io/opentelemetry/instrumentation/opentelemetry-instrumentation-bom-alpha/2.16.0-alpha/opentelemetry-instrumentation-bom-alpha-2.16.0-alpha.pom
2025-08-17 11:47:51,687 [Worker-7: Importing Maven projects] INFO  o.e.m.c.i.e.AbstractTransferListenerAdapter - Downloaded https://repo.spring.io/milestone/io/opentelemetry/opentelemetry-bom/1.50.0/opentelemetry-bom-1.50.0.pom
2025-08-17 11:47:51,709 [Worker-7: Importing Maven projects] INFO  o.e.m.c.i.e.AbstractTransferListenerAdapter - Downloading https://repo.maven.apache.org/maven2/io/opentelemetry/opentelemetry-bom/1.50.0/opentelemetry-bom-1.50.0.pom
2025-08-17 11:47:51,858 [Worker-7: Importing Maven projects] INFO  o.e.m.c.i.e.AbstractTransferListenerAdapter - Downloaded https://repo.maven.apache.org/maven2/io/opentelemetry/opentelemetry-bom/1.50.0/opentelemetry-bom-1.50.0.pom
2025-08-17 11:47:52,105 [Worker-7: Importing Maven projects] INFO  o.e.m.c.i.e.AbstractTransferListenerAdapter - Downloaded https://repo.spring.io/milestone/io/opentelemetry/opentelemetry-bom-alpha/1.50.0-alpha/opentelemetry-bom-alpha-1.50.0-alpha.pom
2025-08-17 11:47:52,129 [Worker-7: Importing Maven projects] INFO  o.e.m.c.i.e.AbstractTransferListenerAdapter - Downloading https://repo.maven.apache.org/maven2/io/opentelemetry/opentelemetry-bom-alpha/1.50.0-alpha/opentelemetry-bom-alpha-1.50.0-alpha.pom
2025-08-17 11:47:52,277 [Worker-7: Importing Maven projects] INFO  o.e.m.c.i.e.AbstractTransferListenerAdapter - Downloaded https://repo.maven.apache.org/maven2/io/opentelemetry/opentelemetry-bom-alpha/1.50.0-alpha/opentelemetry-bom-alpha-1.50.0-alpha.pom
2025-08-17 11:47:52,525 [Worker-7: Importing Maven projects] INFO  o.e.m.c.i.e.AbstractTransferListenerAdapter - Downloaded https://repo.spring.io/milestone/io/opentelemetry/instrumentation/opentelemetry-instrumentation-bom/2.16.0/opentelemetry-instrumentation-bom-2.16.0.pom
2025-08-17 11:47:52,683 [Worker-7: Importing Maven projects] INFO  o.e.m.c.i.e.AbstractTransferListenerAdapter - Downloading https://repo.maven.apache.org/maven2/io/opentelemetry/instrumentation/opentelemetry-instrumentation-bom/2.16.0/opentelemetry-instrumentation-bom-2.16.0.pom
2025-08-17 11:47:52,721 [Worker-7: Importing Maven projects] INFO  o.e.m.c.i.e.AbstractTransferListenerAdapter - Downloaded https://repo.maven.apache.org/maven2/io/opentelemetry/instrumentation/opentelemetry-instrumentation-bom/2.16.0/opentelemetry-instrumentation-bom-2.16.0.pom
2025-08-17 11:47:52,986 [Worker-7: Importing Maven projects] INFO  o.e.m.c.i.e.AbstractTransferListenerAdapter - Downloaded https://repo.spring.io/milestone/io/prometheus/prometheus-metrics-exposition-formats/1.3.8/prometheus-metrics-exposition-formats-1.3.8.pom
2025-08-17 11:47:53,014 [Worker-7: Importing Maven projects] INFO  o.e.m.c.i.e.AbstractTransferListenerAdapter - Downloading https://repo.maven.apache.org/maven2/io/prometheus/prometheus-metrics-exposition-formats/1.3.8/prometheus-metrics-exposition-formats-1.3.8.pom
2025-08-17 11:47:53,187 [Worker-7: Importing Maven projects] INFO  o.e.m.c.i.e.AbstractTransferListenerAdapter - Downloaded https://repo.maven.apache.org/maven2/io/prometheus/prometheus-metrics-exposition-formats/1.3.8/prometheus-metrics-exposition-formats-1.3.8.pom
2025-08-17 11:47:53,626 [Worker-7: Importing Maven projects] INFO  o.e.m.c.i.e.AbstractTransferListenerAdapter - Downloaded https://repo.spring.io/milestone/io/prometheus/prometheus-metrics-exposition-formats-no-protobuf/1.3.8/prometheus-metrics-exposition-formats-no-protobuf-1.3.8.pom
2025-08-17 11:47:53,656 [Worker-7: Importing Maven projects] INFO  o.e.m.c.i.e.AbstractTransferListenerAdapter - Downloading https://repo.maven.apache.org/maven2/io/prometheus/prometheus-metrics-exposition-formats-no-protobuf/1.3.8/prometheus-metrics-exposition-formats-no-protobuf-1.3.8.pom
2025-08-17 11:47:53,698 [Worker-7: Importing Maven projects] INFO  o.e.m.c.i.e.AbstractTransferListenerAdapter - Downloaded https://repo.maven.apache.org/maven2/io/prometheus/prometheus-metrics-exposition-formats-no-protobuf/1.3.8/prometheus-metrics-exposition-formats-no-protobuf-1.3.8.pom
2025-08-17 11:47:54,014 [Worker-7: Importing Maven projects] INFO  o.e.m.c.i.e.AbstractTransferListenerAdapter - Downloaded https://repo.spring.io/milestone/io/prometheus/prometheus-metrics-exposition-textformats/1.3.8/prometheus-metrics-exposition-textformats-1.3.8.pom
2025-08-17 11:47:54,057 [Worker-7: Importing Maven projects] INFO  o.e.m.c.i.e.AbstractTransferListenerAdapter - Downloading https://repo.maven.apache.org/maven2/io/prometheus/prometheus-metrics-exposition-textformats/1.3.8/prometheus-metrics-exposition-textformats-1.3.8.pom
2025-08-17 11:47:54,248 [Worker-7: Importing Maven projects] INFO  o.e.m.c.i.e.AbstractTransferListenerAdapter - Downloaded https://repo.maven.apache.org/maven2/io/prometheus/prometheus-metrics-exposition-textformats/1.3.8/prometheus-metrics-exposition-textformats-1.3.8.pom
2025-08-17 11:47:54,512 [Worker-7: Importing Maven projects] INFO  o.e.m.c.i.e.AbstractTransferListenerAdapter - Downloaded https://repo.spring.io/milestone/com/google/protobuf/protobuf-java/4.31.0/protobuf-java-4.31.0.pom
2025-08-17 11:47:54,546 [Worker-7: Importing Maven projects] INFO  o.e.m.c.i.e.AbstractTransferListenerAdapter - Downloading https://repo.maven.apache.org/maven2/com/google/protobuf/protobuf-java/4.31.0/protobuf-java-4.31.0.pom
2025-08-17 11:47:54,591 [Worker-7: Importing Maven projects] INFO  o.e.m.c.i.e.AbstractTransferListenerAdapter - Downloaded https://repo.maven.apache.org/maven2/com/google/protobuf/protobuf-java/4.31.0/protobuf-java-4.31.0.pom
2025-08-17 11:47:55,152 [Worker-7: Importing Maven projects] INFO  o.e.m.c.i.e.AbstractTransferListenerAdapter - Downloaded https://repo.spring.io/milestone/com/google/protobuf/protobuf-parent/4.31.0/protobuf-parent-4.31.0.pom
2025-08-17 11:47:55,256 [Worker-7: Importing Maven projects] INFO  o.e.m.c.i.e.AbstractTransferListenerAdapter - Downloading https://repo.maven.apache.org/maven2/com/google/protobuf/protobuf-parent/4.31.0/protobuf-parent-4.31.0.pom
2025-08-17 11:47:55,339 [Worker-7: Importing Maven projects] INFO  o.e.m.c.i.e.AbstractTransferListenerAdapter - Downloaded https://repo.maven.apache.org/maven2/com/google/protobuf/protobuf-parent/4.31.0/protobuf-parent-4.31.0.pom
2025-08-17 11:47:55,590 [Worker-7: Importing Maven projects] INFO  o.e.m.c.i.e.AbstractTransferListenerAdapter - Downloaded https://repo.spring.io/milestone/com/google/protobuf/protobuf-bom/4.31.0/protobuf-bom-4.31.0.pom
2025-08-17 11:47:55,636 [Worker-7: Importing Maven projects] INFO  o.e.m.c.i.e.AbstractTransferListenerAdapter - Downloading https://repo.maven.apache.org/maven2/com/google/protobuf/protobuf-bom/4.31.0/protobuf-bom-4.31.0.pom
2025-08-17 11:47:55,724 [Worker-7: Importing Maven projects] INFO  o.e.m.c.i.e.AbstractTransferListenerAdapter - Downloaded https://repo.maven.apache.org/maven2/com/google/protobuf/protobuf-bom/4.31.0/protobuf-bom-4.31.0.pom
2025-08-17 11:47:55,976 [Worker-7: Importing Maven projects] INFO  o.e.m.c.i.e.AbstractTransferListenerAdapter - Downloaded https://repo.spring.io/milestone/io/micrometer/micrometer-tracing-bridge-otel/1.5.1/micrometer-tracing-bridge-otel-1.5.1.pom
2025-08-17 11:47:56,001 [Worker-7: Importing Maven projects] INFO  o.e.m.c.i.e.AbstractTransferListenerAdapter - Downloading https://repo.maven.apache.org/maven2/io/micrometer/micrometer-tracing-bridge-otel/1.5.1/micrometer-tracing-bridge-otel-1.5.1.pom
2025-08-17 11:47:56,277 [Worker-7: Importing Maven projects] INFO  o.e.m.c.i.e.AbstractTransferListenerAdapter - Downloaded https://repo.maven.apache.org/maven2/io/micrometer/micrometer-tracing-bridge-otel/1.5.1/micrometer-tracing-bridge-otel-1.5.1.pom
2025-08-17 11:47:56,546 [Worker-7: Importing Maven projects] INFO  o.e.m.c.i.e.AbstractTransferListenerAdapter - Downloaded https://repo.spring.io/milestone/io/micrometer/micrometer-tracing/1.5.1/micrometer-tracing-1.5.1.pom
2025-08-17 11:47:56,571 [Worker-7: Importing Maven projects] INFO  o.e.m.c.i.e.AbstractTransferListenerAdapter - Downloading https://repo.maven.apache.org/maven2/io/micrometer/micrometer-tracing/1.5.1/micrometer-tracing-1.5.1.pom
2025-08-17 11:47:56,606 [Worker-7: Importing Maven projects] INFO  o.e.m.c.i.e.AbstractTransferListenerAdapter - Downloaded https://repo.maven.apache.org/maven2/io/micrometer/micrometer-tracing/1.5.1/micrometer-tracing-1.5.1.pom
2025-08-17 11:47:56,862 [Worker-7: Importing Maven projects] INFO  o.e.m.c.i.e.AbstractTransferListenerAdapter - Downloaded https://repo.spring.io/milestone/io/micrometer/context-propagation/1.1.3/context-propagation-1.1.3.pom
2025-08-17 11:47:56,886 [Worker-7: Importing Maven projects] INFO  o.e.m.c.i.e.AbstractTransferListenerAdapter - Downloading https://repo.maven.apache.org/maven2/io/micrometer/context-propagation/1.1.3/context-propagation-1.1.3.pom
2025-08-17 11:47:56,920 [Worker-7: Importing Maven projects] INFO  o.e.m.c.i.e.AbstractTransferListenerAdapter - Downloaded https://repo.maven.apache.org/maven2/io/micrometer/context-propagation/1.1.3/context-propagation-1.1.3.pom
2025-08-17 11:47:57,174 [Worker-7: Importing Maven projects] INFO  o.e.m.c.i.e.AbstractTransferListenerAdapter - Downloaded https://repo.spring.io/milestone/io/opentelemetry/opentelemetry-api/1.49.0/opentelemetry-api-1.49.0.pom
2025-08-17 11:47:57,204 [Worker-7: Importing Maven projects] INFO  o.e.m.c.i.e.AbstractTransferListenerAdapter - Downloading https://repo.maven.apache.org/maven2/io/opentelemetry/opentelemetry-api/1.49.0/opentelemetry-api-1.49.0.pom
2025-08-17 11:47:57,267 [Worker-7: Importing Maven projects] INFO  o.e.m.c.i.e.AbstractTransferListenerAdapter - Downloaded https://repo.maven.apache.org/maven2/io/opentelemetry/opentelemetry-api/1.49.0/opentelemetry-api-1.49.0.pom
2025-08-17 11:47:57,523 [Worker-7: Importing Maven projects] INFO  o.e.m.c.i.e.AbstractTransferListenerAdapter - Downloaded https://repo.spring.io/milestone/io/opentelemetry/opentelemetry-context/1.49.0/opentelemetry-context-1.49.0.pom
2025-08-17 11:47:57,558 [Worker-7: Importing Maven projects] INFO  o.e.m.c.i.e.AbstractTransferListenerAdapter - Downloading https://repo.maven.apache.org/maven2/io/opentelemetry/opentelemetry-context/1.49.0/opentelemetry-context-1.49.0.pom
2025-08-17 11:47:57,596 [Worker-7: Importing Maven projects] INFO  o.e.m.c.i.e.AbstractTransferListenerAdapter - Downloaded https://repo.maven.apache.org/maven2/io/opentelemetry/opentelemetry-context/1.49.0/opentelemetry-context-1.49.0.pom
2025-08-17 11:47:57,942 [Worker-7: Importing Maven projects] INFO  o.e.m.c.i.e.AbstractTransferListenerAdapter - Downloaded https://repo.spring.io/milestone/io/opentelemetry/semconv/opentelemetry-semconv/1.32.0/opentelemetry-semconv-1.32.0.pom
2025-08-17 11:47:57,982 [Worker-7: Importing Maven projects] INFO  o.e.m.c.i.e.AbstractTransferListenerAdapter - Downloading https://repo.maven.apache.org/maven2/io/opentelemetry/semconv/opentelemetry-semconv/1.32.0/opentelemetry-semconv-1.32.0.pom
2025-08-17 11:47:58,018 [Worker-7: Importing Maven projects] INFO  o.e.m.c.i.e.AbstractTransferListenerAdapter - Downloaded https://repo.maven.apache.org/maven2/io/opentelemetry/semconv/opentelemetry-semconv/1.32.0/opentelemetry-semconv-1.32.0.pom
2025-08-17 11:47:58,319 [Worker-7: Importing Maven projects] INFO  o.e.m.c.i.e.AbstractTransferListenerAdapter - Downloaded https://repo.spring.io/milestone/io/opentelemetry/opentelemetry-sdk-common/1.49.0/opentelemetry-sdk-common-1.49.0.pom
2025-08-17 11:47:58,349 [Worker-7: Importing Maven projects] INFO  o.e.m.c.i.e.AbstractTransferListenerAdapter - Downloading https://repo.maven.apache.org/maven2/io/opentelemetry/opentelemetry-sdk-common/1.49.0/opentelemetry-sdk-common-1.49.0.pom
2025-08-17 11:47:58,402 [Worker-7: Importing Maven projects] INFO  o.e.m.c.i.e.AbstractTransferListenerAdapter - Downloaded https://repo.maven.apache.org/maven2/io/opentelemetry/opentelemetry-sdk-common/1.49.0/opentelemetry-sdk-common-1.49.0.pom
2025-08-17 11:47:58,679 [Worker-7: Importing Maven projects] INFO  o.e.m.c.i.e.AbstractTransferListenerAdapter - Downloaded https://repo.spring.io/milestone/io/opentelemetry/opentelemetry-sdk-trace/1.49.0/opentelemetry-sdk-trace-1.49.0.pom
2025-08-17 11:47:58,718 [Worker-7: Importing Maven projects] INFO  o.e.m.c.i.e.AbstractTransferListenerAdapter - Downloading https://repo.maven.apache.org/maven2/io/opentelemetry/opentelemetry-sdk-trace/1.49.0/opentelemetry-sdk-trace-1.49.0.pom
2025-08-17 11:47:58,795 [Worker-7: Importing Maven projects] INFO  o.e.m.c.i.e.AbstractTransferListenerAdapter - Downloaded https://repo.maven.apache.org/maven2/io/opentelemetry/opentelemetry-sdk-trace/1.49.0/opentelemetry-sdk-trace-1.49.0.pom
2025-08-17 11:47:59,051 [Worker-7: Importing Maven projects] INFO  o.e.m.c.i.e.AbstractTransferListenerAdapter - Downloaded https://repo.spring.io/milestone/io/opentelemetry/opentelemetry-sdk/1.49.0/opentelemetry-sdk-1.49.0.pom
2025-08-17 11:47:59,106 [Worker-7: Importing Maven projects] INFO  o.e.m.c.i.e.AbstractTransferListenerAdapter - Downloading https://repo.maven.apache.org/maven2/io/opentelemetry/opentelemetry-sdk/1.49.0/opentelemetry-sdk-1.49.0.pom
2025-08-17 11:47:59,179 [Worker-7: Importing Maven projects] INFO  o.e.m.c.i.e.AbstractTransferListenerAdapter - Downloaded https://repo.maven.apache.org/maven2/io/opentelemetry/opentelemetry-sdk/1.49.0/opentelemetry-sdk-1.49.0.pom
2025-08-17 11:47:59,442 [Worker-7: Importing Maven projects] INFO  o.e.m.c.i.e.AbstractTransferListenerAdapter - Downloaded https://repo.spring.io/milestone/io/opentelemetry/opentelemetry-sdk-metrics/1.49.0/opentelemetry-sdk-metrics-1.49.0.pom
2025-08-17 11:47:59,476 [Worker-7: Importing Maven projects] INFO  o.e.m.c.i.e.AbstractTransferListenerAdapter - Downloading https://repo.maven.apache.org/maven2/io/opentelemetry/opentelemetry-sdk-metrics/1.49.0/opentelemetry-sdk-metrics-1.49.0.pom
2025-08-17 11:47:59,511 [Worker-7: Importing Maven projects] INFO  o.e.m.c.i.e.AbstractTransferListenerAdapter - Downloaded https://repo.maven.apache.org/maven2/io/opentelemetry/opentelemetry-sdk-metrics/1.49.0/opentelemetry-sdk-metrics-1.49.0.pom
2025-08-17 11:47:59,775 [Worker-7: Importing Maven projects] INFO  o.e.m.c.i.e.AbstractTransferListenerAdapter - Downloaded https://repo.spring.io/milestone/io/opentelemetry/opentelemetry-sdk-logs/1.49.0/opentelemetry-sdk-logs-1.49.0.pom
2025-08-17 11:47:59,811 [Worker-7: Importing Maven projects] INFO  o.e.m.c.i.e.AbstractTransferListenerAdapter - Downloading https://repo.maven.apache.org/maven2/io/opentelemetry/opentelemetry-sdk-logs/1.49.0/opentelemetry-sdk-logs-1.49.0.pom
2025-08-17 11:47:59,857 [Worker-7: Importing Maven projects] INFO  o.e.m.c.i.e.AbstractTransferListenerAdapter - Downloaded https://repo.maven.apache.org/maven2/io/opentelemetry/opentelemetry-sdk-logs/1.49.0/opentelemetry-sdk-logs-1.49.0.pom
2025-08-17 11:48:00,113 [Worker-7: Importing Maven projects] INFO  o.e.m.c.i.e.AbstractTransferListenerAdapter - Downloaded https://repo.spring.io/milestone/io/opentelemetry/opentelemetry-extension-trace-propagators/1.49.0/opentelemetry-extension-trace-propagators-1.49.0.pom
2025-08-17 11:48:00,139 [Worker-7: Importing Maven projects] INFO  o.e.m.c.i.e.AbstractTransferListenerAdapter - Downloading https://repo.maven.apache.org/maven2/io/opentelemetry/opentelemetry-extension-trace-propagators/1.49.0/opentelemetry-extension-trace-propagators-1.49.0.pom
2025-08-17 11:48:00,182 [Worker-7: Importing Maven projects] INFO  o.e.m.c.i.e.AbstractTransferListenerAdapter - Downloaded https://repo.maven.apache.org/maven2/io/opentelemetry/opentelemetry-extension-trace-propagators/1.49.0/opentelemetry-extension-trace-propagators-1.49.0.pom
2025-08-17 11:48:00,438 [Worker-7: Importing Maven projects] INFO  o.e.m.c.i.e.AbstractTransferListenerAdapter - Downloaded https://repo.spring.io/milestone/io/opentelemetry/opentelemetry-exporter-zipkin/1.49.0/opentelemetry-exporter-zipkin-1.49.0.pom
2025-08-17 11:48:00,473 [Worker-7: Importing Maven projects] INFO  o.e.m.c.i.e.AbstractTransferListenerAdapter - Downloading https://repo.maven.apache.org/maven2/io/opentelemetry/opentelemetry-exporter-zipkin/1.49.0/opentelemetry-exporter-zipkin-1.49.0.pom
2025-08-17 11:48:00,525 [Worker-7: Importing Maven projects] INFO  o.e.m.c.i.e.AbstractTransferListenerAdapter - Downloaded https://repo.maven.apache.org/maven2/io/opentelemetry/opentelemetry-exporter-zipkin/1.49.0/opentelemetry-exporter-zipkin-1.49.0.pom
2025-08-17 11:48:00,768 [Worker-7: Importing Maven projects] INFO  o.e.m.c.i.e.AbstractTransferListenerAdapter - Downloaded https://repo.spring.io/milestone/io/zipkin/reporter2/zipkin-reporter/3.5.1/zipkin-reporter-3.5.1.pom
2025-08-17 11:48:00,826 [Worker-7: Importing Maven projects] INFO  o.e.m.c.i.e.AbstractTransferListenerAdapter - Downloading https://repo.maven.apache.org/maven2/io/zipkin/reporter2/zipkin-reporter/3.5.1/zipkin-reporter-3.5.1.pom
2025-08-17 11:48:00,872 [Worker-7: Importing Maven projects] INFO  o.e.m.c.i.e.AbstractTransferListenerAdapter - Downloaded https://repo.maven.apache.org/maven2/io/zipkin/reporter2/zipkin-reporter/3.5.1/zipkin-reporter-3.5.1.pom
2025-08-17 11:48:01,120 [Worker-7: Importing Maven projects] INFO  o.e.m.c.i.e.AbstractTransferListenerAdapter - Downloaded https://repo.spring.io/milestone/io/zipkin/reporter2/zipkin-reporter-parent/3.5.1/zipkin-reporter-parent-3.5.1.pom
2025-08-17 11:48:01,146 [Worker-7: Importing Maven projects] INFO  o.e.m.c.i.e.AbstractTransferListenerAdapter - Downloading https://repo.maven.apache.org/maven2/io/zipkin/reporter2/zipkin-reporter-parent/3.5.1/zipkin-reporter-parent-3.5.1.pom
2025-08-17 11:48:01,185 [Worker-7: Importing Maven projects] INFO  o.e.m.c.i.e.AbstractTransferListenerAdapter - Downloaded https://repo.maven.apache.org/maven2/io/zipkin/reporter2/zipkin-reporter-parent/3.5.1/zipkin-reporter-parent-3.5.1.pom
2025-08-17 11:48:01,440 [Worker-7: Importing Maven projects] INFO  o.e.m.c.i.e.AbstractTransferListenerAdapter - Downloaded https://repo.spring.io/milestone/io/opentelemetry/opentelemetry-exporter-common/1.49.0/opentelemetry-exporter-common-1.49.0.pom
2025-08-17 11:48:01,485 [Worker-7: Importing Maven projects] INFO  o.e.m.c.i.e.AbstractTransferListenerAdapter - Downloading https://repo.maven.apache.org/maven2/io/opentelemetry/opentelemetry-exporter-common/1.49.0/opentelemetry-exporter-common-1.49.0.pom
2025-08-17 11:48:01,522 [Worker-7: Importing Maven projects] INFO  o.e.m.c.i.e.AbstractTransferListenerAdapter - Downloaded https://repo.maven.apache.org/maven2/io/opentelemetry/opentelemetry-exporter-common/1.49.0/opentelemetry-exporter-common-1.49.0.pom
2025-08-17 11:48:01,778 [Worker-7: Importing Maven projects] INFO  o.e.m.c.i.e.AbstractTransferListenerAdapter - Downloaded https://repo.spring.io/milestone/io/opentelemetry/opentelemetry-sdk-extension-autoconfigure-spi/1.49.0/opentelemetry-sdk-extension-autoconfigure-spi-1.49.0.pom
2025-08-17 11:48:01,811 [Worker-7: Importing Maven projects] INFO  o.e.m.c.i.e.AbstractTransferListenerAdapter - Downloading https://repo.maven.apache.org/maven2/io/opentelemetry/opentelemetry-sdk-extension-autoconfigure-spi/1.49.0/opentelemetry-sdk-extension-autoconfigure-spi-1.49.0.pom
2025-08-17 11:48:01,898 [Worker-7: Importing Maven projects] INFO  o.e.m.c.i.e.AbstractTransferListenerAdapter - Downloaded https://repo.maven.apache.org/maven2/io/opentelemetry/opentelemetry-sdk-extension-autoconfigure-spi/1.49.0/opentelemetry-sdk-extension-autoconfigure-spi-1.49.0.pom
2025-08-17 11:48:02,152 [Worker-7: Importing Maven projects] INFO  o.e.m.c.i.e.AbstractTransferListenerAdapter - Downloaded https://repo.spring.io/milestone/io/zipkin/reporter2/zipkin-sender-okhttp3/3.5.1/zipkin-sender-okhttp3-3.5.1.pom
2025-08-17 11:48:02,183 [Worker-7: Importing Maven projects] INFO  o.e.m.c.i.e.AbstractTransferListenerAdapter - Downloading https://repo.maven.apache.org/maven2/io/zipkin/reporter2/zipkin-sender-okhttp3/3.5.1/zipkin-sender-okhttp3-3.5.1.pom
2025-08-17 11:48:02,485 [Worker-7: Importing Maven projects] INFO  o.e.m.c.i.e.AbstractTransferListenerAdapter - Downloaded https://repo.maven.apache.org/maven2/io/zipkin/reporter2/zipkin-sender-okhttp3/3.5.1/zipkin-sender-okhttp3-3.5.1.pom
2025-08-17 11:48:02,855 [Worker-7: Importing Maven projects] INFO  o.e.m.c.i.e.AbstractTransferListenerAdapter - Downloaded https://repo.spring.io/milestone/org/springdoc/springdoc-openapi-starter-webflux-ui/2.8.9/springdoc-openapi-starter-webflux-ui-2.8.9.pom
2025-08-17 11:48:02,904 [Worker-7: Importing Maven projects] INFO  o.e.m.c.i.e.AbstractTransferListenerAdapter - Downloading https://repo.maven.apache.org/maven2/org/springdoc/springdoc-openapi-starter-webflux-ui/2.8.9/springdoc-openapi-starter-webflux-ui-2.8.9.pom
2025-08-17 11:48:02,930 [Worker-7: Importing Maven projects] INFO  o.e.m.c.i.e.AbstractTransferListenerAdapter - Downloaded https://repo.maven.apache.org/maven2/org/springdoc/springdoc-openapi-starter-webflux-ui/2.8.9/springdoc-openapi-starter-webflux-ui-2.8.9.pom
2025-08-17 11:48:03,190 [Worker-7: Importing Maven projects] INFO  o.e.m.c.i.e.AbstractTransferListenerAdapter - Downloaded https://repo.spring.io/milestone/org/springdoc/springdoc-openapi/2.8.9/springdoc-openapi-2.8.9.pom
2025-08-17 11:48:03,220 [Worker-7: Importing Maven projects] INFO  o.e.m.c.i.e.AbstractTransferListenerAdapter - Downloading https://repo.maven.apache.org/maven2/org/springdoc/springdoc-openapi/2.8.9/springdoc-openapi-2.8.9.pom
2025-08-17 11:48:03,275 [Worker-7: Importing Maven projects] INFO  o.e.m.c.i.e.AbstractTransferListenerAdapter - Downloaded https://repo.maven.apache.org/maven2/org/springdoc/springdoc-openapi/2.8.9/springdoc-openapi-2.8.9.pom
2025-08-17 11:48:03,528 [Worker-7: Importing Maven projects] INFO  o.e.m.c.i.e.AbstractTransferListenerAdapter - Downloaded https://repo.spring.io/milestone/org/springframework/boot/spring-boot-starter-parent/3.5.0/spring-boot-starter-parent-3.5.0.pom
2025-08-17 11:48:03,591 [Worker-7: Importing Maven projects] INFO  o.e.m.c.i.e.AbstractTransferListenerAdapter - Downloading https://repo.maven.apache.org/maven2/org/springframework/boot/spring-boot-starter-parent/3.5.0/spring-boot-starter-parent-3.5.0.pom
2025-08-17 11:48:03,636 [Worker-7: Importing Maven projects] INFO  o.e.m.c.i.e.AbstractTransferListenerAdapter - Downloaded https://repo.maven.apache.org/maven2/org/springframework/boot/spring-boot-starter-parent/3.5.0/spring-boot-starter-parent-3.5.0.pom
2025-08-17 11:48:03,677 [Worker-7: Importing Maven projects] INFO  o.e.m.c.i.e.AbstractTransferListenerAdapter - Downloading https://repo.maven.apache.org/maven2/org/springframework/cloud/spring-cloud-function-dependencies/4.2.2/spring-cloud-function-dependencies-4.2.2.pom
2025-08-17 11:48:03,707 [Worker-7: Importing Maven projects] INFO  o.e.m.c.i.e.AbstractTransferListenerAdapter - Downloaded https://repo.maven.apache.org/maven2/org/springframework/cloud/spring-cloud-function-dependencies/4.2.2/spring-cloud-function-dependencies-4.2.2.pom
2025-08-17 11:48:03,730 [Worker-7: Importing Maven projects] INFO  o.e.m.c.i.e.AbstractTransferListenerAdapter - Downloading https://repo.maven.apache.org/maven2/org/springframework/cloud/spring-cloud-dependencies-parent/4.2.1/spring-cloud-dependencies-parent-4.2.1.pom
2025-08-17 11:48:03,767 [Worker-7: Importing Maven projects] INFO  o.e.m.c.i.e.AbstractTransferListenerAdapter - Downloaded https://repo.maven.apache.org/maven2/org/springframework/cloud/spring-cloud-dependencies-parent/4.2.1/spring-cloud-dependencies-parent-4.2.1.pom
2025-08-17 11:48:04,059 [Worker-7: Importing Maven projects] INFO  o.e.m.c.i.e.AbstractTransferListenerAdapter - Downloaded https://repo.spring.io/milestone/org/springdoc/springdoc-openapi-starter-webflux-api/2.8.9/springdoc-openapi-starter-webflux-api-2.8.9.pom
2025-08-17 11:48:04,098 [Worker-7: Importing Maven projects] INFO  o.e.m.c.i.e.AbstractTransferListenerAdapter - Downloading https://repo.maven.apache.org/maven2/org/springdoc/springdoc-openapi-starter-webflux-api/2.8.9/springdoc-openapi-starter-webflux-api-2.8.9.pom
2025-08-17 11:48:04,134 [Worker-7: Importing Maven projects] INFO  o.e.m.c.i.e.AbstractTransferListenerAdapter - Downloaded https://repo.maven.apache.org/maven2/org/springdoc/springdoc-openapi-starter-webflux-api/2.8.9/springdoc-openapi-starter-webflux-api-2.8.9.pom
2025-08-17 11:48:04,386 [Worker-7: Importing Maven projects] INFO  o.e.m.c.i.e.AbstractTransferListenerAdapter - Downloaded https://repo.spring.io/milestone/org/springdoc/springdoc-openapi-starter-common/2.8.9/springdoc-openapi-starter-common-2.8.9.pom
2025-08-17 11:48:04,438 [Worker-7: Importing Maven projects] INFO  o.e.m.c.i.e.AbstractTransferListenerAdapter - Downloading https://repo.maven.apache.org/maven2/org/springdoc/springdoc-openapi-starter-common/2.8.9/springdoc-openapi-starter-common-2.8.9.pom
2025-08-17 11:48:04,495 [Worker-7: Importing Maven projects] INFO  o.e.m.c.i.e.AbstractTransferListenerAdapter - Downloaded https://repo.maven.apache.org/maven2/org/springdoc/springdoc-openapi-starter-common/2.8.9/springdoc-openapi-starter-common-2.8.9.pom
2025-08-17 11:48:04,762 [Worker-7: Importing Maven projects] INFO  o.e.m.c.i.e.AbstractTransferListenerAdapter - Downloaded https://repo.spring.io/milestone/io/swagger/core/v3/swagger-core-jakarta/2.2.30/swagger-core-jakarta-2.2.30.pom
2025-08-17 11:48:04,808 [Worker-7: Importing Maven projects] INFO  o.e.m.c.i.e.AbstractTransferListenerAdapter - Downloading https://repo.maven.apache.org/maven2/io/swagger/core/v3/swagger-core-jakarta/2.2.30/swagger-core-jakarta-2.2.30.pom
2025-08-17 11:48:04,858 [Worker-7: Importing Maven projects] INFO  o.e.m.c.i.e.AbstractTransferListenerAdapter - Downloaded https://repo.maven.apache.org/maven2/io/swagger/core/v3/swagger-core-jakarta/2.2.30/swagger-core-jakarta-2.2.30.pom
2025-08-17 11:48:05,107 [Worker-7: Importing Maven projects] INFO  o.e.m.c.i.e.AbstractTransferListenerAdapter - Downloaded https://repo.spring.io/milestone/io/swagger/core/v3/swagger-project-jakarta/2.2.30/swagger-project-jakarta-2.2.30.pom
2025-08-17 11:48:05,140 [Worker-7: Importing Maven projects] INFO  o.e.m.c.i.e.AbstractTransferListenerAdapter - Downloading https://repo.maven.apache.org/maven2/io/swagger/core/v3/swagger-project-jakarta/2.2.30/swagger-project-jakarta-2.2.30.pom
2025-08-17 11:48:05,189 [Worker-7: Importing Maven projects] INFO  o.e.m.c.i.e.AbstractTransferListenerAdapter - Downloaded https://repo.maven.apache.org/maven2/io/swagger/core/v3/swagger-project-jakarta/2.2.30/swagger-project-jakarta-2.2.30.pom
2025-08-17 11:48:05,454 [Worker-7: Importing Maven projects] INFO  o.e.m.c.i.e.AbstractTransferListenerAdapter - Downloaded https://repo.spring.io/milestone/io/swagger/core/v3/swagger-annotations-jakarta/2.2.30/swagger-annotations-jakarta-2.2.30.pom
2025-08-17 11:48:05,473 [Worker-7: Importing Maven projects] INFO  o.e.m.c.i.e.AbstractTransferListenerAdapter - Downloading https://repo.maven.apache.org/maven2/io/swagger/core/v3/swagger-annotations-jakarta/2.2.30/swagger-annotations-jakarta-2.2.30.pom
2025-08-17 11:48:05,513 [Worker-7: Importing Maven projects] INFO  o.e.m.c.i.e.AbstractTransferListenerAdapter - Downloaded https://repo.maven.apache.org/maven2/io/swagger/core/v3/swagger-annotations-jakarta/2.2.30/swagger-annotations-jakarta-2.2.30.pom
2025-08-17 11:48:05,767 [Worker-7: Importing Maven projects] INFO  o.e.m.c.i.e.AbstractTransferListenerAdapter - Downloaded https://repo.spring.io/milestone/io/swagger/core/v3/swagger-models-jakarta/2.2.30/swagger-models-jakarta-2.2.30.pom
2025-08-17 11:48:05,830 [Worker-7: Importing Maven projects] INFO  o.e.m.c.i.e.AbstractTransferListenerAdapter - Downloading https://repo.maven.apache.org/maven2/io/swagger/core/v3/swagger-models-jakarta/2.2.30/swagger-models-jakarta-2.2.30.pom
2025-08-17 11:48:06,033 [Worker-7: Importing Maven projects] INFO  o.e.m.c.i.e.AbstractTransferListenerAdapter - Downloaded https://repo.maven.apache.org/maven2/io/swagger/core/v3/swagger-models-jakarta/2.2.30/swagger-models-jakarta-2.2.30.pom
2025-08-17 11:48:06,408 [Worker-7: Importing Maven projects] INFO  o.e.m.c.i.e.AbstractTransferListenerAdapter - Downloaded https://repo.spring.io/milestone/com/fasterxml/jackson/dataformat/jackson-dataformat-yaml/2.19.1/jackson-dataformat-yaml-2.19.1.pom
2025-08-17 11:48:06,433 [Worker-7: Importing Maven projects] INFO  o.e.m.c.i.e.AbstractTransferListenerAdapter - Downloading https://repo.maven.apache.org/maven2/com/fasterxml/jackson/dataformat/jackson-dataformat-yaml/2.19.1/jackson-dataformat-yaml-2.19.1.pom
2025-08-17 11:48:06,477 [Worker-7: Importing Maven projects] INFO  o.e.m.c.i.e.AbstractTransferListenerAdapter - Downloaded https://repo.maven.apache.org/maven2/com/fasterxml/jackson/dataformat/jackson-dataformat-yaml/2.19.1/jackson-dataformat-yaml-2.19.1.pom
2025-08-17 11:48:06,751 [Worker-7: Importing Maven projects] INFO  o.e.m.c.i.e.AbstractTransferListenerAdapter - Downloaded https://repo.spring.io/milestone/com/fasterxml/jackson/dataformat/jackson-dataformats-text/2.19.1/jackson-dataformats-text-2.19.1.pom
2025-08-17 11:48:06,917 [Worker-7: Importing Maven projects] INFO  o.e.m.c.i.e.AbstractTransferListenerAdapter - Downloading https://repo.maven.apache.org/maven2/com/fasterxml/jackson/dataformat/jackson-dataformats-text/2.19.1/jackson-dataformats-text-2.19.1.pom
2025-08-17 11:48:06,946 [Worker-7: Importing Maven projects] INFO  o.e.m.c.i.e.AbstractTransferListenerAdapter - Downloaded https://repo.maven.apache.org/maven2/com/fasterxml/jackson/dataformat/jackson-dataformats-text/2.19.1/jackson-dataformats-text-2.19.1.pom
2025-08-17 11:48:07,195 [Worker-7: Importing Maven projects] INFO  o.e.m.c.i.e.AbstractTransferListenerAdapter - Downloaded https://repo.spring.io/milestone/org/webjars/swagger-ui/5.21.0/swagger-ui-5.21.0.pom
2025-08-17 11:48:07,221 [Worker-7: Importing Maven projects] INFO  o.e.m.c.i.e.AbstractTransferListenerAdapter - Downloading https://repo.maven.apache.org/maven2/org/webjars/swagger-ui/5.21.0/swagger-ui-5.21.0.pom
2025-08-17 11:48:07,248 [Worker-7: Importing Maven projects] INFO  o.e.m.c.i.e.AbstractTransferListenerAdapter - Downloaded https://repo.maven.apache.org/maven2/org/webjars/swagger-ui/5.21.0/swagger-ui-5.21.0.pom
2025-08-17 11:48:07,495 [Worker-7: Importing Maven projects] INFO  o.e.m.c.i.e.AbstractTransferListenerAdapter - Downloaded https://repo.spring.io/milestone/org/webjars/webjars-locator-lite/1.1.0/webjars-locator-lite-1.1.0.pom
2025-08-17 11:48:07,526 [Worker-7: Importing Maven projects] INFO  o.e.m.c.i.e.AbstractTransferListenerAdapter - Downloading https://repo.maven.apache.org/maven2/org/webjars/webjars-locator-lite/1.1.0/webjars-locator-lite-1.1.0.pom
2025-08-17 11:48:07,581 [Worker-7: Importing Maven projects] INFO  o.e.m.c.i.e.AbstractTransferListenerAdapter - Downloaded https://repo.maven.apache.org/maven2/org/webjars/webjars-locator-lite/1.1.0/webjars-locator-lite-1.1.0.pom
2025-08-17 11:48:07,846 [Worker-7: Importing Maven projects] INFO  o.e.m.c.i.e.AbstractTransferListenerAdapter - Downloaded https://repo.spring.io/milestone/org/springframework/boot/spring-boot-starter-test/3.5.3/spring-boot-starter-test-3.5.3.pom
2025-08-17 11:48:07,878 [Worker-7: Importing Maven projects] INFO  o.e.m.c.i.e.AbstractTransferListenerAdapter - Downloading https://repo.maven.apache.org/maven2/org/springframework/boot/spring-boot-starter-test/3.5.3/spring-boot-starter-test-3.5.3.pom
2025-08-17 11:48:07,922 [Worker-7: Importing Maven projects] INFO  o.e.m.c.i.e.AbstractTransferListenerAdapter - Downloaded https://repo.maven.apache.org/maven2/org/springframework/boot/spring-boot-starter-test/3.5.3/spring-boot-starter-test-3.5.3.pom
2025-08-17 11:48:08,173 [Worker-7: Importing Maven projects] INFO  o.e.m.c.i.e.AbstractTransferListenerAdapter - Downloaded https://repo.spring.io/milestone/org/springframework/boot/spring-boot-test/3.5.3/spring-boot-test-3.5.3.pom
2025-08-17 11:48:08,196 [Worker-7: Importing Maven projects] INFO  o.e.m.c.i.e.AbstractTransferListenerAdapter - Downloading https://repo.maven.apache.org/maven2/org/springframework/boot/spring-boot-test/3.5.3/spring-boot-test-3.5.3.pom
2025-08-17 11:48:08,234 [Worker-7: Importing Maven projects] INFO  o.e.m.c.i.e.AbstractTransferListenerAdapter - Downloaded https://repo.maven.apache.org/maven2/org/springframework/boot/spring-boot-test/3.5.3/spring-boot-test-3.5.3.pom
2025-08-17 11:48:08,495 [Worker-7: Importing Maven projects] INFO  o.e.m.c.i.e.AbstractTransferListenerAdapter - Downloaded https://repo.spring.io/milestone/org/springframework/spring-test/6.2.8/spring-test-6.2.8.pom
2025-08-17 11:48:08,532 [Worker-7: Importing Maven projects] INFO  o.e.m.c.i.e.AbstractTransferListenerAdapter - Downloading https://repo.maven.apache.org/maven2/org/springframework/spring-test/6.2.8/spring-test-6.2.8.pom
2025-08-17 11:48:08,575 [Worker-7: Importing Maven projects] INFO  o.e.m.c.i.e.AbstractTransferListenerAdapter - Downloaded https://repo.maven.apache.org/maven2/org/springframework/spring-test/6.2.8/spring-test-6.2.8.pom
2025-08-17 11:48:08,826 [Worker-7: Importing Maven projects] INFO  o.e.m.c.i.e.AbstractTransferListenerAdapter - Downloaded https://repo.spring.io/milestone/org/springframework/boot/spring-boot-test-autoconfigure/3.5.3/spring-boot-test-autoconfigure-3.5.3.pom
2025-08-17 11:48:08,867 [Worker-7: Importing Maven projects] INFO  o.e.m.c.i.e.AbstractTransferListenerAdapter - Downloading https://repo.maven.apache.org/maven2/org/springframework/boot/spring-boot-test-autoconfigure/3.5.3/spring-boot-test-autoconfigure-3.5.3.pom
2025-08-17 11:48:08,908 [Worker-7: Importing Maven projects] INFO  o.e.m.c.i.e.AbstractTransferListenerAdapter - Downloaded https://repo.maven.apache.org/maven2/org/springframework/boot/spring-boot-test-autoconfigure/3.5.3/spring-boot-test-autoconfigure-3.5.3.pom
2025-08-17 11:48:09,307 [Worker-7: Importing Maven projects] INFO  o.e.m.c.i.e.AbstractTransferListenerAdapter - Downloaded https://repo.spring.io/milestone/org/xmlunit/xmlunit-core/2.10.2/xmlunit-core-2.10.2.pom
2025-08-17 11:48:09,327 [Worker-7: Importing Maven projects] INFO  o.e.m.c.i.e.AbstractTransferListenerAdapter - Downloading https://repo.maven.apache.org/maven2/org/xmlunit/xmlunit-core/2.10.2/xmlunit-core-2.10.2.pom
2025-08-17 11:48:09,357 [Worker-7: Importing Maven projects] INFO  o.e.m.c.i.e.AbstractTransferListenerAdapter - Downloaded https://repo.maven.apache.org/maven2/org/xmlunit/xmlunit-core/2.10.2/xmlunit-core-2.10.2.pom
2025-08-17 11:48:09,660 [Worker-7: Importing Maven projects] INFO  o.e.m.c.i.e.AbstractTransferListenerAdapter - Downloaded https://repo.spring.io/milestone/org/xmlunit/xmlunit-parent/2.10.2/xmlunit-parent-2.10.2.pom
2025-08-17 11:48:09,741 [Worker-7: Importing Maven projects] INFO  o.e.m.c.i.e.AbstractTransferListenerAdapter - Downloading https://repo.maven.apache.org/maven2/org/xmlunit/xmlunit-parent/2.10.2/xmlunit-parent-2.10.2.pom
2025-08-17 11:48:09,853 [Worker-7: Importing Maven projects] INFO  o.e.m.c.i.e.AbstractTransferListenerAdapter - Downloaded https://repo.maven.apache.org/maven2/org/xmlunit/xmlunit-parent/2.10.2/xmlunit-parent-2.10.2.pom
2025-08-17 11:48:11,283 [AetherRepositoryConnector-repo.spring.io-0-0] INFO  o.e.m.c.i.e.AbstractTransferListenerAdapter - Downloaded https://repo.spring.io/milestone/org/springframework/cloud/spring-cloud-starter-gateway-server-webflux/4.3.0/spring-cloud-starter-gateway-server-webflux-4.3.0.jar
2025-08-17 11:48:11,614 [AetherRepositoryConnector-repo.spring.io-0-0] INFO  o.e.m.c.i.e.AbstractTransferListenerAdapter - Downloaded https://repo.spring.io/milestone/org/springframework/boot/spring-boot-starter-webflux/3.5.3/spring-boot-starter-webflux-3.5.3.jar
2025-08-17 11:48:12,235 [AetherRepositoryConnector-repo.spring.io-0-0] INFO  o.e.m.c.i.e.AbstractTransferListenerAdapter - Downloaded https://repo.spring.io/milestone/org/springframework/boot/spring-boot-starter-json/3.5.3/spring-boot-starter-json-3.5.3.jar
2025-08-17 11:48:13,632 [AetherRepositoryConnector-repo.spring.io-0-1] INFO  o.e.m.c.i.e.AbstractTransferListenerAdapter - Downloaded https://repo.spring.io/milestone/org/springframework/security/spring-security-crypto/6.5.1/spring-security-crypto-6.5.1.jar
2025-08-17 11:48:14,061 [AetherRepositoryConnector-repo.spring.io-0-1] INFO  o.e.m.c.i.e.AbstractTransferListenerAdapter - Downloaded https://repo.spring.io/milestone/com/fasterxml/jackson/module/jackson-module-parameter-names/2.19.1/jackson-module-parameter-names-2.19.1.jar
2025-08-17 11:48:14,062 [AetherRepositoryConnector-repo.spring.io-0-4] INFO  o.e.m.c.i.e.AbstractTransferListenerAdapter - Downloaded https://repo.spring.io/milestone/org/apache/tomcat/embed/tomcat-embed-el/10.1.42/tomcat-embed-el-10.1.42.jar
2025-08-17 11:48:14,606 [AetherRepositoryConnector-repo.spring.io-0-3] INFO  o.e.m.c.i.e.AbstractTransferListenerAdapter - Downloaded https://repo.spring.io/milestone/org/springframework/boot/spring-boot-starter-validation/3.5.3/spring-boot-starter-validation-3.5.3.jar
2025-08-17 11:48:14,612 [AetherRepositoryConnector-repo.spring.io-0-4] INFO  o.e.m.c.i.e.AbstractTransferListenerAdapter - Downloaded https://repo.spring.io/milestone/io/projectreactor/netty/reactor-netty-http/1.2.7/reactor-netty-http-1.2.7.jar
2025-08-17 11:48:14,612 [AetherRepositoryConnector-repo.spring.io-0-1] INFO  o.e.m.c.i.e.AbstractTransferListenerAdapter - Downloaded https://repo.spring.io/milestone/org/springframework/boot/spring-boot-starter-reactor-netty/3.5.3/spring-boot-starter-reactor-netty-3.5.3.jar
2025-08-17 11:48:14,689 [AetherRepositoryConnector-repo.spring.io-0-0] INFO  o.e.m.c.i.e.AbstractTransferListenerAdapter - Downloaded https://repo.spring.io/milestone/com/fasterxml/jackson/datatype/jackson-datatype-jdk8/2.19.1/jackson-datatype-jdk8-2.19.1.jar
2025-08-17 11:48:15,112 [AetherRepositoryConnector-repo.spring.io-0-2] INFO  o.e.m.c.i.e.AbstractTransferListenerAdapter - Downloaded https://repo.spring.io/milestone/org/springframework/cloud/spring-cloud-gateway-server-webflux/4.3.0/spring-cloud-gateway-server-webflux-4.3.0.jar
2025-08-17 11:48:15,150 [AetherRepositoryConnector-repo.spring.io-0-3] INFO  o.e.m.c.i.e.AbstractTransferListenerAdapter - Downloaded https://repo.spring.io/milestone/io/netty/netty-codec-http/4.1.122.Final/netty-codec-http-4.1.122.Final.jar
2025-08-17 11:48:15,150 [AetherRepositoryConnector-repo.spring.io-0-1] INFO  o.e.m.c.i.e.AbstractTransferListenerAdapter - Downloaded https://repo.spring.io/milestone/io/netty/netty-buffer/4.1.122.Final/netty-buffer-4.1.122.Final.jar
2025-08-17 11:48:15,151 [AetherRepositoryConnector-repo.spring.io-0-4] INFO  o.e.m.c.i.e.AbstractTransferListenerAdapter - Downloaded https://repo.spring.io/milestone/io/netty/netty-common/4.1.122.Final/netty-common-4.1.122.Final.jar
2025-08-17 11:48:15,240 [AetherRepositoryConnector-repo.spring.io-0-0] INFO  o.e.m.c.i.e.AbstractTransferListenerAdapter - Downloaded https://repo.spring.io/milestone/io/netty/netty-transport/4.1.122.Final/netty-transport-4.1.122.Final.jar
2025-08-17 11:48:15,413 [AetherRepositoryConnector-repo.spring.io-0-2] INFO  o.e.m.c.i.e.AbstractTransferListenerAdapter - Downloaded https://repo.spring.io/milestone/io/netty/netty-codec/4.1.122.Final/netty-codec-4.1.122.Final.jar
2025-08-17 11:48:15,415 [AetherRepositoryConnector-repo.spring.io-0-1] INFO  o.e.m.c.i.e.AbstractTransferListenerAdapter - Downloaded https://repo.spring.io/milestone/io/netty/netty-codec-http2/4.1.122.Final/netty-codec-http2-4.1.122.Final.jar
2025-08-17 11:48:15,416 [AetherRepositoryConnector-repo.spring.io-0-4] INFO  o.e.m.c.i.e.AbstractTransferListenerAdapter - Downloaded https://repo.spring.io/milestone/io/netty/netty-resolver-dns/4.1.122.Final/netty-resolver-dns-4.1.122.Final.jar
2025-08-17 11:48:15,418 [AetherRepositoryConnector-repo.spring.io-0-3] INFO  o.e.m.c.i.e.AbstractTransferListenerAdapter - Downloaded https://repo.spring.io/milestone/io/netty/netty-handler/4.1.122.Final/netty-handler-4.1.122.Final.jar
2025-08-17 11:48:15,711 [AetherRepositoryConnector-repo.spring.io-0-0] INFO  o.e.m.c.i.e.AbstractTransferListenerAdapter - Downloaded https://repo.spring.io/milestone/io/netty/netty-resolver/4.1.122.Final/netty-resolver-4.1.122.Final.jar
2025-08-17 11:48:15,750 [AetherRepositoryConnector-repo.spring.io-0-1] INFO  o.e.m.c.i.e.AbstractTransferListenerAdapter - Downloaded https://repo.spring.io/milestone/io/netty/netty-resolver-dns-native-macos/4.1.122.Final/netty-resolver-dns-native-macos-4.1.122.Final-osx-x86_64.jar
2025-08-17 11:48:15,750 [AetherRepositoryConnector-repo.spring.io-0-2] INFO  o.e.m.c.i.e.AbstractTransferListenerAdapter - Downloaded https://repo.spring.io/milestone/io/netty/netty-codec-dns/4.1.122.Final/netty-codec-dns-4.1.122.Final.jar
2025-08-17 11:48:15,753 [AetherRepositoryConnector-repo.spring.io-0-3] INFO  o.e.m.c.i.e.AbstractTransferListenerAdapter - Downloaded https://repo.spring.io/milestone/io/netty/netty-transport-native-epoll/4.1.122.Final/netty-transport-native-epoll-4.1.122.Final-linux-x86_64.jar
2025-08-17 11:48:15,753 [AetherRepositoryConnector-repo.spring.io-0-4] INFO  o.e.m.c.i.e.AbstractTransferListenerAdapter - Downloaded https://repo.spring.io/milestone/io/netty/netty-resolver-dns-classes-macos/4.1.122.Final/netty-resolver-dns-classes-macos-4.1.122.Final.jar
2025-08-17 11:48:15,974 [AetherRepositoryConnector-repo.spring.io-0-0] INFO  o.e.m.c.i.e.AbstractTransferListenerAdapter - Downloaded https://repo.spring.io/milestone/io/netty/netty-transport-native-unix-common/4.1.122.Final/netty-transport-native-unix-common-4.1.122.Final.jar
2025-08-17 11:48:16,007 [AetherRepositoryConnector-repo.spring.io-0-1] INFO  o.e.m.c.i.e.AbstractTransferListenerAdapter - Downloaded https://repo.spring.io/milestone/io/netty/netty-transport-classes-epoll/4.1.122.Final/netty-transport-classes-epoll-4.1.122.Final.jar
2025-08-17 11:48:16,009 [AetherRepositoryConnector-repo.spring.io-0-2] INFO  o.e.m.c.i.e.AbstractTransferListenerAdapter - Downloaded https://repo.spring.io/milestone/io/projectreactor/netty/reactor-netty-core/1.2.7/reactor-netty-core-1.2.7.jar
2025-08-17 11:48:16,009 [AetherRepositoryConnector-repo.spring.io-0-3] INFO  o.e.m.c.i.e.AbstractTransferListenerAdapter - Downloaded https://repo.spring.io/milestone/io/netty/netty-handler-proxy/4.1.122.Final/netty-handler-proxy-4.1.122.Final.jar
2025-08-17 11:48:16,012 [AetherRepositoryConnector-repo.spring.io-0-4] INFO  o.e.m.c.i.e.AbstractTransferListenerAdapter - Downloaded https://repo.spring.io/milestone/io/netty/netty-codec-socks/4.1.122.Final/netty-codec-socks-4.1.122.Final.jar
2025-08-17 11:48:16,221 [AetherRepositoryConnector-repo.spring.io-0-0] INFO  o.e.m.c.i.e.AbstractTransferListenerAdapter - Downloaded https://repo.spring.io/milestone/org/springframework/spring-web/6.2.8/spring-web-6.2.8.jar
2025-08-17 11:48:16,234 [AetherRepositoryConnector-repo.spring.io-0-1] INFO  o.e.m.c.i.e.AbstractTransferListenerAdapter - Downloaded https://repo.spring.io/milestone/org/springframework/spring-beans/6.2.8/spring-beans-6.2.8.jar
2025-08-17 11:48:16,237 [AetherRepositoryConnector-repo.spring.io-0-2] INFO  o.e.m.c.i.e.AbstractTransferListenerAdapter - Downloaded https://repo.spring.io/milestone/org/springframework/spring-webflux/6.2.8/spring-webflux-6.2.8.jar
2025-08-17 11:48:16,243 [AetherRepositoryConnector-repo.spring.io-0-3] INFO  o.e.m.c.i.e.AbstractTransferListenerAdapter - Downloaded https://repo.spring.io/milestone/io/projectreactor/reactor-core/3.7.7/reactor-core-3.7.7.jar
2025-08-17 11:48:16,243 [AetherRepositoryConnector-repo.spring.io-0-4] INFO  o.e.m.c.i.e.AbstractTransferListenerAdapter - Downloaded https://repo.spring.io/milestone/org/springframework/boot/spring-boot-properties-migrator/3.5.3/spring-boot-properties-migrator-3.5.3.jar
2025-08-17 11:48:16,480 [AetherRepositoryConnector-repo.spring.io-0-0] INFO  o.e.m.c.i.e.AbstractTransferListenerAdapter - Downloaded https://repo.spring.io/milestone/org/springframework/boot/spring-boot/3.5.3/spring-boot-3.5.3.jar
2025-08-17 11:48:16,482 [AetherRepositoryConnector-repo.spring.io-0-1] INFO  o.e.m.c.i.e.AbstractTransferListenerAdapter - Downloaded https://repo.spring.io/milestone/org/springframework/spring-context/6.2.8/spring-context-6.2.8.jar
2025-08-17 11:48:16,503 [AetherRepositoryConnector-repo.spring.io-0-2] INFO  o.e.m.c.i.e.AbstractTransferListenerAdapter - Downloaded https://repo.spring.io/milestone/org/springframework/spring-aop/6.2.8/spring-aop-6.2.8.jar
2025-08-17 11:48:16,507 [AetherRepositoryConnector-repo.spring.io-0-4] INFO  o.e.m.c.i.e.AbstractTransferListenerAdapter - Downloaded https://repo.spring.io/milestone/org/springframework/boot/spring-boot-configuration-metadata/3.5.3/spring-boot-configuration-metadata-3.5.3.jar
2025-08-17 11:48:16,507 [AetherRepositoryConnector-repo.spring.io-0-3] INFO  o.e.m.c.i.e.AbstractTransferListenerAdapter - Downloaded https://repo.spring.io/milestone/org/springframework/spring-expression/6.2.8/spring-expression-6.2.8.jar
2025-08-17 11:48:16,736 [AetherRepositoryConnector-repo.spring.io-0-1] INFO  o.e.m.c.i.e.AbstractTransferListenerAdapter - Downloaded https://repo.spring.io/milestone/org/springframework/boot/spring-boot-starter/3.5.3/spring-boot-starter-3.5.3.jar
2025-08-17 11:48:16,737 [AetherRepositoryConnector-repo.spring.io-0-0] INFO  o.e.m.c.i.e.AbstractTransferListenerAdapter - Downloaded https://repo.spring.io/milestone/org/springframework/boot/spring-boot-starter-actuator/3.5.3/spring-boot-starter-actuator-3.5.3.jar
2025-08-17 11:48:16,752 [AetherRepositoryConnector-repo.spring.io-0-2] INFO  o.e.m.c.i.e.AbstractTransferListenerAdapter - Downloaded https://repo.spring.io/milestone/org/springframework/boot/spring-boot-autoconfigure/3.5.3/spring-boot-autoconfigure-3.5.3.jar
2025-08-17 11:48:16,760 [AetherRepositoryConnector-repo.spring.io-0-4] INFO  o.e.m.c.i.e.AbstractTransferListenerAdapter - Downloaded https://repo.spring.io/milestone/org/springframework/boot/spring-boot-starter-logging/3.5.3/spring-boot-starter-logging-3.5.3.jar
2025-08-17 11:48:16,769 [AetherRepositoryConnector-repo.spring.io-0-3] INFO  o.e.m.c.i.e.AbstractTransferListenerAdapter - Downloaded https://repo.spring.io/milestone/org/springframework/boot/spring-boot-actuator-autoconfigure/3.5.3/spring-boot-actuator-autoconfigure-3.5.3.jar
2025-08-17 11:48:16,986 [AetherRepositoryConnector-repo.spring.io-0-1] INFO  o.e.m.c.i.e.AbstractTransferListenerAdapter - Downloaded https://repo.spring.io/milestone/org/springframework/boot/spring-boot-actuator/3.5.3/spring-boot-actuator-3.5.3.jar
2025-08-17 11:48:16,993 [AetherRepositoryConnector-repo.spring.io-0-0] INFO  o.e.m.c.i.e.AbstractTransferListenerAdapter - Downloaded https://repo.spring.io/milestone/com/fasterxml/jackson/core/jackson-databind/2.19.1/jackson-databind-2.19.1.jar
2025-08-17 11:48:16,993 [AetherRepositoryConnector-repo.spring.io-0-2] INFO  o.e.m.c.i.e.AbstractTransferListenerAdapter - Downloaded https://repo.spring.io/milestone/com/fasterxml/jackson/core/jackson-annotations/2.19.1/jackson-annotations-2.19.1.jar
2025-08-17 11:48:17,022 [AetherRepositoryConnector-repo.spring.io-0-4] INFO  o.e.m.c.i.e.AbstractTransferListenerAdapter - Downloaded https://repo.spring.io/milestone/com/fasterxml/jackson/core/jackson-core/2.19.1/jackson-core-2.19.1.jar
2025-08-17 11:48:17,025 [AetherRepositoryConnector-repo.spring.io-0-3] INFO  o.e.m.c.i.e.AbstractTransferListenerAdapter - Downloaded https://repo.spring.io/milestone/com/fasterxml/jackson/datatype/jackson-datatype-jsr310/2.19.1/jackson-datatype-jsr310-2.19.1.jar
2025-08-17 11:48:17,258 [AetherRepositoryConnector-repo.spring.io-0-1] INFO  o.e.m.c.i.e.AbstractTransferListenerAdapter - Downloaded https://repo.spring.io/milestone/io/micrometer/micrometer-observation/1.15.1/micrometer-observation-1.15.1.jar
2025-08-17 11:48:17,262 [AetherRepositoryConnector-repo.spring.io-0-0] INFO  o.e.m.c.i.e.AbstractTransferListenerAdapter - Downloaded https://repo.spring.io/milestone/io/micrometer/micrometer-commons/1.15.1/micrometer-commons-1.15.1.jar
2025-08-17 11:48:17,270 [AetherRepositoryConnector-repo.spring.io-0-2] INFO  o.e.m.c.i.e.AbstractTransferListenerAdapter - Downloaded https://repo.spring.io/milestone/io/micrometer/micrometer-jakarta9/1.15.1/micrometer-jakarta9-1.15.1.jar
2025-08-17 11:48:17,294 [AetherRepositoryConnector-repo.spring.io-0-4] INFO  o.e.m.c.i.e.AbstractTransferListenerAdapter - Downloaded https://repo.spring.io/milestone/io/micrometer/micrometer-registry-prometheus/1.15.1/micrometer-registry-prometheus-1.15.1.jar
2025-08-17 11:48:17,297 [AetherRepositoryConnector-repo.spring.io-0-3] INFO  o.e.m.c.i.e.AbstractTransferListenerAdapter - Downloaded https://repo.spring.io/milestone/io/micrometer/micrometer-core/1.15.1/micrometer-core-1.15.1.jar
2025-08-17 11:48:17,510 [AetherRepositoryConnector-repo.spring.io-0-0] INFO  o.e.m.c.i.e.AbstractTransferListenerAdapter - Downloaded https://repo.spring.io/milestone/io/prometheus/prometheus-metrics-model/1.3.8/prometheus-metrics-model-1.3.8.jar
2025-08-17 11:48:17,510 [AetherRepositoryConnector-repo.spring.io-0-1] INFO  o.e.m.c.i.e.AbstractTransferListenerAdapter - Downloaded https://repo.spring.io/milestone/io/prometheus/prometheus-metrics-core/1.3.8/prometheus-metrics-core-1.3.8.jar
2025-08-17 11:48:17,517 [AetherRepositoryConnector-repo.spring.io-0-2] INFO  o.e.m.c.i.e.AbstractTransferListenerAdapter - Downloaded https://repo.spring.io/milestone/io/prometheus/prometheus-metrics-config/1.3.8/prometheus-metrics-config-1.3.8.jar
2025-08-17 11:48:17,531 [AetherRepositoryConnector-repo.spring.io-0-4] INFO  o.e.m.c.i.e.AbstractTransferListenerAdapter - Downloaded https://repo.spring.io/milestone/io/prometheus/prometheus-metrics-tracer-common/1.3.8/prometheus-metrics-tracer-common-1.3.8.jar
2025-08-17 11:48:17,533 [AetherRepositoryConnector-repo.spring.io-0-3] INFO  o.e.m.c.i.e.AbstractTransferListenerAdapter - Downloaded https://repo.spring.io/milestone/io/prometheus/prometheus-metrics-exposition-formats/1.3.8/prometheus-metrics-exposition-formats-1.3.8.jar
2025-08-17 11:48:17,764 [AetherRepositoryConnector-repo.spring.io-0-0] INFO  o.e.m.c.i.e.AbstractTransferListenerAdapter - Downloaded https://repo.spring.io/milestone/io/prometheus/prometheus-metrics-exposition-formats-no-protobuf/1.3.8/prometheus-metrics-exposition-formats-no-protobuf-1.3.8.jar
2025-08-17 11:48:17,768 [AetherRepositoryConnector-repo.spring.io-0-1] INFO  o.e.m.c.i.e.AbstractTransferListenerAdapter - Downloaded https://repo.spring.io/milestone/io/prometheus/prometheus-metrics-exposition-textformats/1.3.8/prometheus-metrics-exposition-textformats-1.3.8.jar
2025-08-17 11:48:17,815 [AetherRepositoryConnector-repo.spring.io-0-2] INFO  o.e.m.c.i.e.AbstractTransferListenerAdapter - Downloaded https://repo.spring.io/milestone/com/google/protobuf/protobuf-java/4.31.0/protobuf-java-4.31.0.jar
2025-08-17 11:48:17,847 [AetherRepositoryConnector-repo.spring.io-0-4] INFO  o.e.m.c.i.e.AbstractTransferListenerAdapter - Downloaded https://repo.spring.io/milestone/io/micrometer/micrometer-tracing-bridge-otel/1.5.1/micrometer-tracing-bridge-otel-1.5.1.jar
2025-08-17 11:48:17,849 [AetherRepositoryConnector-repo.spring.io-0-3] INFO  o.e.m.c.i.e.AbstractTransferListenerAdapter - Downloaded https://repo.spring.io/milestone/io/micrometer/micrometer-tracing/1.5.1/micrometer-tracing-1.5.1.jar
2025-08-17 11:48:18,086 [AetherRepositoryConnector-repo.spring.io-0-1] INFO  o.e.m.c.i.e.AbstractTransferListenerAdapter - Downloaded https://repo.spring.io/milestone/io/opentelemetry/opentelemetry-api/1.49.0/opentelemetry-api-1.49.0.jar
2025-08-17 11:48:18,086 [AetherRepositoryConnector-repo.spring.io-0-0] INFO  o.e.m.c.i.e.AbstractTransferListenerAdapter - Downloaded https://repo.spring.io/milestone/io/micrometer/context-propagation/1.1.3/context-propagation-1.1.3.jar
2025-08-17 11:48:18,275 [AetherRepositoryConnector-repo.spring.io-0-4] INFO  o.e.m.c.i.e.AbstractTransferListenerAdapter - Downloaded https://repo.spring.io/milestone/io/opentelemetry/semconv/opentelemetry-semconv/1.32.0/opentelemetry-semconv-1.32.0.jar
2025-08-17 11:48:18,275 [AetherRepositoryConnector-repo.spring.io-0-3] INFO  o.e.m.c.i.e.AbstractTransferListenerAdapter - Downloaded https://repo.spring.io/milestone/io/opentelemetry/opentelemetry-sdk-common/1.49.0/opentelemetry-sdk-common-1.49.0.jar
2025-08-17 11:48:18,275 [AetherRepositoryConnector-repo.spring.io-0-2] INFO  o.e.m.c.i.e.AbstractTransferListenerAdapter - Downloaded https://repo.spring.io/milestone/io/opentelemetry/opentelemetry-context/1.49.0/opentelemetry-context-1.49.0.jar
2025-08-17 11:48:18,319 [AetherRepositoryConnector-repo.spring.io-0-0] INFO  o.e.m.c.i.e.AbstractTransferListenerAdapter - Downloaded https://repo.spring.io/milestone/io/opentelemetry/opentelemetry-sdk/1.49.0/opentelemetry-sdk-1.49.0.jar
2025-08-17 11:48:18,326 [AetherRepositoryConnector-repo.spring.io-0-1] INFO  o.e.m.c.i.e.AbstractTransferListenerAdapter - Downloaded https://repo.spring.io/milestone/io/opentelemetry/opentelemetry-sdk-trace/1.49.0/opentelemetry-sdk-trace-1.49.0.jar
2025-08-17 11:48:18,636 [AetherRepositoryConnector-repo.spring.io-0-2] INFO  o.e.m.c.i.e.AbstractTransferListenerAdapter - Downloaded https://repo.spring.io/milestone/io/opentelemetry/opentelemetry-extension-trace-propagators/1.49.0/opentelemetry-extension-trace-propagators-1.49.0.jar
2025-08-17 11:48:18,636 [AetherRepositoryConnector-repo.spring.io-0-4] INFO  o.e.m.c.i.e.AbstractTransferListenerAdapter - Downloaded https://repo.spring.io/milestone/io/opentelemetry/opentelemetry-sdk-metrics/1.49.0/opentelemetry-sdk-metrics-1.49.0.jar
2025-08-17 11:48:18,636 [AetherRepositoryConnector-repo.spring.io-0-3] INFO  o.e.m.c.i.e.AbstractTransferListenerAdapter - Downloaded https://repo.spring.io/milestone/io/opentelemetry/opentelemetry-sdk-logs/1.49.0/opentelemetry-sdk-logs-1.49.0.jar
2025-08-17 11:48:18,636 [AetherRepositoryConnector-repo.spring.io-0-0] INFO  o.e.m.c.i.e.AbstractTransferListenerAdapter - Downloaded https://repo.spring.io/milestone/io/opentelemetry/opentelemetry-exporter-zipkin/1.49.0/opentelemetry-exporter-zipkin-1.49.0.jar
2025-08-17 11:48:18,636 [AetherRepositoryConnector-repo.spring.io-0-1] INFO  o.e.m.c.i.e.AbstractTransferListenerAdapter - Downloaded https://repo.spring.io/milestone/io/zipkin/reporter2/zipkin-reporter/3.5.1/zipkin-reporter-3.5.1.jar
2025-08-17 11:48:19,100 [AetherRepositoryConnector-repo.spring.io-0-0] INFO  o.e.m.c.i.e.AbstractTransferListenerAdapter - Downloaded https://repo.spring.io/milestone/org/springdoc/springdoc-openapi-starter-webflux-ui/2.8.9/springdoc-openapi-starter-webflux-ui-2.8.9.jar
2025-08-17 11:48:19,100 [AetherRepositoryConnector-repo.spring.io-0-1] INFO  o.e.m.c.i.e.AbstractTransferListenerAdapter - Downloaded https://repo.spring.io/milestone/org/springdoc/springdoc-openapi-starter-webflux-api/2.8.9/springdoc-openapi-starter-webflux-api-2.8.9.jar
2025-08-17 11:48:19,101 [AetherRepositoryConnector-repo.spring.io-0-2] INFO  o.e.m.c.i.e.AbstractTransferListenerAdapter - Downloaded https://repo.spring.io/milestone/io/opentelemetry/opentelemetry-exporter-common/1.49.0/opentelemetry-exporter-common-1.49.0.jar
2025-08-17 11:48:19,212 [AetherRepositoryConnector-repo.spring.io-0-3] INFO  o.e.m.c.i.e.AbstractTransferListenerAdapter - Downloaded https://repo.spring.io/milestone/io/zipkin/reporter2/zipkin-sender-okhttp3/3.5.1/zipkin-sender-okhttp3-3.5.1.jar
2025-08-17 11:48:19,374 [AetherRepositoryConnector-repo.spring.io-0-2] INFO  o.e.m.c.i.e.AbstractTransferListenerAdapter - Downloaded https://repo.spring.io/milestone/io/swagger/core/v3/swagger-annotations-jakarta/2.2.30/swagger-annotations-jakarta-2.2.30.jar
2025-08-17 11:48:19,374 [AetherRepositoryConnector-repo.spring.io-0-1] INFO  o.e.m.c.i.e.AbstractTransferListenerAdapter - Downloaded https://repo.spring.io/milestone/io/swagger/core/v3/swagger-core-jakarta/2.2.30/swagger-core-jakarta-2.2.30.jar
2025-08-17 11:48:19,399 [AetherRepositoryConnector-repo.spring.io-0-0] INFO  o.e.m.c.i.e.AbstractTransferListenerAdapter - Downloaded https://repo.spring.io/milestone/org/springdoc/springdoc-openapi-starter-common/2.8.9/springdoc-openapi-starter-common-2.8.9.jar
2025-08-17 11:48:19,548 [AetherRepositoryConnector-repo.spring.io-0-4] INFO  o.e.m.c.i.e.AbstractTransferListenerAdapter - Downloaded https://repo.spring.io/milestone/io/opentelemetry/opentelemetry-sdk-extension-autoconfigure-spi/1.49.0/opentelemetry-sdk-extension-autoconfigure-spi-1.49.0.jar
2025-08-17 11:48:19,623 [AetherRepositoryConnector-repo.spring.io-0-2] INFO  o.e.m.c.i.e.AbstractTransferListenerAdapter - Downloaded https://repo.spring.io/milestone/com/fasterxml/jackson/dataformat/jackson-dataformat-yaml/2.19.1/jackson-dataformat-yaml-2.19.1.jar
2025-08-17 11:48:19,624 [AetherRepositoryConnector-repo.spring.io-0-1] INFO  o.e.m.c.i.e.AbstractTransferListenerAdapter - Downloaded https://repo.spring.io/milestone/org/webjars/swagger-ui/5.21.0/swagger-ui-5.21.0.jar
2025-08-17 11:48:19,663 [AetherRepositoryConnector-repo.spring.io-0-0] INFO  o.e.m.c.i.e.AbstractTransferListenerAdapter - Downloaded https://repo.spring.io/milestone/org/webjars/webjars-locator-lite/1.1.0/webjars-locator-lite-1.1.0.jar
2025-08-17 11:48:19,900 [AetherRepositoryConnector-repo.spring.io-0-4] INFO  o.e.m.c.i.e.AbstractTransferListenerAdapter - Downloaded https://repo.spring.io/milestone/org/springframework/boot/spring-boot-starter-test/3.5.3/spring-boot-starter-test-3.5.3.jar
2025-08-17 11:48:19,927 [AetherRepositoryConnector-repo.spring.io-0-1] INFO  o.e.m.c.i.e.AbstractTransferListenerAdapter - Downloaded https://repo.spring.io/milestone/org/springframework/boot/spring-boot-test-autoconfigure/3.5.3/spring-boot-test-autoconfigure-3.5.3.jar
2025-08-17 11:48:19,927 [AetherRepositoryConnector-repo.spring.io-0-2] INFO  o.e.m.c.i.e.AbstractTransferListenerAdapter - Downloaded https://repo.spring.io/milestone/org/springframework/boot/spring-boot-test/3.5.3/spring-boot-test-3.5.3.jar
2025-08-17 11:48:19,963 [AetherRepositoryConnector-repo.spring.io-0-0] INFO  o.e.m.c.i.e.AbstractTransferListenerAdapter - Downloaded https://repo.spring.io/milestone/org/springframework/spring-core/6.2.8/spring-core-6.2.8.jar
2025-08-17 11:48:20,242 [AetherRepositoryConnector-repo.spring.io-0-4] INFO  o.e.m.c.i.e.AbstractTransferListenerAdapter - Downloaded https://repo.spring.io/milestone/org/springframework/spring-jcl/6.2.8/spring-jcl-6.2.8.jar
2025-08-17 11:48:20,358 [AetherRepositoryConnector-repo.spring.io-0-2] INFO  o.e.m.c.i.e.AbstractTransferListenerAdapter - Downloaded https://repo.spring.io/milestone/org/xmlunit/xmlunit-core/2.10.2/xmlunit-core-2.10.2.jar
2025-08-17 11:48:21,094 [AetherRepositoryConnector-repo.spring.io-0-1] INFO  o.e.m.c.i.e.AbstractTransferListenerAdapter - Downloaded https://repo.spring.io/milestone/org/springframework/spring-test/6.2.8/spring-test-6.2.8.jar
2025-08-17 11:48:29,765 [AetherRepositoryConnector-repo.spring.io-0-3] INFO  o.e.m.c.i.e.AbstractTransferListenerAdapter - Downloaded https://repo.spring.io/milestone/io/swagger/core/v3/swagger-models-jakarta/2.2.30/swagger-models-jakarta-2.2.30.jar
2025-08-17 11:48:30,280 [AetherRepositoryConnector-repo.maven.apache.org-1-0] INFO  o.e.m.c.i.e.AbstractTransferListenerAdapter - Downloading https://repo.maven.apache.org/maven2/org/springframework/cloud/spring-cloud-starter-gateway-server-webflux/4.3.0/spring-cloud-starter-gateway-server-webflux-4.3.0.jar
2025-08-17 11:48:30,578 [AetherRepositoryConnector-repo.maven.apache.org-1-4] INFO  o.e.m.c.i.e.AbstractTransferListenerAdapter - Downloading https://repo.maven.apache.org/maven2/org/apache/tomcat/embed/tomcat-embed-el/10.1.42/tomcat-embed-el-10.1.42.jar
2025-08-17 11:48:30,712 [AetherRepositoryConnector-repo.maven.apache.org-1-1] INFO  o.e.m.c.i.e.AbstractTransferListenerAdapter - Downloading https://repo.maven.apache.org/maven2/org/springframework/security/spring-security-crypto/6.5.1/spring-security-crypto-6.5.1.jar
2025-08-17 11:48:34,312 [AetherRepositoryConnector-repo.maven.apache.org-1-3] INFO  o.e.m.c.i.e.AbstractTransferListenerAdapter - Downloading https://repo.maven.apache.org/maven2/org/springframework/boot/spring-boot-starter-validation/3.5.3/spring-boot-starter-validation-3.5.3.jar
2025-08-17 11:48:34,312 [AetherRepositoryConnector-repo.maven.apache.org-1-2] INFO  o.e.m.c.i.e.AbstractTransferListenerAdapter - Downloading https://repo.maven.apache.org/maven2/org/springframework/cloud/spring-cloud-gateway-server-webflux/4.3.0/spring-cloud-gateway-server-webflux-4.3.0.jar
2025-08-17 11:48:34,331 [AetherRepositoryConnector-repo.maven.apache.org-1-0] INFO  o.e.m.c.i.e.AbstractTransferListenerAdapter - Downloaded https://repo.maven.apache.org/maven2/org/springframework/cloud/spring-cloud-starter-gateway-server-webflux/4.3.0/spring-cloud-starter-gateway-server-webflux-4.3.0.jar
2025-08-17 11:48:35,380 [AetherRepositoryConnector-repo.maven.apache.org-1-0] INFO  o.e.m.c.i.e.AbstractTransferListenerAdapter - Downloading https://repo.maven.apache.org/maven2/org/springframework/boot/spring-boot-starter-webflux/3.5.3/spring-boot-starter-webflux-3.5.3.jar
2025-08-17 11:48:35,397 [AetherRepositoryConnector-repo.maven.apache.org-1-1] INFO  o.e.m.c.i.e.AbstractTransferListenerAdapter - Downloaded https://repo.maven.apache.org/maven2/org/springframework/security/spring-security-crypto/6.5.1/spring-security-crypto-6.5.1.jar
2025-08-17 11:48:35,401 [AetherRepositoryConnector-repo.maven.apache.org-1-3] INFO  o.e.m.c.i.e.AbstractTransferListenerAdapter - Downloaded https://repo.maven.apache.org/maven2/org/springframework/boot/spring-boot-starter-validation/3.5.3/spring-boot-starter-validation-3.5.3.jar
2025-08-17 11:48:35,405 [AetherRepositoryConnector-repo.maven.apache.org-1-2] INFO  o.e.m.c.i.e.AbstractTransferListenerAdapter - Downloaded https://repo.maven.apache.org/maven2/org/springframework/cloud/spring-cloud-gateway-server-webflux/4.3.0/spring-cloud-gateway-server-webflux-4.3.0.jar
2025-08-17 11:48:35,427 [AetherRepositoryConnector-repo.maven.apache.org-1-0] INFO  o.e.m.c.i.e.AbstractTransferListenerAdapter - Downloaded https://repo.maven.apache.org/maven2/org/springframework/boot/spring-boot-starter-webflux/3.5.3/spring-boot-starter-webflux-3.5.3.jar
2025-08-17 11:48:35,514 [AetherRepositoryConnector-repo.maven.apache.org-1-1] INFO  o.e.m.c.i.e.AbstractTransferListenerAdapter - Downloading https://repo.maven.apache.org/maven2/org/springframework/boot/spring-boot-starter-json/3.5.3/spring-boot-starter-json-3.5.3.jar
2025-08-17 11:48:35,521 [AetherRepositoryConnector-repo.maven.apache.org-1-3] INFO  o.e.m.c.i.e.AbstractTransferListenerAdapter - Downloading https://repo.maven.apache.org/maven2/com/fasterxml/jackson/datatype/jackson-datatype-jdk8/2.19.1/jackson-datatype-jdk8-2.19.1.jar
2025-08-17 11:48:35,521 [AetherRepositoryConnector-repo.maven.apache.org-1-2] INFO  o.e.m.c.i.e.AbstractTransferListenerAdapter - Downloading https://repo.maven.apache.org/maven2/com/fasterxml/jackson/module/jackson-module-parameter-names/2.19.1/jackson-module-parameter-names-2.19.1.jar
2025-08-17 11:48:35,564 [AetherRepositoryConnector-repo.maven.apache.org-1-4] INFO  o.e.m.c.i.e.AbstractTransferListenerAdapter - Downloaded https://repo.maven.apache.org/maven2/org/apache/tomcat/embed/tomcat-embed-el/10.1.42/tomcat-embed-el-10.1.42.jar
2025-08-17 11:48:35,602 [AetherRepositoryConnector-repo.maven.apache.org-1-0] INFO  o.e.m.c.i.e.AbstractTransferListenerAdapter - Downloading https://repo.maven.apache.org/maven2/org/springframework/boot/spring-boot-starter-reactor-netty/3.5.3/spring-boot-starter-reactor-netty-3.5.3.jar
2025-08-17 11:48:35,608 [AetherRepositoryConnector-repo.maven.apache.org-1-4] INFO  o.e.m.c.i.e.AbstractTransferListenerAdapter - Downloading https://repo.maven.apache.org/maven2/io/projectreactor/netty/reactor-netty-http/1.2.7/reactor-netty-http-1.2.7.jar
2025-08-17 11:48:35,617 [AetherRepositoryConnector-repo.maven.apache.org-1-1] INFO  o.e.m.c.i.e.AbstractTransferListenerAdapter - Downloaded https://repo.maven.apache.org/maven2/org/springframework/boot/spring-boot-starter-json/3.5.3/spring-boot-starter-json-3.5.3.jar
2025-08-17 11:48:35,786 [AetherRepositoryConnector-repo.maven.apache.org-1-1] INFO  o.e.m.c.i.e.AbstractTransferListenerAdapter - Downloading https://repo.maven.apache.org/maven2/io/netty/netty-codec-http/4.1.122.Final/netty-codec-http-4.1.122.Final.jar
2025-08-17 11:48:35,788 [AetherRepositoryConnector-repo.maven.apache.org-1-0] INFO  o.e.m.c.i.e.AbstractTransferListenerAdapter - Downloaded https://repo.maven.apache.org/maven2/org/springframework/boot/spring-boot-starter-reactor-netty/3.5.3/spring-boot-starter-reactor-netty-3.5.3.jar
2025-08-17 11:48:35,788 [AetherRepositoryConnector-repo.maven.apache.org-1-3] INFO  o.e.m.c.i.e.AbstractTransferListenerAdapter - Downloaded https://repo.maven.apache.org/maven2/com/fasterxml/jackson/datatype/jackson-datatype-jdk8/2.19.1/jackson-datatype-jdk8-2.19.1.jar
2025-08-17 11:48:35,806 [AetherRepositoryConnector-repo.maven.apache.org-1-2] INFO  o.e.m.c.i.e.AbstractTransferListenerAdapter - Downloaded https://repo.maven.apache.org/maven2/com/fasterxml/jackson/module/jackson-module-parameter-names/2.19.1/jackson-module-parameter-names-2.19.1.jar
2025-08-17 11:48:36,336 [AetherRepositoryConnector-repo.maven.apache.org-1-3] INFO  o.e.m.c.i.e.AbstractTransferListenerAdapter - Downloading https://repo.maven.apache.org/maven2/io/netty/netty-buffer/4.1.122.Final/netty-buffer-4.1.122.Final.jar
2025-08-17 11:48:36,336 [AetherRepositoryConnector-repo.maven.apache.org-1-0] INFO  o.e.m.c.i.e.AbstractTransferListenerAdapter - Downloading https://repo.maven.apache.org/maven2/io/netty/netty-common/4.1.122.Final/netty-common-4.1.122.Final.jar
2025-08-17 11:48:36,336 [AetherRepositoryConnector-repo.maven.apache.org-1-2] INFO  o.e.m.c.i.e.AbstractTransferListenerAdapter - Downloading https://repo.maven.apache.org/maven2/io/netty/netty-transport/4.1.122.Final/netty-transport-4.1.122.Final.jar
2025-08-17 11:48:41,575 [AetherRepositoryConnector-repo.maven.apache.org-1-4] INFO  o.e.m.c.i.e.AbstractTransferListenerAdapter - Downloaded https://repo.maven.apache.org/maven2/io/projectreactor/netty/reactor-netty-http/1.2.7/reactor-netty-http-1.2.7.jar
2025-08-17 11:48:41,704 [AetherRepositoryConnector-repo.maven.apache.org-1-3] INFO  o.e.m.c.i.e.AbstractTransferListenerAdapter - Downloaded https://repo.maven.apache.org/maven2/io/netty/netty-buffer/4.1.122.Final/netty-buffer-4.1.122.Final.jar
2025-08-17 11:48:41,937 [AetherRepositoryConnector-repo.maven.apache.org-1-3] INFO  o.e.m.c.i.e.AbstractTransferListenerAdapter - Downloading https://repo.maven.apache.org/maven2/io/netty/netty-handler/4.1.122.Final/netty-handler-4.1.122.Final.jar
2025-08-17 11:48:41,937 [AetherRepositoryConnector-repo.maven.apache.org-1-4] INFO  o.e.m.c.i.e.AbstractTransferListenerAdapter - Downloading https://repo.maven.apache.org/maven2/io/netty/netty-codec/4.1.122.Final/netty-codec-4.1.122.Final.jar
2025-08-17 11:48:42,219 [AetherRepositoryConnector-repo.maven.apache.org-1-2] INFO  o.e.m.c.i.e.AbstractTransferListenerAdapter - Downloaded https://repo.maven.apache.org/maven2/io/netty/netty-transport/4.1.122.Final/netty-transport-4.1.122.Final.jar
2025-08-17 11:48:42,439 [AetherRepositoryConnector-repo.maven.apache.org-1-2] INFO  o.e.m.c.i.e.AbstractTransferListenerAdapter - Downloading https://repo.maven.apache.org/maven2/io/netty/netty-codec-http2/4.1.122.Final/netty-codec-http2-4.1.122.Final.jar
2025-08-17 11:48:42,747 [AetherRepositoryConnector-repo.maven.apache.org-1-1] INFO  o.e.m.c.i.e.AbstractTransferListenerAdapter - Downloaded https://repo.maven.apache.org/maven2/io/netty/netty-codec-http/4.1.122.Final/netty-codec-http-4.1.122.Final.jar
2025-08-17 11:48:43,837 [AetherRepositoryConnector-repo.maven.apache.org-1-1] INFO  o.e.m.c.i.e.AbstractTransferListenerAdapter - Downloading https://repo.maven.apache.org/maven2/io/netty/netty-resolver-dns/4.1.122.Final/netty-resolver-dns-4.1.122.Final.jar
2025-08-17 11:48:44,152 [AetherRepositoryConnector-repo.maven.apache.org-1-0] INFO  o.e.m.c.i.e.AbstractTransferListenerAdapter - Downloaded https://repo.maven.apache.org/maven2/io/netty/netty-common/4.1.122.Final/netty-common-4.1.122.Final.jar
2025-08-17 11:48:46,838 [AetherRepositoryConnector-repo.maven.apache.org-1-0] INFO  o.e.m.c.i.e.AbstractTransferListenerAdapter - Downloading https://repo.maven.apache.org/maven2/io/netty/netty-resolver/4.1.122.Final/netty-resolver-4.1.122.Final.jar
2025-08-17 11:48:51,315 [AetherRepositoryConnector-repo.maven.apache.org-1-4] INFO  o.e.m.c.i.e.AbstractTransferListenerAdapter - Downloaded https://repo.maven.apache.org/maven2/io/netty/netty-codec/4.1.122.Final/netty-codec-4.1.122.Final.jar
2025-08-17 11:48:53,950 [AetherRepositoryConnector-repo.maven.apache.org-1-4] INFO  o.e.m.c.i.e.AbstractTransferListenerAdapter - Downloading https://repo.maven.apache.org/maven2/io/netty/netty-codec-dns/4.1.122.Final/netty-codec-dns-4.1.122.Final.jar
2025-08-17 11:48:53,980 [AetherRepositoryConnector-repo.maven.apache.org-1-0] INFO  o.e.m.c.i.e.AbstractTransferListenerAdapter - Downloaded https://repo.maven.apache.org/maven2/io/netty/netty-resolver/4.1.122.Final/netty-resolver-4.1.122.Final.jar
2025-08-17 11:48:54,249 [AetherRepositoryConnector-repo.maven.apache.org-1-1] INFO  o.e.m.c.i.e.AbstractTransferListenerAdapter - Downloaded https://repo.maven.apache.org/maven2/io/netty/netty-resolver-dns/4.1.122.Final/netty-resolver-dns-4.1.122.Final.jar
2025-08-17 11:48:59,147 [AetherRepositoryConnector-repo.maven.apache.org-1-0] INFO  o.e.m.c.i.e.AbstractTransferListenerAdapter - Downloading https://repo.maven.apache.org/maven2/io/netty/netty-resolver-dns-native-macos/4.1.122.Final/netty-resolver-dns-native-macos-4.1.122.Final-osx-x86_64.jar
2025-08-17 11:48:59,148 [AetherRepositoryConnector-repo.maven.apache.org-1-1] INFO  o.e.m.c.i.e.AbstractTransferListenerAdapter - Downloading https://repo.maven.apache.org/maven2/io/netty/netty-resolver-dns-classes-macos/4.1.122.Final/netty-resolver-dns-classes-macos-4.1.122.Final.jar
2025-08-17 11:49:03,127 [AetherRepositoryConnector-repo.maven.apache.org-1-3] INFO  o.e.m.c.i.e.AbstractTransferListenerAdapter - Downloaded https://repo.maven.apache.org/maven2/io/netty/netty-handler/4.1.122.Final/netty-handler-4.1.122.Final.jar
2025-08-17 11:49:03,132 [AetherRepositoryConnector-repo.maven.apache.org-1-0] INFO  o.e.m.c.i.e.AbstractTransferListenerAdapter - Downloaded https://repo.maven.apache.org/maven2/io/netty/netty-resolver-dns-native-macos/4.1.122.Final/netty-resolver-dns-native-macos-4.1.122.Final-osx-x86_64.jar
2025-08-17 11:49:03,136 [AetherRepositoryConnector-repo.maven.apache.org-1-1] INFO  o.e.m.c.i.e.AbstractTransferListenerAdapter - Downloaded https://repo.maven.apache.org/maven2/io/netty/netty-resolver-dns-classes-macos/4.1.122.Final/netty-resolver-dns-classes-macos-4.1.122.Final.jar
2025-08-17 11:49:03,138 [AetherRepositoryConnector-repo.maven.apache.org-1-4] INFO  o.e.m.c.i.e.AbstractTransferListenerAdapter - Downloaded https://repo.maven.apache.org/maven2/io/netty/netty-codec-dns/4.1.122.Final/netty-codec-dns-4.1.122.Final.jar
2025-08-17 11:49:03,144 [AetherRepositoryConnector-repo.maven.apache.org-1-3] INFO  o.e.m.c.i.e.AbstractTransferListenerAdapter - Downloading https://repo.maven.apache.org/maven2/io/netty/netty-transport-native-epoll/4.1.122.Final/netty-transport-native-epoll-4.1.122.Final-linux-x86_64.jar
2025-08-17 11:49:03,856 [AetherRepositoryConnector-repo.maven.apache.org-1-0] INFO  o.e.m.c.i.e.AbstractTransferListenerAdapter - Downloading https://repo.maven.apache.org/maven2/io/netty/netty-transport-native-unix-common/4.1.122.Final/netty-transport-native-unix-common-4.1.122.Final.jar
2025-08-17 11:49:03,859 [AetherRepositoryConnector-repo.maven.apache.org-1-4] INFO  o.e.m.c.i.e.AbstractTransferListenerAdapter - Downloading https://repo.maven.apache.org/maven2/io/projectreactor/netty/reactor-netty-core/1.2.7/reactor-netty-core-1.2.7.jar
2025-08-17 11:49:04,133 [AetherRepositoryConnector-repo.maven.apache.org-1-1] INFO  o.e.m.c.i.e.AbstractTransferListenerAdapter - Downloading https://repo.maven.apache.org/maven2/io/netty/netty-transport-classes-epoll/4.1.122.Final/netty-transport-classes-epoll-4.1.122.Final.jar
2025-08-17 11:49:04,572 [AetherRepositoryConnector-repo.maven.apache.org-1-2] INFO  o.e.m.c.i.e.AbstractTransferListenerAdapter - Downloaded https://repo.maven.apache.org/maven2/io/netty/netty-codec-http2/4.1.122.Final/netty-codec-http2-4.1.122.Final.jar
2025-08-17 11:49:07,002 [AetherRepositoryConnector-repo.maven.apache.org-1-2] INFO  o.e.m.c.i.e.AbstractTransferListenerAdapter - Downloading https://repo.maven.apache.org/maven2/io/netty/netty-handler-proxy/4.1.122.Final/netty-handler-proxy-4.1.122.Final.jar
2025-08-17 11:49:07,021 [AetherRepositoryConnector-repo.maven.apache.org-1-3] INFO  o.e.m.c.i.e.AbstractTransferListenerAdapter - Downloaded https://repo.maven.apache.org/maven2/io/netty/netty-transport-native-epoll/4.1.122.Final/netty-transport-native-epoll-4.1.122.Final-linux-x86_64.jar
2025-08-17 11:49:07,451 [AetherRepositoryConnector-repo.maven.apache.org-1-3] INFO  o.e.m.c.i.e.AbstractTransferListenerAdapter - Downloading https://repo.maven.apache.org/maven2/io/netty/netty-codec-socks/4.1.122.Final/netty-codec-socks-4.1.122.Final.jar
2025-08-17 11:49:07,460 [AetherRepositoryConnector-repo.maven.apache.org-1-0] INFO  o.e.m.c.i.e.AbstractTransferListenerAdapter - Downloaded https://repo.maven.apache.org/maven2/io/netty/netty-transport-native-unix-common/4.1.122.Final/netty-transport-native-unix-common-4.1.122.Final.jar
2025-08-17 11:49:07,725 [AetherRepositoryConnector-repo.maven.apache.org-1-2] INFO  o.e.m.c.i.e.AbstractTransferListenerAdapter - Downloaded https://repo.maven.apache.org/maven2/io/netty/netty-handler-proxy/4.1.122.Final/netty-handler-proxy-4.1.122.Final.jar
2025-08-17 11:49:07,725 [AetherRepositoryConnector-repo.maven.apache.org-1-1] INFO  o.e.m.c.i.e.AbstractTransferListenerAdapter - Downloaded https://repo.maven.apache.org/maven2/io/netty/netty-transport-classes-epoll/4.1.122.Final/netty-transport-classes-epoll-4.1.122.Final.jar
2025-08-17 11:49:08,316 [AetherRepositoryConnector-repo.maven.apache.org-1-0] INFO  o.e.m.c.i.e.AbstractTransferListenerAdapter - Downloading https://repo.maven.apache.org/maven2/org/springframework/spring-web/6.2.8/spring-web-6.2.8.jar
2025-08-17 11:49:08,860 [AetherRepositoryConnector-repo.maven.apache.org-1-2] INFO  o.e.m.c.i.e.AbstractTransferListenerAdapter - Downloading https://repo.maven.apache.org/maven2/org/springframework/spring-beans/6.2.8/spring-beans-6.2.8.jar
2025-08-17 11:49:08,860 [AetherRepositoryConnector-repo.maven.apache.org-1-1] INFO  o.e.m.c.i.e.AbstractTransferListenerAdapter - Downloading https://repo.maven.apache.org/maven2/org/springframework/spring-webflux/6.2.8/spring-webflux-6.2.8.jar
2025-08-17 11:49:09,178 [AetherRepositoryConnector-repo.maven.apache.org-1-3] INFO  o.e.m.c.i.e.AbstractTransferListenerAdapter - Downloaded https://repo.maven.apache.org/maven2/io/netty/netty-codec-socks/4.1.122.Final/netty-codec-socks-4.1.122.Final.jar
2025-08-17 11:49:09,920 [AetherRepositoryConnector-repo.maven.apache.org-1-3] INFO  o.e.m.c.i.e.AbstractTransferListenerAdapter - Downloading https://repo.maven.apache.org/maven2/io/projectreactor/reactor-core/3.7.7/reactor-core-3.7.7.jar
2025-08-17 11:49:13,383 [AetherRepositoryConnector-repo.maven.apache.org-1-4] INFO  o.e.m.c.i.e.AbstractTransferListenerAdapter - Downloaded https://repo.maven.apache.org/maven2/io/projectreactor/netty/reactor-netty-core/1.2.7/reactor-netty-core-1.2.7.jar
2025-08-17 11:49:16,897 [AetherRepositoryConnector-repo.maven.apache.org-1-4] INFO  o.e.m.c.i.e.AbstractTransferListenerAdapter - Downloading https://repo.maven.apache.org/maven2/org/springframework/boot/spring-boot-properties-migrator/3.5.3/spring-boot-properties-migrator-3.5.3.jar
2025-08-17 11:49:24,420 [AetherRepositoryConnector-repo.maven.apache.org-1-4] INFO  o.e.m.c.i.e.AbstractTransferListenerAdapter - Downloaded https://repo.maven.apache.org/maven2/org/springframework/boot/spring-boot-properties-migrator/3.5.3/spring-boot-properties-migrator-3.5.3.jar
2025-08-17 11:49:27,197 [AetherRepositoryConnector-repo.maven.apache.org-1-4] INFO  o.e.m.c.i.e.AbstractTransferListenerAdapter - Downloading https://repo.maven.apache.org/maven2/org/springframework/boot/spring-boot/3.5.3/spring-boot-3.5.3.jar
2025-08-17 11:49:41,560 [AetherRepositoryConnector-repo.maven.apache.org-1-2] INFO  o.e.m.c.i.e.AbstractTransferListenerAdapter - Downloaded https://repo.maven.apache.org/maven2/org/springframework/spring-beans/6.2.8/spring-beans-6.2.8.jar
2025-08-17 11:49:42,397 [AetherRepositoryConnector-repo.maven.apache.org-1-2] INFO  o.e.m.c.i.e.AbstractTransferListenerAdapter - Downloading https://repo.maven.apache.org/maven2/org/springframework/spring-context/6.2.8/spring-context-6.2.8.jar
2025-08-17 11:49:44,682 [AetherRepositoryConnector-repo.maven.apache.org-1-1] INFO  o.e.m.c.i.e.AbstractTransferListenerAdapter - Downloaded https://repo.maven.apache.org/maven2/org/springframework/spring-webflux/6.2.8/spring-webflux-6.2.8.jar
2025-08-17 11:49:45,045 [AetherRepositoryConnector-repo.maven.apache.org-1-1] INFO  o.e.m.c.i.e.AbstractTransferListenerAdapter - Downloading https://repo.maven.apache.org/maven2/org/springframework/spring-aop/6.2.8/spring-aop-6.2.8.jar
2025-08-17 11:49:58,132 [AetherRepositoryConnector-repo.maven.apache.org-1-1] INFO  o.e.m.c.i.e.AbstractTransferListenerAdapter - Downloaded https://repo.maven.apache.org/maven2/org/springframework/spring-aop/6.2.8/spring-aop-6.2.8.jar
2025-08-17 11:49:58,718 [AetherRepositoryConnector-repo.maven.apache.org-1-1] INFO  o.e.m.c.i.e.AbstractTransferListenerAdapter - Downloading https://repo.maven.apache.org/maven2/org/springframework/spring-expression/6.2.8/spring-expression-6.2.8.jar
2025-08-17 11:50:20,526 [AetherRepositoryConnector-repo.maven.apache.org-1-0] INFO  o.e.m.c.i.e.AbstractTransferListenerAdapter - Downloaded https://repo.maven.apache.org/maven2/org/springframework/spring-web/6.2.8/spring-web-6.2.8.jar
2025-08-17 11:50:21,294 [AetherRepositoryConnector-repo.maven.apache.org-1-0] INFO  o.e.m.c.i.e.AbstractTransferListenerAdapter - Downloading https://repo.maven.apache.org/maven2/org/springframework/boot/spring-boot-configuration-metadata/3.5.3/spring-boot-configuration-metadata-3.5.3.jar
2025-08-17 11:50:21,755 [AetherRepositoryConnector-repo.maven.apache.org-1-3] INFO  o.e.m.c.i.e.AbstractTransferListenerAdapter - Downloaded https://repo.maven.apache.org/maven2/io/projectreactor/reactor-core/3.7.7/reactor-core-3.7.7.jar
2025-08-17 11:50:21,784 [AetherRepositoryConnector-repo.maven.apache.org-1-1] INFO  o.e.m.c.i.e.AbstractTransferListenerAdapter - Downloaded https://repo.maven.apache.org/maven2/org/springframework/spring-expression/6.2.8/spring-expression-6.2.8.jar
2025-08-17 11:50:22,438 [AetherRepositoryConnector-repo.maven.apache.org-1-3] INFO  o.e.m.c.i.e.AbstractTransferListenerAdapter - Downloading https://repo.maven.apache.org/maven2/org/springframework/boot/spring-boot-starter-actuator/3.5.3/spring-boot-starter-actuator-3.5.3.jar
2025-08-17 11:50:22,438 [AetherRepositoryConnector-repo.maven.apache.org-1-1] INFO  o.e.m.c.i.e.AbstractTransferListenerAdapter - Downloading https://repo.maven.apache.org/maven2/org/springframework/boot/spring-boot-starter/3.5.3/spring-boot-starter-3.5.3.jar
2025-08-17 11:50:22,453 [AetherRepositoryConnector-repo.maven.apache.org-1-0] INFO  o.e.m.c.i.e.AbstractTransferListenerAdapter - Downloaded https://repo.maven.apache.org/maven2/org/springframework/boot/spring-boot-configuration-metadata/3.5.3/spring-boot-configuration-metadata-3.5.3.jar
2025-08-17 11:50:22,525 [AetherRepositoryConnector-repo.maven.apache.org-1-2] INFO  o.e.m.c.i.e.AbstractTransferListenerAdapter - Downloaded https://repo.maven.apache.org/maven2/org/springframework/spring-context/6.2.8/spring-context-6.2.8.jar
2025-08-17 11:50:22,540 [AetherRepositoryConnector-repo.maven.apache.org-1-0] INFO  o.e.m.c.i.e.AbstractTransferListenerAdapter - Downloading https://repo.maven.apache.org/maven2/org/springframework/boot/spring-boot-autoconfigure/3.5.3/spring-boot-autoconfigure-3.5.3.jar
2025-08-17 11:50:22,540 [AetherRepositoryConnector-repo.maven.apache.org-1-3] INFO  o.e.m.c.i.e.AbstractTransferListenerAdapter - Downloaded https://repo.maven.apache.org/maven2/org/springframework/boot/spring-boot-starter-actuator/3.5.3/spring-boot-starter-actuator-3.5.3.jar
2025-08-17 11:50:22,540 [AetherRepositoryConnector-repo.maven.apache.org-1-1] INFO  o.e.m.c.i.e.AbstractTransferListenerAdapter - Downloaded https://repo.maven.apache.org/maven2/org/springframework/boot/spring-boot-starter/3.5.3/spring-boot-starter-3.5.3.jar
2025-08-17 11:50:22,757 [AetherRepositoryConnector-repo.maven.apache.org-1-2] INFO  o.e.m.c.i.e.AbstractTransferListenerAdapter - Downloading https://repo.maven.apache.org/maven2/org/springframework/boot/spring-boot-starter-logging/3.5.3/spring-boot-starter-logging-3.5.3.jar
2025-08-17 11:50:22,759 [AetherRepositoryConnector-repo.maven.apache.org-1-1] INFO  o.e.m.c.i.e.AbstractTransferListenerAdapter - Downloading https://repo.maven.apache.org/maven2/org/springframework/boot/spring-boot-actuator/3.5.3/spring-boot-actuator-3.5.3.jar
2025-08-17 11:50:22,761 [AetherRepositoryConnector-repo.maven.apache.org-1-3] INFO  o.e.m.c.i.e.AbstractTransferListenerAdapter - Downloading https://repo.maven.apache.org/maven2/org/springframework/boot/spring-boot-actuator-autoconfigure/3.5.3/spring-boot-actuator-autoconfigure-3.5.3.jar
2025-08-17 11:50:22,783 [AetherRepositoryConnector-repo.maven.apache.org-1-4] INFO  o.e.m.c.i.e.AbstractTransferListenerAdapter - Downloaded https://repo.maven.apache.org/maven2/org/springframework/boot/spring-boot/3.5.3/spring-boot-3.5.3.jar
2025-08-17 11:50:23,079 [AetherRepositoryConnector-repo.maven.apache.org-1-4] INFO  o.e.m.c.i.e.AbstractTransferListenerAdapter - Downloading https://repo.maven.apache.org/maven2/com/fasterxml/jackson/core/jackson-databind/2.19.1/jackson-databind-2.19.1.jar
2025-08-17 11:50:24,931 [AetherRepositoryConnector-repo.maven.apache.org-1-2] INFO  o.e.m.c.i.e.AbstractTransferListenerAdapter - Downloaded https://repo.maven.apache.org/maven2/org/springframework/boot/spring-boot-starter-logging/3.5.3/spring-boot-starter-logging-3.5.3.jar
2025-08-17 11:50:26,521 [AetherRepositoryConnector-repo.maven.apache.org-1-2] INFO  o.e.m.c.i.e.AbstractTransferListenerAdapter - Downloading https://repo.maven.apache.org/maven2/com/fasterxml/jackson/core/jackson-annotations/2.19.1/jackson-annotations-2.19.1.jar
2025-08-17 11:50:54,557 [AetherRepositoryConnector-repo.maven.apache.org-1-2] INFO  o.e.m.c.i.e.AbstractTransferListenerAdapter - Downloaded https://repo.maven.apache.org/maven2/com/fasterxml/jackson/core/jackson-annotations/2.19.1/jackson-annotations-2.19.1.jar
2025-08-17 11:51:00,613 [AetherRepositoryConnector-repo.maven.apache.org-1-2] INFO  o.e.m.c.i.e.AbstractTransferListenerAdapter - Downloading https://repo.maven.apache.org/maven2/com/fasterxml/jackson/core/jackson-core/2.19.1/jackson-core-2.19.1.jar
2025-08-17 11:51:07,993 [AetherRepositoryConnector-repo.maven.apache.org-1-1] INFO  o.e.m.c.i.e.AbstractTransferListenerAdapter - Downloaded https://repo.maven.apache.org/maven2/org/springframework/boot/spring-boot-actuator/3.5.3/spring-boot-actuator-3.5.3.jar
2025-08-17 11:51:08,814 [AetherRepositoryConnector-repo.maven.apache.org-1-1] INFO  o.e.m.c.i.e.AbstractTransferListenerAdapter - Downloading https://repo.maven.apache.org/maven2/com/fasterxml/jackson/datatype/jackson-datatype-jsr310/2.19.1/jackson-datatype-jsr310-2.19.1.jar
2025-08-17 11:51:09,049 [AetherRepositoryConnector-repo.maven.apache.org-1-3] INFO  o.e.m.c.i.e.AbstractTransferListenerAdapter - Downloaded https://repo.maven.apache.org/maven2/org/springframework/boot/spring-boot-actuator-autoconfigure/3.5.3/spring-boot-actuator-autoconfigure-3.5.3.jar
2025-08-17 11:51:09,355 [AetherRepositoryConnector-repo.maven.apache.org-1-3] INFO  o.e.m.c.i.e.AbstractTransferListenerAdapter - Downloading https://repo.maven.apache.org/maven2/io/micrometer/micrometer-observation/1.15.1/micrometer-observation-1.15.1.jar
2025-08-17 11:51:09,825 [AetherRepositoryConnector-repo.maven.apache.org-1-2] INFO  o.e.m.c.i.e.AbstractTransferListenerAdapter - Downloaded https://repo.maven.apache.org/maven2/com/fasterxml/jackson/core/jackson-core/2.19.1/jackson-core-2.19.1.jar
2025-08-17 11:51:10,946 [AetherRepositoryConnector-repo.maven.apache.org-1-1] INFO  o.e.m.c.i.e.AbstractTransferListenerAdapter - Downloaded https://repo.maven.apache.org/maven2/com/fasterxml/jackson/datatype/jackson-datatype-jsr310/2.19.1/jackson-datatype-jsr310-2.19.1.jar
2025-08-17 11:51:10,948 [AetherRepositoryConnector-repo.maven.apache.org-1-3] INFO  o.e.m.c.i.e.AbstractTransferListenerAdapter - Downloaded https://repo.maven.apache.org/maven2/io/micrometer/micrometer-observation/1.15.1/micrometer-observation-1.15.1.jar
2025-08-17 11:51:11,638 [AetherRepositoryConnector-repo.maven.apache.org-1-2] INFO  o.e.m.c.i.e.AbstractTransferListenerAdapter - Downloading https://repo.maven.apache.org/maven2/io/micrometer/micrometer-commons/1.15.1/micrometer-commons-1.15.1.jar
2025-08-17 11:51:12,406 [AetherRepositoryConnector-repo.maven.apache.org-1-3] INFO  o.e.m.c.i.e.AbstractTransferListenerAdapter - Downloading https://repo.maven.apache.org/maven2/io/micrometer/micrometer-registry-prometheus/1.15.1/micrometer-registry-prometheus-1.15.1.jar
2025-08-17 11:51:12,406 [AetherRepositoryConnector-repo.maven.apache.org-1-1] INFO  o.e.m.c.i.e.AbstractTransferListenerAdapter - Downloading https://repo.maven.apache.org/maven2/io/micrometer/micrometer-jakarta9/1.15.1/micrometer-jakarta9-1.15.1.jar
2025-08-17 11:51:14,163 [AetherRepositoryConnector-repo.maven.apache.org-1-1] INFO  o.e.m.c.i.e.AbstractTransferListenerAdapter - Downloaded https://repo.maven.apache.org/maven2/io/micrometer/micrometer-jakarta9/1.15.1/micrometer-jakarta9-1.15.1.jar
2025-08-17 11:51:14,164 [AetherRepositoryConnector-repo.maven.apache.org-1-2] INFO  o.e.m.c.i.e.AbstractTransferListenerAdapter - Downloaded https://repo.maven.apache.org/maven2/io/micrometer/micrometer-commons/1.15.1/micrometer-commons-1.15.1.jar
2025-08-17 11:51:14,164 [AetherRepositoryConnector-repo.maven.apache.org-1-3] INFO  o.e.m.c.i.e.AbstractTransferListenerAdapter - Downloaded https://repo.maven.apache.org/maven2/io/micrometer/micrometer-registry-prometheus/1.15.1/micrometer-registry-prometheus-1.15.1.jar
2025-08-17 11:51:16,143 [AetherRepositoryConnector-repo.maven.apache.org-1-1] INFO  o.e.m.c.i.e.AbstractTransferListenerAdapter - Downloading https://repo.maven.apache.org/maven2/io/micrometer/micrometer-core/1.15.1/micrometer-core-1.15.1.jar
2025-08-17 11:51:16,143 [AetherRepositoryConnector-repo.maven.apache.org-1-2] INFO  o.e.m.c.i.e.AbstractTransferListenerAdapter - Downloading https://repo.maven.apache.org/maven2/io/prometheus/prometheus-metrics-core/1.3.8/prometheus-metrics-core-1.3.8.jar
2025-08-17 11:51:16,143 [AetherRepositoryConnector-repo.maven.apache.org-1-3] INFO  o.e.m.c.i.e.AbstractTransferListenerAdapter - Downloading https://repo.maven.apache.org/maven2/io/prometheus/prometheus-metrics-model/1.3.8/prometheus-metrics-model-1.3.8.jar
2025-08-17 11:51:20,784 [AetherRepositoryConnector-repo.maven.apache.org-1-3] INFO  o.e.m.c.i.e.AbstractTransferListenerAdapter - Downloaded https://repo.maven.apache.org/maven2/io/prometheus/prometheus-metrics-model/1.3.8/prometheus-metrics-model-1.3.8.jar
2025-08-17 11:51:20,784 [AetherRepositoryConnector-repo.maven.apache.org-1-2] INFO  o.e.m.c.i.e.AbstractTransferListenerAdapter - Downloaded https://repo.maven.apache.org/maven2/io/prometheus/prometheus-metrics-core/1.3.8/prometheus-metrics-core-1.3.8.jar
2025-08-17 11:51:20,990 [AetherRepositoryConnector-repo.maven.apache.org-1-3] INFO  o.e.m.c.i.e.AbstractTransferListenerAdapter - Downloading https://repo.maven.apache.org/maven2/io/prometheus/prometheus-metrics-config/1.3.8/prometheus-metrics-config-1.3.8.jar
2025-08-17 11:51:20,990 [AetherRepositoryConnector-repo.maven.apache.org-1-2] INFO  o.e.m.c.i.e.AbstractTransferListenerAdapter - Downloading https://repo.maven.apache.org/maven2/io/prometheus/prometheus-metrics-tracer-common/1.3.8/prometheus-metrics-tracer-common-1.3.8.jar
2025-08-17 11:51:21,355 [AetherRepositoryConnector-repo.maven.apache.org-1-2] INFO  o.e.m.c.i.e.AbstractTransferListenerAdapter - Downloaded https://repo.maven.apache.org/maven2/io/prometheus/prometheus-metrics-tracer-common/1.3.8/prometheus-metrics-tracer-common-1.3.8.jar
2025-08-17 11:51:21,361 [AetherRepositoryConnector-repo.maven.apache.org-1-3] INFO  o.e.m.c.i.e.AbstractTransferListenerAdapter - Downloaded https://repo.maven.apache.org/maven2/io/prometheus/prometheus-metrics-config/1.3.8/prometheus-metrics-config-1.3.8.jar
2025-08-17 11:51:21,492 [AetherRepositoryConnector-repo.maven.apache.org-1-0] INFO  o.e.m.c.i.e.AbstractTransferListenerAdapter - Downloaded https://repo.maven.apache.org/maven2/org/springframework/boot/spring-boot-autoconfigure/3.5.3/spring-boot-autoconfigure-3.5.3.jar
2025-08-17 11:51:21,555 [AetherRepositoryConnector-repo.maven.apache.org-1-3] INFO  o.e.m.c.i.e.AbstractTransferListenerAdapter - Downloading https://repo.maven.apache.org/maven2/io/prometheus/prometheus-metrics-exposition-formats-no-protobuf/1.3.8/prometheus-metrics-exposition-formats-no-protobuf-1.3.8.jar
2025-08-17 11:51:21,555 [AetherRepositoryConnector-repo.maven.apache.org-1-2] INFO  o.e.m.c.i.e.AbstractTransferListenerAdapter - Downloading https://repo.maven.apache.org/maven2/io/prometheus/prometheus-metrics-exposition-formats/1.3.8/prometheus-metrics-exposition-formats-1.3.8.jar
2025-08-17 11:51:21,650 [AetherRepositoryConnector-repo.maven.apache.org-1-4] INFO  o.e.m.c.i.e.AbstractTransferListenerAdapter - Downloaded https://repo.maven.apache.org/maven2/com/fasterxml/jackson/core/jackson-databind/2.19.1/jackson-databind-2.19.1.jar
2025-08-17 11:51:21,780 [AetherRepositoryConnector-repo.maven.apache.org-1-0] INFO  o.e.m.c.i.e.AbstractTransferListenerAdapter - Downloading https://repo.maven.apache.org/maven2/io/prometheus/prometheus-metrics-exposition-textformats/1.3.8/prometheus-metrics-exposition-textformats-1.3.8.jar
2025-08-17 11:51:22,442 [AetherRepositoryConnector-repo.maven.apache.org-1-4] INFO  o.e.m.c.i.e.AbstractTransferListenerAdapter - Downloading https://repo.maven.apache.org/maven2/com/google/protobuf/protobuf-java/4.31.0/protobuf-java-4.31.0.jar
2025-08-17 11:51:24,362 [AetherRepositoryConnector-repo.maven.apache.org-1-0] INFO  o.e.m.c.i.e.AbstractTransferListenerAdapter - Downloaded https://repo.maven.apache.org/maven2/io/prometheus/prometheus-metrics-exposition-textformats/1.3.8/prometheus-metrics-exposition-textformats-1.3.8.jar
2025-08-17 11:51:24,836 [AetherRepositoryConnector-repo.maven.apache.org-1-1] INFO  o.e.m.c.i.e.AbstractTransferListenerAdapter - Downloaded https://repo.maven.apache.org/maven2/io/micrometer/micrometer-core/1.15.1/micrometer-core-1.15.1.jar
2025-08-17 11:51:25,796 [AetherRepositoryConnector-repo.maven.apache.org-1-0] INFO  o.e.m.c.i.e.AbstractTransferListenerAdapter - Downloading https://repo.maven.apache.org/maven2/io/micrometer/micrometer-tracing-bridge-otel/1.5.1/micrometer-tracing-bridge-otel-1.5.1.jar
2025-08-17 11:51:26,292 [AetherRepositoryConnector-repo.maven.apache.org-1-1] INFO  o.e.m.c.i.e.AbstractTransferListenerAdapter - Downloading https://repo.maven.apache.org/maven2/io/micrometer/micrometer-tracing/1.5.1/micrometer-tracing-1.5.1.jar
2025-08-17 11:51:26,310 [AetherRepositoryConnector-repo.maven.apache.org-1-3] INFO  o.e.m.c.i.e.AbstractTransferListenerAdapter - Downloaded https://repo.maven.apache.org/maven2/io/prometheus/prometheus-metrics-exposition-formats-no-protobuf/1.3.8/prometheus-metrics-exposition-formats-no-protobuf-1.3.8.jar
2025-08-17 11:51:27,279 [AetherRepositoryConnector-repo.maven.apache.org-1-3] INFO  o.e.m.c.i.e.AbstractTransferListenerAdapter - Downloading https://repo.maven.apache.org/maven2/io/micrometer/context-propagation/1.1.3/context-propagation-1.1.3.jar
2025-08-17 11:51:28,290 [AetherRepositoryConnector-repo.maven.apache.org-1-0] INFO  o.e.m.c.i.e.AbstractTransferListenerAdapter - Downloaded https://repo.maven.apache.org/maven2/io/micrometer/micrometer-tracing-bridge-otel/1.5.1/micrometer-tracing-bridge-otel-1.5.1.jar
2025-08-17 11:51:28,783 [AetherRepositoryConnector-repo.maven.apache.org-1-0] INFO  o.e.m.c.i.e.AbstractTransferListenerAdapter - Downloading https://repo.maven.apache.org/maven2/io/opentelemetry/opentelemetry-api/1.49.0/opentelemetry-api-1.49.0.jar
2025-08-17 11:51:28,802 [AetherRepositoryConnector-repo.maven.apache.org-1-1] INFO  o.e.m.c.i.e.AbstractTransferListenerAdapter - Downloaded https://repo.maven.apache.org/maven2/io/micrometer/micrometer-tracing/1.5.1/micrometer-tracing-1.5.1.jar
2025-08-17 11:51:28,812 [AetherRepositoryConnector-repo.maven.apache.org-1-3] INFO  o.e.m.c.i.e.AbstractTransferListenerAdapter - Downloaded https://repo.maven.apache.org/maven2/io/micrometer/context-propagation/1.1.3/context-propagation-1.1.3.jar
2025-08-17 11:51:28,987 [AetherRepositoryConnector-repo.maven.apache.org-1-3] INFO  o.e.m.c.i.e.AbstractTransferListenerAdapter - Downloading https://repo.maven.apache.org/maven2/io/opentelemetry/semconv/opentelemetry-semconv/1.32.0/opentelemetry-semconv-1.32.0.jar
2025-08-17 11:51:28,987 [AetherRepositoryConnector-repo.maven.apache.org-1-1] INFO  o.e.m.c.i.e.AbstractTransferListenerAdapter - Downloading https://repo.maven.apache.org/maven2/io/opentelemetry/opentelemetry-context/1.49.0/opentelemetry-context-1.49.0.jar
2025-08-17 11:51:29,288 [AetherRepositoryConnector-repo.maven.apache.org-1-3] INFO  o.e.m.c.i.e.AbstractTransferListenerAdapter - Downloaded https://repo.maven.apache.org/maven2/io/opentelemetry/semconv/opentelemetry-semconv/1.32.0/opentelemetry-semconv-1.32.0.jar
2025-08-17 11:51:29,402 [AetherRepositoryConnector-repo.maven.apache.org-1-3] INFO  o.e.m.c.i.e.AbstractTransferListenerAdapter - Downloading https://repo.maven.apache.org/maven2/io/opentelemetry/opentelemetry-sdk-common/1.49.0/opentelemetry-sdk-common-1.49.0.jar
2025-08-17 11:51:29,418 [AetherRepositoryConnector-repo.maven.apache.org-1-0] INFO  o.e.m.c.i.e.AbstractTransferListenerAdapter - Downloaded https://repo.maven.apache.org/maven2/io/opentelemetry/opentelemetry-api/1.49.0/opentelemetry-api-1.49.0.jar
2025-08-17 11:51:29,514 [AetherRepositoryConnector-repo.maven.apache.org-1-1] INFO  o.e.m.c.i.e.AbstractTransferListenerAdapter - Downloaded https://repo.maven.apache.org/maven2/io/opentelemetry/opentelemetry-context/1.49.0/opentelemetry-context-1.49.0.jar
2025-08-17 11:51:29,672 [AetherRepositoryConnector-repo.maven.apache.org-1-0] INFO  o.e.m.c.i.e.AbstractTransferListenerAdapter - Downloading https://repo.maven.apache.org/maven2/io/opentelemetry/opentelemetry-sdk-trace/1.49.0/opentelemetry-sdk-trace-1.49.0.jar
2025-08-17 11:51:33,104 [AetherRepositoryConnector-repo.maven.apache.org-1-1] INFO  o.e.m.c.i.e.AbstractTransferListenerAdapter - Downloading https://repo.maven.apache.org/maven2/io/opentelemetry/opentelemetry-sdk/1.49.0/opentelemetry-sdk-1.49.0.jar
2025-08-17 11:51:33,787 [AetherRepositoryConnector-repo.maven.apache.org-1-3] INFO  o.e.m.c.i.e.AbstractTransferListenerAdapter - Downloaded https://repo.maven.apache.org/maven2/io/opentelemetry/opentelemetry-sdk-common/1.49.0/opentelemetry-sdk-common-1.49.0.jar
2025-08-17 11:51:33,849 [AetherRepositoryConnector-repo.maven.apache.org-1-1] INFO  o.e.m.c.i.e.AbstractTransferListenerAdapter - Downloaded https://repo.maven.apache.org/maven2/io/opentelemetry/opentelemetry-sdk/1.49.0/opentelemetry-sdk-1.49.0.jar
2025-08-17 11:51:34,321 [AetherRepositoryConnector-repo.maven.apache.org-1-3] INFO  o.e.m.c.i.e.AbstractTransferListenerAdapter - Downloading https://repo.maven.apache.org/maven2/io/opentelemetry/opentelemetry-sdk-metrics/1.49.0/opentelemetry-sdk-metrics-1.49.0.jar
2025-08-17 11:51:34,329 [AetherRepositoryConnector-repo.maven.apache.org-1-1] INFO  o.e.m.c.i.e.AbstractTransferListenerAdapter - Downloading https://repo.maven.apache.org/maven2/io/opentelemetry/opentelemetry-sdk-logs/1.49.0/opentelemetry-sdk-logs-1.49.0.jar
2025-08-17 11:51:34,366 [AetherRepositoryConnector-repo.maven.apache.org-1-0] INFO  o.e.m.c.i.e.AbstractTransferListenerAdapter - Downloaded https://repo.maven.apache.org/maven2/io/opentelemetry/opentelemetry-sdk-trace/1.49.0/opentelemetry-sdk-trace-1.49.0.jar
2025-08-17 11:51:35,870 [AetherRepositoryConnector-repo.maven.apache.org-1-0] INFO  o.e.m.c.i.e.AbstractTransferListenerAdapter - Downloading https://repo.maven.apache.org/maven2/io/opentelemetry/opentelemetry-extension-trace-propagators/1.49.0/opentelemetry-extension-trace-propagators-1.49.0.jar
2025-08-17 11:51:36,523 [AetherRepositoryConnector-repo.maven.apache.org-1-1] INFO  o.e.m.c.i.e.AbstractTransferListenerAdapter - Downloaded https://repo.maven.apache.org/maven2/io/opentelemetry/opentelemetry-sdk-logs/1.49.0/opentelemetry-sdk-logs-1.49.0.jar
2025-08-17 11:51:36,832 [AetherRepositoryConnector-repo.maven.apache.org-1-0] INFO  o.e.m.c.i.e.AbstractTransferListenerAdapter - Downloaded https://repo.maven.apache.org/maven2/io/opentelemetry/opentelemetry-extension-trace-propagators/1.49.0/opentelemetry-extension-trace-propagators-1.49.0.jar
2025-08-17 11:51:36,957 [AetherRepositoryConnector-repo.maven.apache.org-1-1] INFO  o.e.m.c.i.e.AbstractTransferListenerAdapter - Downloading https://repo.maven.apache.org/maven2/io/opentelemetry/opentelemetry-exporter-zipkin/1.49.0/opentelemetry-exporter-zipkin-1.49.0.jar
2025-08-17 11:51:37,221 [AetherRepositoryConnector-repo.maven.apache.org-1-0] INFO  o.e.m.c.i.e.AbstractTransferListenerAdapter - Downloading https://repo.maven.apache.org/maven2/io/zipkin/reporter2/zipkin-reporter/3.5.1/zipkin-reporter-3.5.1.jar
2025-08-17 11:51:38,826 [AetherRepositoryConnector-repo.maven.apache.org-1-1] INFO  o.e.m.c.i.e.AbstractTransferListenerAdapter - Downloaded https://repo.maven.apache.org/maven2/io/opentelemetry/opentelemetry-exporter-zipkin/1.49.0/opentelemetry-exporter-zipkin-1.49.0.jar
2025-08-17 11:51:39,007 [AetherRepositoryConnector-repo.maven.apache.org-1-1] INFO  o.e.m.c.i.e.AbstractTransferListenerAdapter - Downloading https://repo.maven.apache.org/maven2/io/opentelemetry/opentelemetry-exporter-common/1.49.0/opentelemetry-exporter-common-1.49.0.jar
2025-08-17 11:51:39,011 [AetherRepositoryConnector-repo.maven.apache.org-1-0] INFO  o.e.m.c.i.e.AbstractTransferListenerAdapter - Downloaded https://repo.maven.apache.org/maven2/io/zipkin/reporter2/zipkin-reporter/3.5.1/zipkin-reporter-3.5.1.jar
2025-08-17 11:51:39,219 [AetherRepositoryConnector-repo.maven.apache.org-1-3] INFO  o.e.m.c.i.e.AbstractTransferListenerAdapter - Downloaded https://repo.maven.apache.org/maven2/io/opentelemetry/opentelemetry-sdk-metrics/1.49.0/opentelemetry-sdk-metrics-1.49.0.jar
2025-08-17 11:51:39,356 [AetherRepositoryConnector-repo.maven.apache.org-1-0] INFO  o.e.m.c.i.e.AbstractTransferListenerAdapter - Downloading https://repo.maven.apache.org/maven2/io/opentelemetry/opentelemetry-sdk-extension-autoconfigure-spi/1.49.0/opentelemetry-sdk-extension-autoconfigure-spi-1.49.0.jar
2025-08-17 11:51:39,626 [AetherRepositoryConnector-repo.maven.apache.org-1-3] INFO  o.e.m.c.i.e.AbstractTransferListenerAdapter - Downloading https://repo.maven.apache.org/maven2/io/zipkin/reporter2/zipkin-sender-okhttp3/3.5.1/zipkin-sender-okhttp3-3.5.1.jar
2025-08-17 11:51:39,719 [AetherRepositoryConnector-repo.maven.apache.org-1-1] INFO  o.e.m.c.i.e.AbstractTransferListenerAdapter - Downloaded https://repo.maven.apache.org/maven2/io/opentelemetry/opentelemetry-exporter-common/1.49.0/opentelemetry-exporter-common-1.49.0.jar
2025-08-17 11:51:39,719 [AetherRepositoryConnector-repo.maven.apache.org-1-4] INFO  o.e.m.c.i.e.AbstractTransferListenerAdapter - Downloaded https://repo.maven.apache.org/maven2/com/google/protobuf/protobuf-java/4.31.0/protobuf-java-4.31.0.jar
2025-08-17 11:51:39,719 [AetherRepositoryConnector-repo.maven.apache.org-1-1] INFO  o.e.m.c.i.e.AbstractTransferListenerAdapter - Downloaded https://repo.maven.apache.org/maven2/org/springdoc/springdoc-openapi-starter-webflux-ui/2.8.9/springdoc-openapi-starter-webflux-ui-2.8.9.jar
2025-08-17 11:51:39,719 [AetherRepositoryConnector-repo.maven.apache.org-1-4] INFO  o.e.m.c.i.e.AbstractTransferListenerAdapter - Downloaded https://repo.maven.apache.org/maven2/org/springdoc/springdoc-openapi-starter-webflux-api/2.8.9/springdoc-openapi-starter-webflux-api-2.8.9.jar
2025-08-17 11:51:39,719 [AetherRepositoryConnector-repo.maven.apache.org-1-1] INFO  o.e.m.c.i.e.AbstractTransferListenerAdapter - Downloaded https://repo.maven.apache.org/maven2/org/springdoc/springdoc-openapi-starter-common/2.8.9/springdoc-openapi-starter-common-2.8.9.jar
2025-08-17 11:51:39,719 [AetherRepositoryConnector-repo.maven.apache.org-1-4] INFO  o.e.m.c.i.e.AbstractTransferListenerAdapter - Downloaded https://repo.maven.apache.org/maven2/io/swagger/core/v3/swagger-core-jakarta/2.2.30/swagger-core-jakarta-2.2.30.jar
2025-08-17 11:51:39,719 [AetherRepositoryConnector-repo.maven.apache.org-1-1] INFO  o.e.m.c.i.e.AbstractTransferListenerAdapter - Downloaded https://repo.maven.apache.org/maven2/io/swagger/core/v3/swagger-annotations-jakarta/2.2.30/swagger-annotations-jakarta-2.2.30.jar
2025-08-17 11:51:39,719 [AetherRepositoryConnector-repo.maven.apache.org-1-4] INFO  o.e.m.c.i.e.AbstractTransferListenerAdapter - Downloaded https://repo.maven.apache.org/maven2/io/swagger/core/v3/swagger-models-jakarta/2.2.30/swagger-models-jakarta-2.2.30.jar
2025-08-17 11:51:39,719 [AetherRepositoryConnector-repo.maven.apache.org-1-1] INFO  o.e.m.c.i.e.AbstractTransferListenerAdapter - Downloaded https://repo.maven.apache.org/maven2/com/fasterxml/jackson/dataformat/jackson-dataformat-yaml/2.19.1/jackson-dataformat-yaml-2.19.1.jar
2025-08-17 11:51:39,720 [AetherRepositoryConnector-repo.maven.apache.org-1-4] INFO  o.e.m.c.i.e.AbstractTransferListenerAdapter - Downloaded https://repo.maven.apache.org/maven2/org/webjars/swagger-ui/5.21.0/swagger-ui-5.21.0.jar
2025-08-17 11:51:39,720 [AetherRepositoryConnector-repo.maven.apache.org-1-1] INFO  o.e.m.c.i.e.AbstractTransferListenerAdapter - Downloaded https://repo.maven.apache.org/maven2/org/webjars/webjars-locator-lite/1.1.0/webjars-locator-lite-1.1.0.jar
2025-08-17 11:51:39,720 [AetherRepositoryConnector-repo.maven.apache.org-1-4] INFO  o.e.m.c.i.e.AbstractTransferListenerAdapter - Downloaded https://repo.maven.apache.org/maven2/org/springframework/boot/spring-boot-starter-test/3.5.3/spring-boot-starter-test-3.5.3.jar
2025-08-17 11:51:39,720 [AetherRepositoryConnector-repo.maven.apache.org-1-1] INFO  o.e.m.c.i.e.AbstractTransferListenerAdapter - Downloaded https://repo.maven.apache.org/maven2/org/springframework/boot/spring-boot-test/3.5.3/spring-boot-test-3.5.3.jar
2025-08-17 11:51:39,720 [AetherRepositoryConnector-repo.maven.apache.org-1-4] INFO  o.e.m.c.i.e.AbstractTransferListenerAdapter - Downloaded https://repo.maven.apache.org/maven2/org/springframework/boot/spring-boot-test-autoconfigure/3.5.3/spring-boot-test-autoconfigure-3.5.3.jar
2025-08-17 11:51:39,720 [AetherRepositoryConnector-repo.maven.apache.org-1-1] INFO  o.e.m.c.i.e.AbstractTransferListenerAdapter - Downloaded https://repo.maven.apache.org/maven2/org/springframework/spring-core/6.2.8/spring-core-6.2.8.jar
2025-08-17 11:51:39,720 [AetherRepositoryConnector-repo.maven.apache.org-1-4] INFO  o.e.m.c.i.e.AbstractTransferListenerAdapter - Downloaded https://repo.maven.apache.org/maven2/org/springframework/spring-jcl/6.2.8/spring-jcl-6.2.8.jar
2025-08-17 11:51:39,720 [AetherRepositoryConnector-repo.maven.apache.org-1-1] INFO  o.e.m.c.i.e.AbstractTransferListenerAdapter - Downloaded https://repo.maven.apache.org/maven2/org/springframework/spring-test/6.2.8/spring-test-6.2.8.jar
2025-08-17 11:51:39,720 [AetherRepositoryConnector-repo.maven.apache.org-1-4] INFO  o.e.m.c.i.e.AbstractTransferListenerAdapter - Downloaded https://repo.maven.apache.org/maven2/org/xmlunit/xmlunit-core/2.10.2/xmlunit-core-2.10.2.jar
2025-08-17 11:51:39,738 [AetherRepositoryConnector-repo.maven.apache.org-1-2] INFO  o.e.m.c.i.e.AbstractTransferListenerAdapter - Downloaded https://repo.maven.apache.org/maven2/io/prometheus/prometheus-metrics-exposition-formats/1.3.8/prometheus-metrics-exposition-formats-1.3.8.jar
2025-08-17 11:51:39,770 [AetherRepositoryConnector-repo.maven.apache.org-1-0] INFO  o.e.m.c.i.e.AbstractTransferListenerAdapter - Downloaded https://repo.maven.apache.org/maven2/io/opentelemetry/opentelemetry-sdk-extension-autoconfigure-spi/1.49.0/opentelemetry-sdk-extension-autoconfigure-spi-1.49.0.jar
2025-08-17 11:51:39,799 [AetherRepositoryConnector-repo.maven.apache.org-1-3] INFO  o.e.m.c.i.e.AbstractTransferListenerAdapter - Downloaded https://repo.maven.apache.org/maven2/io/zipkin/reporter2/zipkin-sender-okhttp3/3.5.1/zipkin-sender-okhttp3-3.5.1.jar
2025-08-17 11:51:41,685 [Worker-15: Importing Maven projects] INFO  o.e.m.c.i.l.LifecycleMappingFactory - Using org.eclipse.m2e.jdt.JarLifecycleMapping lifecycle mapping for MavenProject: com.sivalabs:catalog-service:0.0.1-SNAPSHOT @ D:\Eclipse_workspace\book store\catalog-service\pom.xml.
2025-08-17 11:52:07,199 [Worker-15: Importing Maven projects] INFO  o.e.m.c.i.e.AbstractTransferListenerAdapter - Downloading https://repo.maven.apache.org/maven2/org/springframework/boot/spring-boot-starter-data-jpa/3.5.3/spring-boot-starter-data-jpa-3.5.3.pom
2025-08-17 11:52:07,212 [Worker-15: Importing Maven projects] INFO  o.e.m.c.i.e.AbstractTransferListenerAdapter - Downloaded https://repo.maven.apache.org/maven2/org/springframework/boot/spring-boot-starter-data-jpa/3.5.3/spring-boot-starter-data-jpa-3.5.3.pom
2025-08-17 11:52:07,408 [Worker-15: Importing Maven projects] INFO  o.e.m.c.i.e.AbstractTransferListenerAdapter - Downloaded https://repo.maven.apache.org/maven2/org/springframework/boot/spring-boot-starter-web/3.5.3/spring-boot-starter-web-3.5.3.pom
2025-08-17 11:52:07,432 [Worker-15: Importing Maven projects] INFO  o.e.m.c.i.e.AbstractTransferListenerAdapter - Downloaded https://repo.maven.apache.org/maven2/com/fasterxml/jackson/dataformat/jackson-dataformat-toml/2.19.1/jackson-dataformat-toml-2.19.1.pom
2025-08-17 11:52:07,435 [Worker-15: Importing Maven projects] INFO  o.e.m.c.i.e.AbstractTransferListenerAdapter - Downloaded https://repo1.maven.org/maven2/com/fasterxml/jackson/dataformat/jackson-dataformat-toml/2.19.1/jackson-dataformat-toml-2.19.1.pom
2025-08-17 11:52:07,438 [Worker-15: Importing Maven projects] INFO  o.e.m.c.i.e.AbstractTransferListenerAdapter - Downloaded https://repo.gradle.org/gradle/libs-releases-local/com/fasterxml/jackson/dataformat/jackson-dataformat-toml/2.19.1/jackson-dataformat-toml-2.19.1.pom
2025-08-17 11:52:07,441 [Worker-15: Importing Maven projects] INFO  o.e.m.c.i.e.AbstractTransferListenerAdapter - Downloaded https://s3.amazonaws.com/redshift-maven-repository/release/com/fasterxml/jackson/dataformat/jackson-dataformat-toml/2.19.1/jackson-dataformat-toml-2.19.1.pom
2025-08-17 11:52:07,444 [Worker-15: Importing Maven projects] INFO  o.e.m.c.i.e.AbstractTransferListenerAdapter - Downloaded https://maven.pkg.github.com/flyway/flyway-community-db-support/com/fasterxml/jackson/dataformat/jackson-dataformat-toml/2.19.1/jackson-dataformat-toml-2.19.1.pom
2025-08-17 11:52:07,469 [Worker-15: Importing Maven projects] INFO  o.e.m.c.i.e.AbstractTransferListenerAdapter - Downloaded https://repo.maven.apache.org/maven2/org/flywaydb/flyway-database-postgresql/11.7.2/flyway-database-postgresql-11.7.2.pom
2025-08-17 11:52:07,472 [Worker-15: Importing Maven projects] INFO  o.e.m.c.i.e.AbstractTransferListenerAdapter - Downloaded https://repo.maven.apache.org/maven2/org/springdoc/springdoc-openapi-starter-webmvc-ui/2.8.9/springdoc-openapi-starter-webmvc-ui-2.8.9.pom
2025-08-17 11:52:07,475 [Worker-15: Importing Maven projects] INFO  o.e.m.c.i.e.AbstractTransferListenerAdapter - Downloaded https://repo.maven.apache.org/maven2/org/springframework/boot/spring-boot-devtools/3.5.3/spring-boot-devtools-3.5.3.pom
2025-08-17 11:52:07,596 [Worker-15: Importing Maven projects] INFO  o.e.m.c.i.e.AbstractTransferListenerAdapter - Downloaded https://repo.maven.apache.org/maven2/org/postgresql/postgresql/42.7.7/postgresql-42.7.7.pom
2025-08-17 11:52:07,619 [Worker-15: Importing Maven projects] INFO  o.e.m.c.i.e.AbstractTransferListenerAdapter - Downloaded https://repo.maven.apache.org/maven2/org/springframework/boot/spring-boot-configuration-processor/3.5.3/spring-boot-configuration-processor-3.5.3.pom
2025-08-17 11:52:07,701 [Worker-15: Importing Maven projects] INFO  o.e.m.c.i.e.AbstractTransferListenerAdapter - Downloaded https://repo.maven.apache.org/maven2/org/springframework/boot/spring-boot-testcontainers/3.5.3/spring-boot-testcontainers-3.5.3.pom
2025-08-17 11:52:07,704 [Worker-15: Importing Maven projects] INFO  o.e.m.c.i.e.AbstractTransferListenerAdapter - Downloaded https://repo.maven.apache.org/maven2/org/testcontainers/junit-jupiter/1.21.2/junit-jupiter-1.21.2.pom
2025-08-17 11:52:07,707 [Worker-15: Importing Maven projects] INFO  o.e.m.c.i.e.AbstractTransferListenerAdapter - Downloaded https://repo.maven.apache.org/maven2/org/testcontainers/postgresql/1.21.2/postgresql-1.21.2.pom
2025-08-17 11:52:07,710 [Worker-15: Importing Maven projects] INFO  o.e.m.c.i.e.AbstractTransferListenerAdapter - Downloaded https://repo.maven.apache.org/maven2/io/rest-assured/rest-assured/5.5.5/rest-assured-5.5.5.pom
2025-08-17 11:52:08,691 [Worker-15: Importing Maven projects] INFO  o.e.m.c.i.e.AbstractTransferListenerAdapter - Downloaded https://repo.maven.apache.org/maven2/com/diffplug/spotless/spotless-maven-plugin/2.46.1/spotless-maven-plugin-2.46.1.pom
2025-08-17 11:52:09,964 [Worker-16: Download sources and javadoc] INFO  o.e.m.c.i.e.AbstractTransferListenerAdapter - Downloading https://repo.maven.apache.org/maven2/org/springframework/boot/spring-boot-starter-data-jpa/3.5.3/spring-boot-starter-data-jpa-3.5.3-sources.jar
2025-08-17 11:52:10,237 [Worker-16: Download sources and javadoc] INFO  o.e.m.c.i.e.AbstractTransferListenerAdapter - Downloaded https://repo.maven.apache.org/maven2/org/springframework/boot/spring-boot-starter-data-jpa/3.5.3/spring-boot-starter-data-jpa-3.5.3-sources.jar
2025-08-17 11:52:10,248 [Worker-16: Download sources and javadoc] INFO  o.e.m.j.internal.DownloadSourcesJob - Downloaded sources for org.springframework.boot:spring-boot-starter-data-jpa:3.5.3
2025-08-17 11:52:10,617 [Worker-16: Download sources and javadoc] INFO  o.e.m.c.i.e.AbstractTransferListenerAdapter - Downloading https://repo.maven.apache.org/maven2/org/springframework/boot/spring-boot-starter-validation/3.5.3/spring-boot-starter-validation-3.5.3-sources.jar
2025-08-17 11:52:10,696 [Worker-16: Download sources and javadoc] INFO  o.e.m.c.i.e.AbstractTransferListenerAdapter - Downloaded https://repo.maven.apache.org/maven2/org/springframework/boot/spring-boot-starter-validation/3.5.3/spring-boot-starter-validation-3.5.3-sources.jar
2025-08-17 11:52:10,704 [Worker-16: Download sources and javadoc] INFO  o.e.m.j.internal.DownloadSourcesJob - Downloaded sources for org.springframework.boot:spring-boot-starter-validation:3.5.3
2025-08-17 11:52:19,621 [Worker-16: Download sources and javadoc] INFO  o.e.m.c.i.e.AbstractTransferListenerAdapter - Downloading https://repo.maven.apache.org/maven2/org/springframework/boot/spring-boot-starter/3.5.3/spring-boot-starter-3.5.3-sources.jar
2025-08-17 11:52:19,898 [Worker-16: Download sources and javadoc] INFO  o.e.m.c.i.e.AbstractTransferListenerAdapter - Downloaded https://repo.maven.apache.org/maven2/org/springframework/boot/spring-boot-starter/3.5.3/spring-boot-starter-3.5.3-sources.jar
2025-08-17 11:52:19,903 [Worker-16: Download sources and javadoc] INFO  o.e.m.j.internal.DownloadSourcesJob - Downloaded sources for org.springframework.boot:spring-boot-starter:3.5.3
2025-08-17 11:52:20,466 [Worker-16: Download sources and javadoc] INFO  o.e.m.c.i.e.AbstractTransferListenerAdapter - Downloading https://repo.maven.apache.org/maven2/org/springframework/boot/spring-boot/3.5.3/spring-boot-3.5.3-sources.jar
2025-08-17 11:52:25,613 [Worker-16: Download sources and javadoc] INFO  o.e.m.c.i.e.AbstractTransferListenerAdapter - Downloaded https://repo.maven.apache.org/maven2/org/springframework/boot/spring-boot/3.5.3/spring-boot-3.5.3-sources.jar
2025-08-17 11:52:25,628 [Worker-16: Download sources and javadoc] INFO  o.e.m.j.internal.DownloadSourcesJob - Downloaded sources for org.springframework.boot:spring-boot:3.5.3
2025-08-17 11:52:25,720 [Worker-16: Download sources and javadoc] INFO  o.e.m.c.i.e.AbstractTransferListenerAdapter - Downloading https://repo.maven.apache.org/maven2/org/springframework/spring-context/6.2.8/spring-context-6.2.8-sources.jar
2025-08-17 11:52:26,676 [Worker-16: Download sources and javadoc] INFO  o.e.m.c.i.e.AbstractTransferListenerAdapter - Downloaded https://repo.maven.apache.org/maven2/org/springframework/spring-context/6.2.8/spring-context-6.2.8-sources.jar
2025-08-17 11:52:26,690 [Worker-16: Download sources and javadoc] ERROR o.e.m.j.internal.DownloadSourcesJob - Could not download sources for org.springframework:spring-context:6.2.8
org.eclipse.core.runtime.CoreException: Could not resolve artifact org.springframework:spring-context:jar:sources:6.2.8
	at org.eclipse.m2e.core.internal.embedder.MavenImpl.lambda$6(MavenImpl.java:608) ~[na:na]
	at org.eclipse.m2e.core.internal.embedder.MavenExecutionContext.executeBare(MavenExecutionContext.java:350) ~[na:na]
	at org.eclipse.m2e.core.internal.embedder.MavenExecutionContext.execute(MavenExecutionContext.java:219) ~[na:na]
	at org.eclipse.m2e.core.internal.embedder.MavenExecutionContext.execute(MavenExecutionContext.java:205) ~[na:na]
	at org.eclipse.m2e.core.internal.embedder.MavenImpl.resolve(MavenImpl.java:577) ~[na:na]
	at org.eclipse.m2e.core.internal.embedder.MavenImpl.resolve(MavenImpl.java:562) ~[na:na]
	at org.eclipse.m2e.jdt.internal.DownloadSourcesJob.download(DownloadSourcesJob.java:308) ~[na:na]
	at org.eclipse.m2e.jdt.internal.DownloadSourcesJob.downloadAttachments(DownloadSourcesJob.java:282) ~[na:na]
	at org.eclipse.m2e.jdt.internal.DownloadSourcesJob.downloadMaven(DownloadSourcesJob.java:252) ~[na:na]
	at org.eclipse.m2e.jdt.internal.DownloadSourcesJob.downloadFilesAndPopulateToUpdate(DownloadSourcesJob.java:220) ~[na:na]
	at org.eclipse.m2e.jdt.internal.DownloadSourcesJob.lambda$0(DownloadSourcesJob.java:149) ~[na:na]
	at org.eclipse.m2e.core.internal.embedder.MavenExecutionContext.executeBare(MavenExecutionContext.java:350) ~[na:na]
	at org.eclipse.m2e.core.internal.embedder.MavenExecutionContext.execute(MavenExecutionContext.java:262) ~[na:na]
	at org.eclipse.m2e.core.internal.embedder.MavenExecutionContext.execute(MavenExecutionContext.java:205) ~[na:na]
	at org.eclipse.m2e.core.embedder.IMaven.execute(IMaven.java:270) ~[na:na]
	at org.eclipse.m2e.jdt.internal.DownloadSourcesJob.run(DownloadSourcesJob.java:149) ~[na:na]
	at org.eclipse.core.internal.jobs.Worker.run(Worker.java:63) ~[org.eclipse.core.jobs_3.13.100.v20220817-1539.jar:na]
2025-08-17 11:52:51,888 [Worker-15: Importing Maven projects] INFO  o.e.m.c.i.l.LifecycleMappingFactory - Using org.eclipse.m2e.jdt.JarLifecycleMapping lifecycle mapping for MavenProject: com.sivalabs:catalog-service:0.0.1-SNAPSHOT @ D:\Eclipse_workspace\book store\catalog-service\pom.xml.
2025-08-17 11:52:53,003 [Worker-15: Importing Maven projects] INFO  o.e.m.c.i.l.LifecycleMappingFactory - Using org.eclipse.m2e.jdt.JarLifecycleMapping lifecycle mapping for MavenProject: com.sivalabs:order-service:0.0.1-SNAPSHOT @ D:\Eclipse_workspace\book store\order-service\pom.xml.
2025-08-17 11:53:12,039 [Worker-15: Importing Maven projects] INFO  o.e.m.c.i.e.AbstractTransferListenerAdapter - Downloading https://repo.maven.apache.org/maven2/org/springframework/boot/spring-boot-starter-amqp/3.5.3/spring-boot-starter-amqp-3.5.3.pom
2025-08-17 11:53:12,300 [Worker-15: Importing Maven projects] INFO  o.e.m.c.i.e.AbstractTransferListenerAdapter - Downloaded https://repo.maven.apache.org/maven2/org/springframework/boot/spring-boot-starter-amqp/3.5.3/spring-boot-starter-amqp-3.5.3.pom
2025-08-17 11:53:12,325 [Worker-15: Importing Maven projects] INFO  o.e.m.c.i.e.AbstractTransferListenerAdapter - Downloading https://repo.maven.apache.org/maven2/org/springframework/spring-messaging/6.2.8/spring-messaging-6.2.8.pom
2025-08-17 11:53:12,348 [Worker-15: Importing Maven projects] INFO  o.e.m.c.i.e.AbstractTransferListenerAdapter - Downloaded https://repo.maven.apache.org/maven2/org/springframework/spring-messaging/6.2.8/spring-messaging-6.2.8.pom
2025-08-17 11:53:12,372 [Worker-15: Importing Maven projects] INFO  o.e.m.c.i.e.AbstractTransferListenerAdapter - Downloading https://repo.maven.apache.org/maven2/org/springframework/amqp/spring-rabbit/3.2.5/spring-rabbit-3.2.5.pom
2025-08-17 11:53:12,621 [Worker-15: Importing Maven projects] INFO  o.e.m.c.i.e.AbstractTransferListenerAdapter - Downloaded https://repo.maven.apache.org/maven2/org/springframework/amqp/spring-rabbit/3.2.5/spring-rabbit-3.2.5.pom
2025-08-17 11:53:12,657 [Worker-15: Importing Maven projects] INFO  o.e.m.c.i.e.AbstractTransferListenerAdapter - Downloading https://repo.maven.apache.org/maven2/org/springframework/amqp/spring-amqp/3.2.5/spring-amqp-3.2.5.pom
2025-08-17 11:53:12,690 [Worker-15: Importing Maven projects] INFO  o.e.m.c.i.e.AbstractTransferListenerAdapter - Downloaded https://repo.maven.apache.org/maven2/org/springframework/amqp/spring-amqp/3.2.5/spring-amqp-3.2.5.pom
2025-08-17 11:53:12,720 [Worker-15: Importing Maven projects] INFO  o.e.m.c.i.e.AbstractTransferListenerAdapter - Downloading https://repo.maven.apache.org/maven2/com/rabbitmq/amqp-client/5.25.0/amqp-client-5.25.0.pom
2025-08-17 11:53:12,778 [Worker-15: Importing Maven projects] INFO  o.e.m.c.i.e.AbstractTransferListenerAdapter - Downloaded https://repo.maven.apache.org/maven2/com/rabbitmq/amqp-client/5.25.0/amqp-client-5.25.0.pom
2025-08-17 11:53:12,858 [Worker-15: Importing Maven projects] INFO  o.e.m.c.i.e.AbstractTransferListenerAdapter - Downloading https://repo.maven.apache.org/maven2/org/springframework/spring-tx/6.2.8/spring-tx-6.2.8.pom
2025-08-17 11:53:12,952 [Worker-15: Importing Maven projects] INFO  o.e.m.c.i.e.AbstractTransferListenerAdapter - Downloaded https://repo.maven.apache.org/maven2/org/springframework/spring-tx/6.2.8/spring-tx-6.2.8.pom
2025-08-17 11:53:13,249 [Worker-15: Importing Maven projects] INFO  o.e.m.c.i.e.AbstractTransferListenerAdapter - Downloading https://repo.maven.apache.org/maven2/org/springframework/boot/spring-boot-starter-oauth2-resource-server/3.5.3/spring-boot-starter-oauth2-resource-server-3.5.3.pom
2025-08-17 11:53:13,332 [Worker-15: Importing Maven projects] INFO  o.e.m.c.i.e.AbstractTransferListenerAdapter - Downloaded https://repo.maven.apache.org/maven2/org/springframework/boot/spring-boot-starter-oauth2-resource-server/3.5.3/spring-boot-starter-oauth2-resource-server-3.5.3.pom
2025-08-17 11:53:13,422 [Worker-15: Importing Maven projects] INFO  o.e.m.c.i.e.AbstractTransferListenerAdapter - Downloading https://repo.maven.apache.org/maven2/org/springframework/security/spring-security-config/6.5.1/spring-security-config-6.5.1.pom
2025-08-17 11:53:13,467 [Worker-15: Importing Maven projects] INFO  o.e.m.c.i.e.AbstractTransferListenerAdapter - Downloaded https://repo.maven.apache.org/maven2/org/springframework/security/spring-security-config/6.5.1/spring-security-config-6.5.1.pom
2025-08-17 11:53:13,504 [Worker-15: Importing Maven projects] INFO  o.e.m.c.i.e.AbstractTransferListenerAdapter - Downloading https://repo.maven.apache.org/maven2/org/springframework/security/spring-security-core/6.5.1/spring-security-core-6.5.1.pom
2025-08-17 11:53:13,653 [Worker-15: Importing Maven projects] INFO  o.e.m.c.i.e.AbstractTransferListenerAdapter - Downloaded https://repo.maven.apache.org/maven2/org/springframework/security/spring-security-core/6.5.1/spring-security-core-6.5.1.pom
2025-08-17 11:53:13,718 [Worker-15: Importing Maven projects] INFO  o.e.m.c.i.e.AbstractTransferListenerAdapter - Downloading https://repo.maven.apache.org/maven2/org/springframework/security/spring-security-oauth2-resource-server/6.5.1/spring-security-oauth2-resource-server-6.5.1.pom
2025-08-17 11:53:14,043 [Worker-15: Importing Maven projects] INFO  o.e.m.c.i.e.AbstractTransferListenerAdapter - Downloaded https://repo.maven.apache.org/maven2/org/springframework/security/spring-security-oauth2-resource-server/6.5.1/spring-security-oauth2-resource-server-6.5.1.pom
2025-08-17 11:53:14,088 [Worker-15: Importing Maven projects] INFO  o.e.m.c.i.e.AbstractTransferListenerAdapter - Downloading https://repo.maven.apache.org/maven2/org/springframework/security/spring-security-oauth2-core/6.5.1/spring-security-oauth2-core-6.5.1.pom
2025-08-17 11:53:14,125 [Worker-15: Importing Maven projects] INFO  o.e.m.c.i.e.AbstractTransferListenerAdapter - Downloaded https://repo.maven.apache.org/maven2/org/springframework/security/spring-security-oauth2-core/6.5.1/spring-security-oauth2-core-6.5.1.pom
2025-08-17 11:53:14,161 [Worker-15: Importing Maven projects] INFO  o.e.m.c.i.e.AbstractTransferListenerAdapter - Downloading https://repo.maven.apache.org/maven2/org/springframework/security/spring-security-web/6.5.1/spring-security-web-6.5.1.pom
2025-08-17 11:53:14,194 [Worker-15: Importing Maven projects] INFO  o.e.m.c.i.e.AbstractTransferListenerAdapter - Downloaded https://repo.maven.apache.org/maven2/org/springframework/security/spring-security-web/6.5.1/spring-security-web-6.5.1.pom
2025-08-17 11:53:14,224 [Worker-15: Importing Maven projects] INFO  o.e.m.c.i.e.AbstractTransferListenerAdapter - Downloading https://repo.maven.apache.org/maven2/org/springframework/security/spring-security-oauth2-jose/6.5.1/spring-security-oauth2-jose-6.5.1.pom
2025-08-17 11:53:14,308 [Worker-15: Importing Maven projects] INFO  o.e.m.c.i.e.AbstractTransferListenerAdapter - Downloaded https://repo.maven.apache.org/maven2/org/springframework/security/spring-security-oauth2-jose/6.5.1/spring-security-oauth2-jose-6.5.1.pom
2025-08-17 11:53:14,366 [Worker-15: Importing Maven projects] INFO  o.e.m.c.i.e.AbstractTransferListenerAdapter - Downloading https://repo.maven.apache.org/maven2/org/springframework/boot/spring-boot-starter-security/3.5.3/spring-boot-starter-security-3.5.3.pom
2025-08-17 11:53:14,438 [Worker-15: Importing Maven projects] INFO  o.e.m.c.i.e.AbstractTransferListenerAdapter - Downloaded https://repo.maven.apache.org/maven2/org/springframework/boot/spring-boot-starter-security/3.5.3/spring-boot-starter-security-3.5.3.pom
2025-08-17 11:53:14,491 [Worker-15: Importing Maven projects] INFO  o.e.m.c.i.e.AbstractTransferListenerAdapter - Downloading https://repo.maven.apache.org/maven2/io/github/resilience4j/resilience4j-spring-boot3/2.3.0/resilience4j-spring-boot3-2.3.0.pom
2025-08-17 11:53:14,567 [Worker-15: Importing Maven projects] INFO  o.e.m.c.i.e.AbstractTransferListenerAdapter - Downloaded https://repo.maven.apache.org/maven2/io/github/resilience4j/resilience4j-spring-boot3/2.3.0/resilience4j-spring-boot3-2.3.0.pom
2025-08-17 11:53:14,640 [Worker-15: Importing Maven projects] INFO  o.e.m.c.i.e.AbstractTransferListenerAdapter - Downloading https://repo.maven.apache.org/maven2/io/github/resilience4j/resilience4j-spring6/2.3.0/resilience4j-spring6-2.3.0.pom
2025-08-17 11:53:15,070 [Worker-15: Importing Maven projects] INFO  o.e.m.c.i.e.AbstractTransferListenerAdapter - Downloaded https://repo.maven.apache.org/maven2/io/github/resilience4j/resilience4j-spring6/2.3.0/resilience4j-spring6-2.3.0.pom
2025-08-17 11:53:15,144 [Worker-15: Importing Maven projects] INFO  o.e.m.c.i.e.AbstractTransferListenerAdapter - Downloading https://repo.maven.apache.org/maven2/io/github/resilience4j/resilience4j-annotations/2.3.0/resilience4j-annotations-2.3.0.pom
2025-08-17 11:53:15,417 [Worker-15: Importing Maven projects] INFO  o.e.m.c.i.e.AbstractTransferListenerAdapter - Downloaded https://repo.maven.apache.org/maven2/io/github/resilience4j/resilience4j-annotations/2.3.0/resilience4j-annotations-2.3.0.pom
2025-08-17 11:53:15,492 [Worker-15: Importing Maven projects] INFO  o.e.m.c.i.e.AbstractTransferListenerAdapter - Downloading https://repo.maven.apache.org/maven2/io/github/resilience4j/resilience4j-consumer/2.3.0/resilience4j-consumer-2.3.0.pom
2025-08-17 11:53:15,660 [Worker-15: Importing Maven projects] INFO  o.e.m.c.i.e.AbstractTransferListenerAdapter - Downloaded https://repo.maven.apache.org/maven2/io/github/resilience4j/resilience4j-consumer/2.3.0/resilience4j-consumer-2.3.0.pom
2025-08-17 11:53:15,734 [Worker-15: Importing Maven projects] INFO  o.e.m.c.i.e.AbstractTransferListenerAdapter - Downloading https://repo.maven.apache.org/maven2/io/github/resilience4j/resilience4j-core/2.3.0/resilience4j-core-2.3.0.pom
2025-08-17 11:53:15,823 [Worker-15: Importing Maven projects] INFO  o.e.m.c.i.e.AbstractTransferListenerAdapter - Downloaded https://repo.maven.apache.org/maven2/io/github/resilience4j/resilience4j-core/2.3.0/resilience4j-core-2.3.0.pom
2025-08-17 11:53:15,921 [Worker-15: Importing Maven projects] INFO  o.e.m.c.i.e.AbstractTransferListenerAdapter - Downloading https://repo.maven.apache.org/maven2/io/github/resilience4j/resilience4j-circularbuffer/2.3.0/resilience4j-circularbuffer-2.3.0.pom
2025-08-17 11:53:16,035 [Worker-15: Importing Maven projects] INFO  o.e.m.c.i.e.AbstractTransferListenerAdapter - Downloaded https://repo.maven.apache.org/maven2/io/github/resilience4j/resilience4j-circularbuffer/2.3.0/resilience4j-circularbuffer-2.3.0.pom
2025-08-17 11:53:16,539 [Worker-15: Importing Maven projects] INFO  o.e.m.c.i.e.AbstractTransferListenerAdapter - Downloading https://repo.maven.apache.org/maven2/io/github/resilience4j/resilience4j-framework-common/2.3.0/resilience4j-framework-common-2.3.0.pom
2025-08-17 11:53:16,777 [Worker-15: Importing Maven projects] INFO  o.e.m.c.i.e.AbstractTransferListenerAdapter - Downloaded https://repo.maven.apache.org/maven2/io/github/resilience4j/resilience4j-framework-common/2.3.0/resilience4j-framework-common-2.3.0.pom
2025-08-17 11:53:16,892 [Worker-15: Importing Maven projects] INFO  o.e.m.c.i.e.AbstractTransferListenerAdapter - Downloading https://repo.maven.apache.org/maven2/io/github/resilience4j/resilience4j-circuitbreaker/2.3.0/resilience4j-circuitbreaker-2.3.0.pom
2025-08-17 11:53:17,012 [Worker-15: Importing Maven projects] INFO  o.e.m.c.i.e.AbstractTransferListenerAdapter - Downloaded https://repo.maven.apache.org/maven2/io/github/resilience4j/resilience4j-circuitbreaker/2.3.0/resilience4j-circuitbreaker-2.3.0.pom
2025-08-17 11:53:17,327 [Worker-15: Importing Maven projects] INFO  o.e.m.c.i.e.AbstractTransferListenerAdapter - Downloading https://repo.maven.apache.org/maven2/io/github/resilience4j/resilience4j-ratelimiter/2.3.0/resilience4j-ratelimiter-2.3.0.pom
2025-08-17 11:53:17,427 [Worker-15: Importing Maven projects] INFO  o.e.m.c.i.e.AbstractTransferListenerAdapter - Downloaded https://repo.maven.apache.org/maven2/io/github/resilience4j/resilience4j-ratelimiter/2.3.0/resilience4j-ratelimiter-2.3.0.pom
2025-08-17 11:53:17,765 [Worker-15: Importing Maven projects] INFO  o.e.m.c.i.e.AbstractTransferListenerAdapter - Downloading https://repo.maven.apache.org/maven2/io/github/resilience4j/resilience4j-retry/2.3.0/resilience4j-retry-2.3.0.pom
2025-08-17 11:53:24,816 [Worker-15: Importing Maven projects] INFO  o.e.m.c.i.e.AbstractTransferListenerAdapter - Downloaded https://repo.maven.apache.org/maven2/io/github/resilience4j/resilience4j-retry/2.3.0/resilience4j-retry-2.3.0.pom
2025-08-17 11:53:24,862 [Worker-15: Importing Maven projects] INFO  o.e.m.c.i.e.AbstractTransferListenerAdapter - Downloading https://repo.maven.apache.org/maven2/io/github/resilience4j/resilience4j-bulkhead/2.3.0/resilience4j-bulkhead-2.3.0.pom
2025-08-17 11:53:25,365 [Worker-15: Importing Maven projects] INFO  o.e.m.c.i.e.AbstractTransferListenerAdapter - Downloaded https://repo.maven.apache.org/maven2/io/github/resilience4j/resilience4j-bulkhead/2.3.0/resilience4j-bulkhead-2.3.0.pom
2025-08-17 11:53:27,716 [Worker-15: Importing Maven projects] INFO  o.e.m.c.i.e.AbstractTransferListenerAdapter - Downloading https://repo.maven.apache.org/maven2/io/github/resilience4j/resilience4j-timelimiter/2.3.0/resilience4j-timelimiter-2.3.0.pom
2025-08-17 11:53:27,932 [Worker-15: Importing Maven projects] INFO  o.e.m.c.i.e.AbstractTransferListenerAdapter - Downloaded https://repo.maven.apache.org/maven2/io/github/resilience4j/resilience4j-timelimiter/2.3.0/resilience4j-timelimiter-2.3.0.pom
2025-08-17 11:53:27,987 [Worker-15: Importing Maven projects] INFO  o.e.m.c.i.e.AbstractTransferListenerAdapter - Downloading https://repo.maven.apache.org/maven2/io/github/resilience4j/resilience4j-micrometer/2.3.0/resilience4j-micrometer-2.3.0.pom
2025-08-17 11:53:28,773 [Worker-15: Importing Maven projects] INFO  o.e.m.c.i.e.AbstractTransferListenerAdapter - Downloaded https://repo.maven.apache.org/maven2/io/github/resilience4j/resilience4j-micrometer/2.3.0/resilience4j-micrometer-2.3.0.pom
2025-08-17 11:53:30,597 [Worker-15: Importing Maven projects] INFO  o.e.m.c.i.e.AbstractTransferListenerAdapter - Downloading https://repo.maven.apache.org/maven2/net/javacrumbs/shedlock/shedlock-spring/6.9.2/shedlock-spring-6.9.2.pom
2025-08-17 11:53:31,227 [Worker-15: Importing Maven projects] INFO  o.e.m.c.i.e.AbstractTransferListenerAdapter - Downloaded https://repo.maven.apache.org/maven2/net/javacrumbs/shedlock/shedlock-spring/6.9.2/shedlock-spring-6.9.2.pom
2025-08-17 11:53:31,330 [Worker-15: Importing Maven projects] INFO  o.e.m.c.i.e.AbstractTransferListenerAdapter - Downloading https://repo.maven.apache.org/maven2/net/javacrumbs/shedlock/shedlock-parent/6.9.2/shedlock-parent-6.9.2.pom
2025-08-17 11:53:33,248 [Worker-15: Importing Maven projects] INFO  o.e.m.c.i.e.AbstractTransferListenerAdapter - Downloaded https://repo.maven.apache.org/maven2/net/javacrumbs/shedlock/shedlock-parent/6.9.2/shedlock-parent-6.9.2.pom
2025-08-17 11:53:33,831 [Worker-15: Importing Maven projects] INFO  o.e.m.c.i.e.AbstractTransferListenerAdapter - Downloading https://repo.maven.apache.org/maven2/net/javacrumbs/shedlock/shedlock-core/6.9.2/shedlock-core-6.9.2.pom
2025-08-17 11:53:37,397 [Worker-15: Importing Maven projects] INFO  o.e.m.c.i.e.AbstractTransferListenerAdapter - Downloaded https://repo.maven.apache.org/maven2/net/javacrumbs/shedlock/shedlock-core/6.9.2/shedlock-core-6.9.2.pom
2025-08-17 11:53:44,455 [Worker-15: Importing Maven projects] INFO  o.e.m.c.i.e.AbstractTransferListenerAdapter - Downloading https://repo.maven.apache.org/maven2/net/javacrumbs/shedlock/shedlock-provider-jdbc-template/6.9.2/shedlock-provider-jdbc-template-6.9.2.pom
2025-08-17 11:53:48,764 [Worker-15: Importing Maven projects] INFO  o.e.m.c.i.e.AbstractTransferListenerAdapter - Downloaded https://repo.maven.apache.org/maven2/net/javacrumbs/shedlock/shedlock-provider-jdbc-template/6.9.2/shedlock-provider-jdbc-template-6.9.2.pom
2025-08-17 11:53:52,501 [Worker-15: Importing Maven projects] INFO  o.e.m.c.i.e.AbstractTransferListenerAdapter - Downloading https://repo.maven.apache.org/maven2/org/springframework/spring-jdbc/6.2.8/spring-jdbc-6.2.8.pom
2025-08-17 11:53:59,383 [Worker-15: Importing Maven projects] INFO  o.e.m.c.i.e.AbstractTransferListenerAdapter - Downloaded https://repo.maven.apache.org/maven2/org/springframework/spring-jdbc/6.2.8/spring-jdbc-6.2.8.pom
2025-08-17 11:53:59,742 [Worker-15: Importing Maven projects] INFO  o.e.m.c.i.e.AbstractTransferListenerAdapter - Downloading https://repo.maven.apache.org/maven2/org/springframework/amqp/spring-rabbit-test/3.2.5/spring-rabbit-test-3.2.5.pom
2025-08-17 11:54:00,276 [Worker-15: Importing Maven projects] INFO  o.e.m.c.i.e.AbstractTransferListenerAdapter - Downloaded https://repo.maven.apache.org/maven2/org/springframework/amqp/spring-rabbit-test/3.2.5/spring-rabbit-test-3.2.5.pom
2025-08-17 11:54:00,310 [Worker-15: Importing Maven projects] INFO  o.e.m.c.i.e.AbstractTransferListenerAdapter - Downloading https://repo.maven.apache.org/maven2/org/springframework/amqp/spring-rabbit-junit/3.2.5/spring-rabbit-junit-3.2.5.pom
2025-08-17 11:54:00,715 [Worker-15: Importing Maven projects] INFO  o.e.m.c.i.e.AbstractTransferListenerAdapter - Downloaded https://repo.maven.apache.org/maven2/org/springframework/amqp/spring-rabbit-junit/3.2.5/spring-rabbit-junit-3.2.5.pom
2025-08-17 11:54:00,749 [Worker-15: Importing Maven projects] INFO  o.e.m.c.i.e.AbstractTransferListenerAdapter - Downloading https://repo.maven.apache.org/maven2/org/hamcrest/hamcrest-library/3.0/hamcrest-library-3.0.pom
2025-08-17 11:54:00,887 [Worker-15: Importing Maven projects] INFO  o.e.m.c.i.e.AbstractTransferListenerAdapter - Downloaded https://repo.maven.apache.org/maven2/org/hamcrest/hamcrest-library/3.0/hamcrest-library-3.0.pom
2025-08-17 11:54:01,605 [Worker-15: Importing Maven projects] INFO  o.e.m.c.i.e.AbstractTransferListenerAdapter - Downloading https://repo.maven.apache.org/maven2/org/testcontainers/rabbitmq/1.21.2/rabbitmq-1.21.2.pom
2025-08-17 11:54:02,307 [Worker-15: Importing Maven projects] INFO  o.e.m.c.i.e.AbstractTransferListenerAdapter - Downloaded https://repo.maven.apache.org/maven2/org/testcontainers/rabbitmq/1.21.2/rabbitmq-1.21.2.pom
2025-08-17 11:54:02,347 [Worker-15: Importing Maven projects] INFO  o.e.m.c.i.e.AbstractTransferListenerAdapter - Downloading https://repo.maven.apache.org/maven2/org/testcontainers/testcontainers/1.21.2/testcontainers-1.21.2.pom
2025-08-17 11:54:02,437 [Worker-15: Importing Maven projects] INFO  o.e.m.c.i.e.AbstractTransferListenerAdapter - Downloaded https://repo.maven.apache.org/maven2/org/testcontainers/testcontainers/1.21.2/testcontainers-1.21.2.pom
2025-08-17 11:54:02,602 [Worker-15: Importing Maven projects] INFO  o.e.m.c.i.e.AbstractTransferListenerAdapter - Downloading https://repo.maven.apache.org/maven2/org/instancio/instancio-junit/5.4.1/instancio-junit-5.4.1.pom
2025-08-17 11:54:03,096 [Worker-15: Importing Maven projects] INFO  o.e.m.c.i.e.AbstractTransferListenerAdapter - Downloaded https://repo.maven.apache.org/maven2/org/instancio/instancio-junit/5.4.1/instancio-junit-5.4.1.pom
2025-08-17 11:54:03,143 [Worker-15: Importing Maven projects] INFO  o.e.m.c.i.e.AbstractTransferListenerAdapter - Downloading https://repo.maven.apache.org/maven2/org/instancio/instancio-parent/5.4.1/instancio-parent-5.4.1.pom
2025-08-17 11:54:03,725 [Worker-15: Importing Maven projects] INFO  o.e.m.c.i.e.AbstractTransferListenerAdapter - Downloaded https://repo.maven.apache.org/maven2/org/instancio/instancio-parent/5.4.1/instancio-parent-5.4.1.pom
2025-08-17 11:54:03,827 [Worker-15: Importing Maven projects] INFO  o.e.m.c.i.e.AbstractTransferListenerAdapter - Downloading https://repo.maven.apache.org/maven2/org/instancio/instancio-core/5.4.1/instancio-core-5.4.1.pom
2025-08-17 11:54:04,215 [Worker-15: Importing Maven projects] INFO  o.e.m.c.i.e.AbstractTransferListenerAdapter - Downloaded https://repo.maven.apache.org/maven2/org/instancio/instancio-core/5.4.1/instancio-core-5.4.1.pom
2025-08-17 11:54:04,256 [Worker-15: Importing Maven projects] INFO  o.e.m.c.i.e.AbstractTransferListenerAdapter - Downloading https://repo.maven.apache.org/maven2/org/wiremock/wiremock-standalone/3.13.1/wiremock-standalone-3.13.1.pom
2025-08-17 11:54:04,589 [Worker-15: Importing Maven projects] INFO  o.e.m.c.i.e.AbstractTransferListenerAdapter - Downloaded https://repo.maven.apache.org/maven2/org/wiremock/wiremock-standalone/3.13.1/wiremock-standalone-3.13.1.pom
2025-08-17 11:54:04,699 [Worker-15: Importing Maven projects] INFO  o.e.m.c.i.e.AbstractTransferListenerAdapter - Downloading https://repo.maven.apache.org/maven2/org/springframework/security/spring-security-test/6.5.1/spring-security-test-6.5.1.pom
2025-08-17 11:54:04,763 [Worker-15: Importing Maven projects] INFO  o.e.m.c.i.e.AbstractTransferListenerAdapter - Downloaded https://repo.maven.apache.org/maven2/org/springframework/security/spring-security-test/6.5.1/spring-security-test-6.5.1.pom
2025-08-17 11:54:05,018 [Worker-15: Importing Maven projects] INFO  o.e.m.c.i.e.AbstractTransferListenerAdapter - Downloading https://repo.maven.apache.org/maven2/org/wiremock/integrations/testcontainers/wiremock-testcontainers-module/1.0-alpha-15/wiremock-testcontainers-module-1.0-alpha-15.pom
2025-08-17 11:54:05,465 [Worker-15: Importing Maven projects] INFO  o.e.m.c.i.e.AbstractTransferListenerAdapter - Downloaded https://repo.maven.apache.org/maven2/org/wiremock/integrations/testcontainers/wiremock-testcontainers-module/1.0-alpha-15/wiremock-testcontainers-module-1.0-alpha-15.pom
2025-08-17 11:54:05,562 [Worker-15: Importing Maven projects] INFO  o.e.m.c.i.e.AbstractTransferListenerAdapter - Downloading https://repo.maven.apache.org/maven2/com/github/dasniko/testcontainers-keycloak/3.8.0/testcontainers-keycloak-3.8.0.pom
2025-08-17 11:54:05,921 [Worker-15: Importing Maven projects] INFO  o.e.m.c.i.e.AbstractTransferListenerAdapter - Downloaded https://repo.maven.apache.org/maven2/com/github/dasniko/testcontainers-keycloak/3.8.0/testcontainers-keycloak-3.8.0.pom
2025-08-17 11:54:06,062 [Worker-15: Importing Maven projects] INFO  o.e.m.c.i.e.AbstractTransferListenerAdapter - Downloading https://repo.maven.apache.org/maven2/io/quarkus/quarkus-junit4-mock/3.24.2/quarkus-junit4-mock-3.24.2.pom
2025-08-17 11:54:06,322 [Worker-15: Importing Maven projects] INFO  o.e.m.c.i.e.AbstractTransferListenerAdapter - Downloaded https://repo.maven.apache.org/maven2/io/quarkus/quarkus-junit4-mock/3.24.2/quarkus-junit4-mock-3.24.2.pom
2025-08-17 11:54:06,350 [Worker-15: Importing Maven projects] INFO  o.e.m.c.i.e.AbstractTransferListenerAdapter - Downloading https://repo.maven.apache.org/maven2/io/quarkus/quarkus-core-parent/3.24.2/quarkus-core-parent-3.24.2.pom
2025-08-17 11:54:06,630 [Worker-15: Importing Maven projects] INFO  o.e.m.c.i.e.AbstractTransferListenerAdapter - Downloaded https://repo.maven.apache.org/maven2/io/quarkus/quarkus-core-parent/3.24.2/quarkus-core-parent-3.24.2.pom
2025-08-17 11:54:06,672 [Worker-15: Importing Maven projects] INFO  o.e.m.c.i.e.AbstractTransferListenerAdapter - Downloading https://repo.maven.apache.org/maven2/io/quarkus/quarkus-build-parent/3.24.2/quarkus-build-parent-3.24.2.pom
2025-08-17 11:54:07,626 [Worker-15: Importing Maven projects] INFO  o.e.m.c.i.e.AbstractTransferListenerAdapter - Downloaded https://repo.maven.apache.org/maven2/io/quarkus/quarkus-build-parent/3.24.2/quarkus-build-parent-3.24.2.pom
2025-08-17 11:54:07,649 [Worker-15: Importing Maven projects] INFO  o.e.m.c.i.e.AbstractTransferListenerAdapter - Downloading https://repo.maven.apache.org/maven2/io/quarkus/quarkus-project/3.24.2/quarkus-project-3.24.2.pom
2025-08-17 11:54:08,066 [Worker-15: Importing Maven projects] INFO  o.e.m.c.i.e.AbstractTransferListenerAdapter - Downloaded https://repo.maven.apache.org/maven2/io/quarkus/quarkus-project/3.24.2/quarkus-project-3.24.2.pom
2025-08-17 11:54:08,102 [Worker-15: Importing Maven projects] INFO  o.e.m.c.i.e.AbstractTransferListenerAdapter - Downloading https://repo.maven.apache.org/maven2/io/quarkus/quarkus-parent/3.24.2/quarkus-parent-3.24.2.pom
2025-08-17 11:54:08,477 [Worker-15: Importing Maven projects] INFO  o.e.m.c.i.e.AbstractTransferListenerAdapter - Downloaded https://repo.maven.apache.org/maven2/io/quarkus/quarkus-parent/3.24.2/quarkus-parent-3.24.2.pom
2025-08-17 11:54:20,649 [Worker-15: Importing Maven projects] INFO  o.e.m.c.i.e.AbstractTransferListenerAdapter - Downloading https://repo.maven.apache.org/maven2/io/quarkus/quarkus-bom/3.24.2/quarkus-bom-3.24.2.pom
2025-08-17 11:54:22,208 [Worker-15: Importing Maven projects] INFO  o.e.m.c.i.e.AbstractTransferListenerAdapter - Downloaded https://repo.maven.apache.org/maven2/io/quarkus/quarkus-bom/3.24.2/quarkus-bom-3.24.2.pom
2025-08-17 11:54:22,425 [Worker-15: Importing Maven projects] INFO  o.e.m.c.i.e.AbstractTransferListenerAdapter - Downloading https://repo.maven.apache.org/maven2/org/keycloak/keycloak-admin-client/26.0.5/keycloak-admin-client-26.0.5.pom
2025-08-17 11:54:22,864 [Worker-15: Importing Maven projects] INFO  o.e.m.c.i.e.AbstractTransferListenerAdapter - Downloaded https://repo.maven.apache.org/maven2/org/keycloak/keycloak-admin-client/26.0.5/keycloak-admin-client-26.0.5.pom
2025-08-17 11:54:23,133 [Worker-15: Importing Maven projects] INFO  o.e.m.c.i.e.AbstractTransferListenerAdapter - Downloading https://repo.maven.apache.org/maven2/org/keycloak/keycloak-client-parent/26.0.5/keycloak-client-parent-26.0.5.pom
2025-08-17 11:54:23,462 [Worker-15: Importing Maven projects] INFO  o.e.m.c.i.e.AbstractTransferListenerAdapter - Downloaded https://repo.maven.apache.org/maven2/org/keycloak/keycloak-client-parent/26.0.5/keycloak-client-parent-26.0.5.pom
2025-08-17 11:54:23,515 [Worker-15: Importing Maven projects] INFO  o.e.m.c.i.e.AbstractTransferListenerAdapter - Downloading https://repo.maven.apache.org/maven2/org/keycloak/keycloak-client-common-synced/26.0.5/keycloak-client-common-synced-26.0.5.pom
2025-08-17 11:54:24,280 [Worker-15: Importing Maven projects] INFO  o.e.m.c.i.e.AbstractTransferListenerAdapter - Downloaded https://repo.maven.apache.org/maven2/org/keycloak/keycloak-client-common-synced/26.0.5/keycloak-client-common-synced-26.0.5.pom
2025-08-17 11:54:24,616 [Worker-15: Importing Maven projects] INFO  o.e.m.c.i.e.AbstractTransferListenerAdapter - Downloading https://repo.maven.apache.org/maven2/com/fasterxml/jackson/jakarta/rs/jackson-jakarta-rs-base/2.19.1/jackson-jakarta-rs-base-2.19.1.pom
2025-08-17 11:54:24,638 [Worker-15: Importing Maven projects] INFO  o.e.m.c.i.e.AbstractTransferListenerAdapter - Downloaded https://repo.maven.apache.org/maven2/com/fasterxml/jackson/jakarta/rs/jackson-jakarta-rs-base/2.19.1/jackson-jakarta-rs-base-2.19.1.pom
2025-08-17 11:54:24,663 [Worker-15: Importing Maven projects] INFO  o.e.m.c.i.e.AbstractTransferListenerAdapter - Downloading https://repo.maven.apache.org/maven2/com/fasterxml/jackson/jakarta/rs/jackson-jakarta-rs-providers/2.19.1/jackson-jakarta-rs-providers-2.19.1.pom
2025-08-17 11:54:24,730 [Worker-15: Importing Maven projects] INFO  o.e.m.c.i.e.AbstractTransferListenerAdapter - Downloaded https://repo.maven.apache.org/maven2/com/fasterxml/jackson/jakarta/rs/jackson-jakarta-rs-providers/2.19.1/jackson-jakarta-rs-providers-2.19.1.pom
2025-08-17 11:54:24,778 [Worker-15: Importing Maven projects] INFO  o.e.m.c.i.e.AbstractTransferListenerAdapter - Downloading https://repo.maven.apache.org/maven2/com/fasterxml/jackson/jakarta/rs/jackson-jakarta-rs-json-provider/2.19.1/jackson-jakarta-rs-json-provider-2.19.1.pom
2025-08-17 11:54:24,818 [Worker-15: Importing Maven projects] INFO  o.e.m.c.i.e.AbstractTransferListenerAdapter - Downloaded https://repo.maven.apache.org/maven2/com/fasterxml/jackson/jakarta/rs/jackson-jakarta-rs-json-provider/2.19.1/jackson-jakarta-rs-json-provider-2.19.1.pom
2025-08-17 11:54:24,875 [Worker-15: Importing Maven projects] INFO  o.e.m.c.i.e.AbstractTransferListenerAdapter - Downloading https://repo.maven.apache.org/maven2/com/fasterxml/jackson/module/jackson-module-jakarta-xmlbind-annotations/2.19.1/jackson-module-jakarta-xmlbind-annotations-2.19.1.pom
2025-08-17 11:54:25,679 [Worker-15: Importing Maven projects] INFO  o.e.m.c.i.e.AbstractTransferListenerAdapter - Downloaded https://repo.maven.apache.org/maven2/com/fasterxml/jackson/module/jackson-module-jakarta-xmlbind-annotations/2.19.1/jackson-module-jakarta-xmlbind-annotations-2.19.1.pom
2025-08-17 11:54:26,286 [Worker-15: Importing Maven projects] INFO  o.e.m.c.i.e.AbstractTransferListenerAdapter - Downloading https://repo.maven.apache.org/maven2/com/fasterxml/jackson/module/jackson-modules-base/2.19.1/jackson-modules-base-2.19.1.pom
2025-08-17 11:54:26,734 [Worker-15: Importing Maven projects] INFO  o.e.m.c.i.e.AbstractTransferListenerAdapter - Downloaded https://repo.maven.apache.org/maven2/com/fasterxml/jackson/module/jackson-modules-base/2.19.1/jackson-modules-base-2.19.1.pom
2025-08-17 11:54:27,953 [Worker-15: Importing Maven projects] INFO  o.e.m.c.i.l.LifecycleMappingFactory - Using org.eclipse.m2e.jdt.JarLifecycleMapping lifecycle mapping for MavenProject: com.sivalabs:notification-service:0.0.1-SNAPSHOT @ D:\Eclipse_workspace\book store\notification-service\pom.xml.
2025-08-17 11:54:28,015 [Worker-15: Importing Maven projects] INFO  o.e.m.c.i.e.AbstractTransferListenerAdapter - Downloading https://repo.maven.apache.org/maven2/org/springframework/boot/spring-boot-starter-mail/3.5.3/spring-boot-starter-mail-3.5.3.pom
2025-08-17 11:54:28,072 [Worker-15: Importing Maven projects] INFO  o.e.m.c.i.e.AbstractTransferListenerAdapter - Downloaded https://repo.maven.apache.org/maven2/org/springframework/boot/spring-boot-starter-mail/3.5.3/spring-boot-starter-mail-3.5.3.pom
2025-08-17 11:54:28,142 [Worker-15: Importing Maven projects] INFO  o.e.m.c.i.e.AbstractTransferListenerAdapter - Downloading https://repo.maven.apache.org/maven2/org/springframework/spring-context-support/6.2.8/spring-context-support-6.2.8.pom
2025-08-17 11:54:28,443 [Worker-15: Importing Maven projects] INFO  o.e.m.c.i.e.AbstractTransferListenerAdapter - Downloaded https://repo.maven.apache.org/maven2/org/springframework/spring-context-support/6.2.8/spring-context-support-6.2.8.pom
2025-08-17 11:54:28,707 [AetherRepositoryConnector-repo.maven.apache.org-2-1] INFO  o.e.m.c.i.e.AbstractTransferListenerAdapter - Downloading https://repo.maven.apache.org/maven2/org/springframework/spring-messaging/6.2.8/spring-messaging-6.2.8.jar
2025-08-17 11:54:30,404 [AetherRepositoryConnector-repo.maven.apache.org-2-3] INFO  o.e.m.c.i.e.AbstractTransferListenerAdapter - Downloading https://repo.maven.apache.org/maven2/org/springframework/amqp/spring-amqp/3.2.5/spring-amqp-3.2.5.jar
2025-08-17 11:54:30,404 [AetherRepositoryConnector-repo.maven.apache.org-2-0] INFO  o.e.m.c.i.e.AbstractTransferListenerAdapter - Downloading https://repo.maven.apache.org/maven2/org/springframework/boot/spring-boot-starter-amqp/3.5.3/spring-boot-starter-amqp-3.5.3.jar
2025-08-17 11:54:30,404 [AetherRepositoryConnector-repo.maven.apache.org-2-4] INFO  o.e.m.c.i.e.AbstractTransferListenerAdapter - Downloading https://repo.maven.apache.org/maven2/com/rabbitmq/amqp-client/5.25.0/amqp-client-5.25.0.jar
2025-08-17 11:54:30,404 [AetherRepositoryConnector-repo.maven.apache.org-2-2] INFO  o.e.m.c.i.e.AbstractTransferListenerAdapter - Downloading https://repo.maven.apache.org/maven2/org/springframework/amqp/spring-rabbit/3.2.5/spring-rabbit-3.2.5.jar
2025-08-17 11:54:35,567 [AetherRepositoryConnector-repo.maven.apache.org-2-0] INFO  o.e.m.c.i.e.AbstractTransferListenerAdapter - Downloaded https://repo.maven.apache.org/maven2/org/springframework/boot/spring-boot-starter-amqp/3.5.3/spring-boot-starter-amqp-3.5.3.jar
2025-08-17 11:54:35,922 [AetherRepositoryConnector-repo.maven.apache.org-2-0] INFO  o.e.m.c.i.e.AbstractTransferListenerAdapter - Downloading https://repo.maven.apache.org/maven2/org/springframework/spring-tx/6.2.8/spring-tx-6.2.8.jar
2025-08-17 11:54:37,556 [AetherRepositoryConnector-repo.maven.apache.org-2-3] INFO  o.e.m.c.i.e.AbstractTransferListenerAdapter - Downloaded https://repo.maven.apache.org/maven2/org/springframework/amqp/spring-amqp/3.2.5/spring-amqp-3.2.5.jar
2025-08-17 11:54:37,767 [AetherRepositoryConnector-repo.maven.apache.org-2-3] INFO  o.e.m.c.i.e.AbstractTransferListenerAdapter - Downloading https://repo.maven.apache.org/maven2/org/springframework/boot/spring-boot-starter-data-jpa/3.5.3/spring-boot-starter-data-jpa-3.5.3.jar
2025-08-17 11:54:38,365 [AetherRepositoryConnector-repo.maven.apache.org-2-3] INFO  o.e.m.c.i.e.AbstractTransferListenerAdapter - Downloaded https://repo.maven.apache.org/maven2/org/springframework/boot/spring-boot-starter-data-jpa/3.5.3/spring-boot-starter-data-jpa-3.5.3.jar
2025-08-17 11:54:38,471 [AetherRepositoryConnector-repo.maven.apache.org-2-3] INFO  o.e.m.c.i.e.AbstractTransferListenerAdapter - Downloading https://repo.maven.apache.org/maven2/org/springframework/boot/spring-boot-starter-mail/3.5.3/spring-boot-starter-mail-3.5.3.jar
2025-08-17 11:54:38,723 [AetherRepositoryConnector-repo.maven.apache.org-2-0] INFO  o.e.m.c.i.e.AbstractTransferListenerAdapter - Downloaded https://repo.maven.apache.org/maven2/org/springframework/spring-tx/6.2.8/spring-tx-6.2.8.jar
2025-08-17 11:54:39,483 [AetherRepositoryConnector-repo.maven.apache.org-2-3] INFO  o.e.m.c.i.e.AbstractTransferListenerAdapter - Downloaded https://repo.maven.apache.org/maven2/org/springframework/boot/spring-boot-starter-mail/3.5.3/spring-boot-starter-mail-3.5.3.jar
2025-08-17 11:54:42,205 [AetherRepositoryConnector-repo.maven.apache.org-2-3] INFO  o.e.m.c.i.e.AbstractTransferListenerAdapter - Downloading https://repo.maven.apache.org/maven2/org/springframework/boot/spring-boot-starter-web/3.5.3/spring-boot-starter-web-3.5.3.jar
2025-08-17 11:54:42,205 [AetherRepositoryConnector-repo.maven.apache.org-2-0] INFO  o.e.m.c.i.e.AbstractTransferListenerAdapter - Downloading https://repo.maven.apache.org/maven2/org/springframework/spring-context-support/6.2.8/spring-context-support-6.2.8.jar
2025-08-17 11:54:42,397 [AetherRepositoryConnector-repo.maven.apache.org-2-1] INFO  o.e.m.c.i.e.AbstractTransferListenerAdapter - Downloaded https://repo.maven.apache.org/maven2/org/springframework/spring-messaging/6.2.8/spring-messaging-6.2.8.jar
2025-08-17 11:54:45,209 [AetherRepositoryConnector-repo.maven.apache.org-2-1] INFO  o.e.m.c.i.e.AbstractTransferListenerAdapter - Downloading https://repo.maven.apache.org/maven2/com/fasterxml/jackson/dataformat/jackson-dataformat-toml/2.19.1/jackson-dataformat-toml-2.19.1.jar
2025-08-17 11:54:47,849 [AetherRepositoryConnector-repo.maven.apache.org-2-3] INFO  o.e.m.c.i.e.AbstractTransferListenerAdapter - Downloaded https://repo.maven.apache.org/maven2/org/springframework/boot/spring-boot-starter-web/3.5.3/spring-boot-starter-web-3.5.3.jar
2025-08-17 11:54:57,297 [AetherRepositoryConnector-repo.maven.apache.org-2-3] INFO  o.e.m.c.i.e.AbstractTransferListenerAdapter - Downloading https://repo.maven.apache.org/maven2/org/flywaydb/flyway-database-postgresql/11.7.2/flyway-database-postgresql-11.7.2.jar
2025-08-17 11:54:57,305 [AetherRepositoryConnector-repo.maven.apache.org-2-1] INFO  o.e.m.c.i.e.AbstractTransferListenerAdapter - Downloaded https://repo.maven.apache.org/maven2/com/fasterxml/jackson/dataformat/jackson-dataformat-toml/2.19.1/jackson-dataformat-toml-2.19.1.jar
2025-08-17 11:54:59,481 [AetherRepositoryConnector-repo.maven.apache.org-2-2] INFO  o.e.m.c.i.e.AbstractTransferListenerAdapter - Downloaded https://repo.maven.apache.org/maven2/org/springframework/amqp/spring-rabbit/3.2.5/spring-rabbit-3.2.5.jar
2025-08-17 11:54:59,613 [AetherRepositoryConnector-repo.maven.apache.org-2-1] INFO  o.e.m.c.i.e.AbstractTransferListenerAdapter - Downloading https://repo.maven.apache.org/maven2/org/springframework/boot/spring-boot-devtools/3.5.3/spring-boot-devtools-3.5.3.jar
2025-08-17 11:55:00,050 [AetherRepositoryConnector-repo.maven.apache.org-2-4] INFO  o.e.m.c.i.e.AbstractTransferListenerAdapter - Downloaded https://repo.maven.apache.org/maven2/com/rabbitmq/amqp-client/5.25.0/amqp-client-5.25.0.jar
2025-08-17 11:55:00,295 [AetherRepositoryConnector-repo.maven.apache.org-2-2] INFO  o.e.m.c.i.e.AbstractTransferListenerAdapter - Downloading https://repo.maven.apache.org/maven2/org/postgresql/postgresql/42.7.7/postgresql-42.7.7.jar
2025-08-17 11:55:00,298 [AetherRepositoryConnector-repo.maven.apache.org-2-0] INFO  o.e.m.c.i.e.AbstractTransferListenerAdapter - Downloaded https://repo.maven.apache.org/maven2/org/springframework/spring-context-support/6.2.8/spring-context-support-6.2.8.jar
2025-08-17 11:55:00,300 [AetherRepositoryConnector-repo.maven.apache.org-2-3] INFO  o.e.m.c.i.e.AbstractTransferListenerAdapter - Downloaded https://repo.maven.apache.org/maven2/org/flywaydb/flyway-database-postgresql/11.7.2/flyway-database-postgresql-11.7.2.jar
2025-08-17 11:55:00,672 [AetherRepositoryConnector-repo.maven.apache.org-2-4] INFO  o.e.m.c.i.e.AbstractTransferListenerAdapter - Downloading https://repo.maven.apache.org/maven2/org/springframework/boot/spring-boot-configuration-processor/3.5.3/spring-boot-configuration-processor-3.5.3.jar
2025-08-17 11:55:00,783 [AetherRepositoryConnector-repo.maven.apache.org-2-0] INFO  o.e.m.c.i.e.AbstractTransferListenerAdapter - Downloading https://repo.maven.apache.org/maven2/org/springframework/boot/spring-boot-testcontainers/3.5.3/spring-boot-testcontainers-3.5.3.jar
2025-08-17 11:55:00,851 [AetherRepositoryConnector-repo.maven.apache.org-2-3] INFO  o.e.m.c.i.e.AbstractTransferListenerAdapter - Downloading https://repo.maven.apache.org/maven2/org/springframework/amqp/spring-rabbit-test/3.2.5/spring-rabbit-test-3.2.5.jar
2025-08-17 11:55:00,964 [AetherRepositoryConnector-repo.maven.apache.org-2-1] INFO  o.e.m.c.i.e.AbstractTransferListenerAdapter - Downloaded https://repo.maven.apache.org/maven2/org/springframework/boot/spring-boot-devtools/3.5.3/spring-boot-devtools-3.5.3.jar
2025-08-17 11:55:02,677 [AetherRepositoryConnector-repo.maven.apache.org-2-1] INFO  o.e.m.c.i.e.AbstractTransferListenerAdapter - Downloading https://repo.maven.apache.org/maven2/org/springframework/amqp/spring-rabbit-junit/3.2.5/spring-rabbit-junit-3.2.5.jar
2025-08-17 11:55:02,791 [AetherRepositoryConnector-repo.maven.apache.org-2-3] INFO  o.e.m.c.i.e.AbstractTransferListenerAdapter - Downloaded https://repo.maven.apache.org/maven2/org/springframework/amqp/spring-rabbit-test/3.2.5/spring-rabbit-test-3.2.5.jar
2025-08-17 11:55:02,875 [AetherRepositoryConnector-repo.maven.apache.org-2-4] INFO  o.e.m.c.i.e.AbstractTransferListenerAdapter - Downloaded https://repo.maven.apache.org/maven2/org/springframework/boot/spring-boot-configuration-processor/3.5.3/spring-boot-configuration-processor-3.5.3.jar
2025-08-17 11:55:02,919 [AetherRepositoryConnector-repo.maven.apache.org-2-3] INFO  o.e.m.c.i.e.AbstractTransferListenerAdapter - Downloading https://repo.maven.apache.org/maven2/org/hamcrest/hamcrest-library/3.0/hamcrest-library-3.0.jar
2025-08-17 11:55:03,080 [AetherRepositoryConnector-repo.maven.apache.org-2-4] INFO  o.e.m.c.i.e.AbstractTransferListenerAdapter - Downloading https://repo.maven.apache.org/maven2/org/testcontainers/junit-jupiter/1.21.2/junit-jupiter-1.21.2.jar
2025-08-17 11:55:03,238 [AetherRepositoryConnector-repo.maven.apache.org-2-1] INFO  o.e.m.c.i.e.AbstractTransferListenerAdapter - Downloaded https://repo.maven.apache.org/maven2/org/springframework/amqp/spring-rabbit-junit/3.2.5/spring-rabbit-junit-3.2.5.jar
2025-08-17 11:55:03,249 [AetherRepositoryConnector-repo.maven.apache.org-2-0] INFO  o.e.m.c.i.e.AbstractTransferListenerAdapter - Downloaded https://repo.maven.apache.org/maven2/org/springframework/boot/spring-boot-testcontainers/3.5.3/spring-boot-testcontainers-3.5.3.jar
2025-08-17 11:55:03,512 [AetherRepositoryConnector-repo.maven.apache.org-2-3] INFO  o.e.m.c.i.e.AbstractTransferListenerAdapter - Downloaded https://repo.maven.apache.org/maven2/org/hamcrest/hamcrest-library/3.0/hamcrest-library-3.0.jar
2025-08-17 11:55:03,579 [AetherRepositoryConnector-repo.maven.apache.org-2-1] INFO  o.e.m.c.i.e.AbstractTransferListenerAdapter - Downloading https://repo.maven.apache.org/maven2/org/testcontainers/postgresql/1.21.2/postgresql-1.21.2.jar
2025-08-17 11:55:03,652 [AetherRepositoryConnector-repo.maven.apache.org-2-0] INFO  o.e.m.c.i.e.AbstractTransferListenerAdapter - Downloading https://repo.maven.apache.org/maven2/org/testcontainers/rabbitmq/1.21.2/rabbitmq-1.21.2.jar
2025-08-17 11:55:03,652 [AetherRepositoryConnector-repo.maven.apache.org-2-3] INFO  o.e.m.c.i.e.AbstractTransferListenerAdapter - Downloading https://repo.maven.apache.org/maven2/org/testcontainers/testcontainers/1.21.2/testcontainers-1.21.2.jar
2025-08-17 11:55:03,661 [AetherRepositoryConnector-repo.maven.apache.org-2-4] INFO  o.e.m.c.i.e.AbstractTransferListenerAdapter - Downloaded https://repo.maven.apache.org/maven2/org/testcontainers/junit-jupiter/1.21.2/junit-jupiter-1.21.2.jar
2025-08-17 11:55:04,154 [AetherRepositoryConnector-repo.maven.apache.org-2-1] INFO  o.e.m.c.i.e.AbstractTransferListenerAdapter - Downloaded https://repo.maven.apache.org/maven2/org/testcontainers/postgresql/1.21.2/postgresql-1.21.2.jar
2025-08-17 11:55:04,292 [AetherRepositoryConnector-repo.maven.apache.org-2-0] INFO  o.e.m.c.i.e.AbstractTransferListenerAdapter - Downloaded https://repo.maven.apache.org/maven2/org/testcontainers/rabbitmq/1.21.2/rabbitmq-1.21.2.jar
2025-08-17 11:55:04,771 [AetherRepositoryConnector-repo.maven.apache.org-2-2] INFO  o.e.m.c.i.e.AbstractTransferListenerAdapter - Downloaded https://repo.maven.apache.org/maven2/org/postgresql/postgresql/42.7.7/postgresql-42.7.7.jar
2025-08-17 11:55:47,625 [AetherRepositoryConnector-repo.maven.apache.org-2-3] INFO  o.e.m.c.i.e.AbstractTransferListenerAdapter - Downloaded https://repo.maven.apache.org/maven2/org/testcontainers/testcontainers/1.21.2/testcontainers-1.21.2.jar
2025-08-17 11:55:47,848 [Worker-15: Importing Maven projects] INFO  o.e.m.c.i.l.LifecycleMappingFactory - Using org.eclipse.m2e.jdt.JarLifecycleMapping lifecycle mapping for MavenProject: com.sivalabs.bookstore:api-gateway:0.0.1-SNAPSHOT @ D:\Eclipse_workspace\book store\api-gateway\pom.xml.
2025-08-17 11:55:48,578 [Worker-15: Importing Maven projects] INFO  o.e.m.c.i.l.LifecycleMappingFactory - Using org.eclipse.m2e.jdt.JarLifecycleMapping lifecycle mapping for MavenProject: com.sivalabs:bookstore-webapp:0.0.1-SNAPSHOT @ D:\Eclipse_workspace\book store\bookstore-webapp\pom.xml.
2025-08-17 11:55:48,615 [Worker-15: Importing Maven projects] INFO  o.e.m.c.i.e.AbstractTransferListenerAdapter - Downloading https://repo.maven.apache.org/maven2/org/springframework/boot/spring-boot-starter-thymeleaf/3.5.3/spring-boot-starter-thymeleaf-3.5.3.pom
2025-08-17 11:55:48,677 [Worker-15: Importing Maven projects] INFO  o.e.m.c.i.e.AbstractTransferListenerAdapter - Downloaded https://repo.maven.apache.org/maven2/org/springframework/boot/spring-boot-starter-thymeleaf/3.5.3/spring-boot-starter-thymeleaf-3.5.3.pom
2025-08-17 11:55:48,770 [Worker-15: Importing Maven projects] INFO  o.e.m.c.i.e.AbstractTransferListenerAdapter - Downloading https://repo.maven.apache.org/maven2/org/thymeleaf/thymeleaf-spring6/3.1.3.RELEASE/thymeleaf-spring6-3.1.3.RELEASE.pom
2025-08-17 11:55:48,813 [Worker-15: Importing Maven projects] INFO  o.e.m.c.i.e.AbstractTransferListenerAdapter - Downloaded https://repo.maven.apache.org/maven2/org/thymeleaf/thymeleaf-spring6/3.1.3.RELEASE/thymeleaf-spring6-3.1.3.RELEASE.pom
2025-08-17 11:55:48,852 [Worker-15: Importing Maven projects] INFO  o.e.m.c.i.e.AbstractTransferListenerAdapter - Downloading https://repo.maven.apache.org/maven2/org/thymeleaf/thymeleaf-lib/3.1.3.RELEASE/thymeleaf-lib-3.1.3.RELEASE.pom
2025-08-17 11:55:48,886 [Worker-15: Importing Maven projects] INFO  o.e.m.c.i.e.AbstractTransferListenerAdapter - Downloaded https://repo.maven.apache.org/maven2/org/thymeleaf/thymeleaf-lib/3.1.3.RELEASE/thymeleaf-lib-3.1.3.RELEASE.pom
2025-08-17 11:55:48,920 [Worker-15: Importing Maven projects] INFO  o.e.m.c.i.e.AbstractTransferListenerAdapter - Downloading https://repo.maven.apache.org/maven2/org/thymeleaf/thymeleaf-parent/3.1.3.RELEASE/thymeleaf-parent-3.1.3.RELEASE.pom
2025-08-17 11:55:48,980 [Worker-15: Importing Maven projects] INFO  o.e.m.c.i.e.AbstractTransferListenerAdapter - Downloaded https://repo.maven.apache.org/maven2/org/thymeleaf/thymeleaf-parent/3.1.3.RELEASE/thymeleaf-parent-3.1.3.RELEASE.pom
2025-08-17 11:55:49,154 [Worker-15: Importing Maven projects] INFO  o.e.m.c.i.e.AbstractTransferListenerAdapter - Downloading https://repo.maven.apache.org/maven2/org/apache/logging/log4j/log4j-bom/2.24.2/log4j-bom-2.24.2.pom
2025-08-17 11:55:49,206 [Worker-15: Importing Maven projects] INFO  o.e.m.c.i.e.AbstractTransferListenerAdapter - Downloaded https://repo.maven.apache.org/maven2/org/apache/logging/log4j/log4j-bom/2.24.2/log4j-bom-2.24.2.pom
2025-08-17 11:55:49,302 [Worker-15: Importing Maven projects] INFO  o.e.m.c.i.e.AbstractTransferListenerAdapter - Downloading https://repo.maven.apache.org/maven2/org/thymeleaf/thymeleaf/3.1.3.RELEASE/thymeleaf-3.1.3.RELEASE.pom
2025-08-17 11:55:49,383 [Worker-15: Importing Maven projects] INFO  o.e.m.c.i.e.AbstractTransferListenerAdapter - Downloaded https://repo.maven.apache.org/maven2/org/thymeleaf/thymeleaf/3.1.3.RELEASE/thymeleaf-3.1.3.RELEASE.pom
2025-08-17 11:55:49,675 [Worker-15: Importing Maven projects] INFO  o.e.m.c.i.e.AbstractTransferListenerAdapter - Downloading https://repo.maven.apache.org/maven2/nz/net/ultraq/thymeleaf/thymeleaf-layout-dialect/3.4.0/thymeleaf-layout-dialect-3.4.0.pom
2025-08-17 11:55:49,725 [Worker-15: Importing Maven projects] INFO  o.e.m.c.i.e.AbstractTransferListenerAdapter - Downloaded https://repo.maven.apache.org/maven2/nz/net/ultraq/thymeleaf/thymeleaf-layout-dialect/3.4.0/thymeleaf-layout-dialect-3.4.0.pom
2025-08-17 11:55:49,817 [Worker-15: Importing Maven projects] INFO  o.e.m.c.i.e.AbstractTransferListenerAdapter - Downloading https://repo.maven.apache.org/maven2/org/apache/groovy/groovy/4.0.27/groovy-4.0.27.pom
2025-08-17 11:55:49,872 [Worker-15: Importing Maven projects] INFO  o.e.m.c.i.e.AbstractTransferListenerAdapter - Downloaded https://repo.maven.apache.org/maven2/org/apache/groovy/groovy/4.0.27/groovy-4.0.27.pom
2025-08-17 11:55:50,062 [Worker-15: Importing Maven projects] INFO  o.e.m.c.i.e.AbstractTransferListenerAdapter - Downloading https://repo.maven.apache.org/maven2/nz/net/ultraq/groovy/groovy-extensions/2.3.3/groovy-extensions-2.3.3.pom
2025-08-17 11:55:50,315 [Worker-15: Importing Maven projects] INFO  o.e.m.c.i.e.AbstractTransferListenerAdapter - Downloaded https://repo.maven.apache.org/maven2/nz/net/ultraq/groovy/groovy-extensions/2.3.3/groovy-extensions-2.3.3.pom
2025-08-17 11:55:50,375 [Worker-15: Importing Maven projects] INFO  o.e.m.c.i.e.AbstractTransferListenerAdapter - Downloading https://repo.maven.apache.org/maven2/org/thymeleaf/extras/thymeleaf-extras-springsecurity6/3.1.3.RELEASE/thymeleaf-extras-springsecurity6-3.1.3.RELEASE.pom
2025-08-17 11:55:50,407 [Worker-15: Importing Maven projects] INFO  o.e.m.c.i.e.AbstractTransferListenerAdapter - Downloaded https://repo.maven.apache.org/maven2/org/thymeleaf/extras/thymeleaf-extras-springsecurity6/3.1.3.RELEASE/thymeleaf-extras-springsecurity6-3.1.3.RELEASE.pom
2025-08-17 11:55:50,435 [Worker-15: Importing Maven projects] INFO  o.e.m.c.i.e.AbstractTransferListenerAdapter - Downloading https://repo.maven.apache.org/maven2/org/springframework/boot/spring-boot-starter-oauth2-client/3.5.3/spring-boot-starter-oauth2-client-3.5.3.pom
2025-08-17 11:55:50,725 [Worker-15: Importing Maven projects] INFO  o.e.m.c.i.e.AbstractTransferListenerAdapter - Downloaded https://repo.maven.apache.org/maven2/org/springframework/boot/spring-boot-starter-oauth2-client/3.5.3/spring-boot-starter-oauth2-client-3.5.3.pom
2025-08-17 11:55:50,847 [Worker-15: Importing Maven projects] INFO  o.e.m.c.i.e.AbstractTransferListenerAdapter - Downloading https://repo.maven.apache.org/maven2/org/springframework/security/spring-security-oauth2-client/6.5.1/spring-security-oauth2-client-6.5.1.pom
2025-08-17 11:55:50,882 [Worker-15: Importing Maven projects] INFO  o.e.m.c.i.e.AbstractTransferListenerAdapter - Downloaded https://repo.maven.apache.org/maven2/org/springframework/security/spring-security-oauth2-client/6.5.1/spring-security-oauth2-client-6.5.1.pom
2025-08-17 11:55:50,973 [Worker-15: Importing Maven projects] INFO  o.e.m.c.i.e.AbstractTransferListenerAdapter - Downloading https://repo.maven.apache.org/maven2/com/nimbusds/oauth2-oidc-sdk/9.43.6/oauth2-oidc-sdk-9.43.6.pom
2025-08-17 11:55:51,009 [Worker-15: Importing Maven projects] INFO  o.e.m.c.i.e.AbstractTransferListenerAdapter - Downloaded https://repo.maven.apache.org/maven2/com/nimbusds/oauth2-oidc-sdk/9.43.6/oauth2-oidc-sdk-9.43.6.pom
2025-08-17 11:55:51,047 [Worker-15: Importing Maven projects] INFO  o.e.m.c.i.e.AbstractTransferListenerAdapter - Downloading https://repo.maven.apache.org/maven2/org/webjars/bootstrap/5.3.7/bootstrap-5.3.7.pom
2025-08-17 11:55:51,346 [Worker-15: Importing Maven projects] INFO  o.e.m.c.i.e.AbstractTransferListenerAdapter - Downloaded https://repo.maven.apache.org/maven2/org/webjars/bootstrap/5.3.7/bootstrap-5.3.7.pom
2025-08-17 11:55:51,391 [Worker-15: Importing Maven projects] INFO  o.e.m.c.i.e.AbstractTransferListenerAdapter - Downloading https://repo.maven.apache.org/maven2/org/webjars/font-awesome/6.7.2/font-awesome-6.7.2.pom
2025-08-17 11:55:51,422 [Worker-15: Importing Maven projects] INFO  o.e.m.c.i.e.AbstractTransferListenerAdapter - Downloaded https://repo.maven.apache.org/maven2/org/webjars/font-awesome/6.7.2/font-awesome-6.7.2.pom
2025-08-17 11:55:51,689 [Worker-15: Importing Maven projects] INFO  o.e.m.c.i.e.AbstractTransferListenerAdapter - Downloading https://repo.maven.apache.org/maven2/org/webjars/npm/alpinejs/3.14.9/alpinejs-3.14.9.pom
2025-08-17 11:55:51,955 [Worker-15: Importing Maven projects] INFO  o.e.m.c.i.e.AbstractTransferListenerAdapter - Downloaded https://repo.maven.apache.org/maven2/org/webjars/npm/alpinejs/3.14.9/alpinejs-3.14.9.pom
2025-08-17 11:55:54,667 [Worker-13: Download sources and javadoc] INFO  o.e.m.c.i.e.AbstractTransferListenerAdapter - Downloading https://repo.maven.apache.org/maven2/org/springframework/spring-context/6.2.8/spring-context-6.2.8-javadoc.jar
2025-08-17 11:55:55,871 [Worker-13: Download sources and javadoc] INFO  o.e.m.c.i.e.AbstractTransferListenerAdapter - Downloaded https://repo.maven.apache.org/maven2/org/springframework/spring-context/6.2.8/spring-context-6.2.8-javadoc.jar
2025-08-17 11:55:55,877 [Worker-13: Download sources and javadoc] INFO  o.e.m.j.internal.DownloadSourcesJob - Downloaded javadoc for org.springframework:spring-context:6.2.8
2025-08-17 11:55:55,982 [Worker-13: Download sources and javadoc] INFO  o.e.m.c.i.e.AbstractTransferListenerAdapter - Downloading https://repo.maven.apache.org/maven2/org/springframework/spring-aop/6.2.8/spring-aop-6.2.8-sources.jar
2025-08-17 11:55:56,107 [Worker-13: Download sources and javadoc] INFO  o.e.m.c.i.e.AbstractTransferListenerAdapter - Downloaded https://repo.maven.apache.org/maven2/org/springframework/spring-aop/6.2.8/spring-aop-6.2.8-sources.jar
2025-08-17 11:55:56,111 [Worker-13: Download sources and javadoc] INFO  o.e.m.j.internal.DownloadSourcesJob - Downloaded sources for org.springframework:spring-aop:6.2.8
2025-08-17 11:55:56,199 [Worker-13: Download sources and javadoc] INFO  o.e.m.c.i.e.AbstractTransferListenerAdapter - Downloading https://repo.maven.apache.org/maven2/org/springframework/spring-beans/6.2.8/spring-beans-6.2.8-sources.jar
2025-08-17 11:55:56,405 [Worker-13: Download sources and javadoc] INFO  o.e.m.c.i.e.AbstractTransferListenerAdapter - Downloaded https://repo.maven.apache.org/maven2/org/springframework/spring-beans/6.2.8/spring-beans-6.2.8-sources.jar
2025-08-17 11:55:56,410 [Worker-13: Download sources and javadoc] INFO  o.e.m.j.internal.DownloadSourcesJob - Downloaded sources for org.springframework:spring-beans:6.2.8
2025-08-17 11:55:56,494 [Worker-13: Download sources and javadoc] INFO  o.e.m.c.i.e.AbstractTransferListenerAdapter - Downloading https://repo.maven.apache.org/maven2/org/springframework/spring-expression/6.2.8/spring-expression-6.2.8-sources.jar
2025-08-17 11:55:56,596 [Worker-13: Download sources and javadoc] INFO  o.e.m.c.i.e.AbstractTransferListenerAdapter - Downloaded https://repo.maven.apache.org/maven2/org/springframework/spring-expression/6.2.8/spring-expression-6.2.8-sources.jar
2025-08-17 11:55:56,602 [Worker-13: Download sources and javadoc] INFO  o.e.m.j.internal.DownloadSourcesJob - Downloaded sources for org.springframework:spring-expression:6.2.8
2025-08-17 11:55:56,683 [Worker-13: Download sources and javadoc] INFO  o.e.m.c.i.e.AbstractTransferListenerAdapter - Downloading https://repo.maven.apache.org/maven2/org/springframework/boot/spring-boot-autoconfigure/3.5.3/spring-boot-autoconfigure-3.5.3-sources.jar
2025-08-17 11:55:57,628 [Worker-13: Download sources and javadoc] INFO  o.e.m.c.i.e.AbstractTransferListenerAdapter - Downloaded https://repo.maven.apache.org/maven2/org/springframework/boot/spring-boot-autoconfigure/3.5.3/spring-boot-autoconfigure-3.5.3-sources.jar
2025-08-17 11:55:57,643 [Worker-13: Download sources and javadoc] INFO  o.e.m.j.internal.DownloadSourcesJob - Downloaded sources for org.springframework.boot:spring-boot-autoconfigure:3.5.3
2025-08-17 11:55:57,753 [Worker-13: Download sources and javadoc] INFO  o.e.m.c.i.e.AbstractTransferListenerAdapter - Downloading https://repo.maven.apache.org/maven2/org/springframework/boot/spring-boot-starter-logging/3.5.3/spring-boot-starter-logging-3.5.3-sources.jar
2025-08-17 11:55:57,823 [Worker-13: Download sources and javadoc] INFO  o.e.m.c.i.e.AbstractTransferListenerAdapter - Downloaded https://repo.maven.apache.org/maven2/org/springframework/boot/spring-boot-starter-logging/3.5.3/spring-boot-starter-logging-3.5.3-sources.jar
2025-08-17 11:55:57,827 [Worker-13: Download sources and javadoc] INFO  o.e.m.j.internal.DownloadSourcesJob - Downloaded sources for org.springframework.boot:spring-boot-starter-logging:3.5.3
2025-08-17 11:55:58,175 [Worker-13: Download sources and javadoc] INFO  o.e.m.c.i.e.AbstractTransferListenerAdapter - Downloading https://repo.maven.apache.org/maven2/org/apache/tomcat/embed/tomcat-embed-el/10.1.42/tomcat-embed-el-10.1.42-sources.jar
2025-08-17 11:55:58,549 [Worker-13: Download sources and javadoc] INFO  o.e.m.c.i.e.AbstractTransferListenerAdapter - Downloaded https://repo.maven.apache.org/maven2/org/apache/tomcat/embed/tomcat-embed-el/10.1.42/tomcat-embed-el-10.1.42-sources.jar
2025-08-17 11:55:58,556 [Worker-13: Download sources and javadoc] INFO  o.e.m.j.internal.DownloadSourcesJob - Downloaded sources for org.apache.tomcat.embed:tomcat-embed-el:10.1.42
2025-08-17 11:55:58,639 [Worker-13: Download sources and javadoc] INFO  o.e.m.c.i.e.AbstractTransferListenerAdapter - Downloading https://repo.maven.apache.org/maven2/org/springframework/boot/spring-boot-starter-web/3.5.3/spring-boot-starter-web-3.5.3-sources.jar
2025-08-17 11:55:58,796 [Worker-13: Download sources and javadoc] INFO  o.e.m.c.i.e.AbstractTransferListenerAdapter - Downloaded https://repo.maven.apache.org/maven2/org/springframework/boot/spring-boot-starter-web/3.5.3/spring-boot-starter-web-3.5.3-sources.jar
2025-08-17 11:55:58,809 [Worker-13: Download sources and javadoc] INFO  o.e.m.j.internal.DownloadSourcesJob - Downloaded sources for org.springframework.boot:spring-boot-starter-web:3.5.3
2025-08-17 11:55:59,232 [Worker-13: Download sources and javadoc] INFO  o.e.m.c.i.e.AbstractTransferListenerAdapter - Downloading https://repo.maven.apache.org/maven2/com/fasterxml/jackson/dataformat/jackson-dataformat-toml/2.19.1/jackson-dataformat-toml-2.19.1-sources.jar
2025-08-17 11:56:00,045 [Worker-13: Download sources and javadoc] INFO  o.e.m.c.i.e.AbstractTransferListenerAdapter - Downloaded https://repo.maven.apache.org/maven2/com/fasterxml/jackson/dataformat/jackson-dataformat-toml/2.19.1/jackson-dataformat-toml-2.19.1-sources.jar
2025-08-17 11:56:00,058 [Worker-13: Download sources and javadoc] INFO  o.e.m.j.internal.DownloadSourcesJob - Downloaded sources for com.fasterxml.jackson.dataformat:jackson-dataformat-toml:2.19.1
2025-08-17 11:56:00,376 [Worker-13: Download sources and javadoc] INFO  o.e.m.c.i.e.AbstractTransferListenerAdapter - Downloading https://repo.maven.apache.org/maven2/com/fasterxml/jackson/datatype/jackson-datatype-jsr310/2.19.1/jackson-datatype-jsr310-2.19.1-sources.jar
2025-08-17 11:56:00,506 [Worker-13: Download sources and javadoc] INFO  o.e.m.c.i.e.AbstractTransferListenerAdapter - Downloaded https://repo.maven.apache.org/maven2/com/fasterxml/jackson/datatype/jackson-datatype-jsr310/2.19.1/jackson-datatype-jsr310-2.19.1-sources.jar
2025-08-17 11:56:00,513 [Worker-13: Download sources and javadoc] INFO  o.e.m.j.internal.DownloadSourcesJob - Downloaded sources for com.fasterxml.jackson.datatype:jackson-datatype-jsr310:2.19.1
2025-08-17 11:56:00,589 [Worker-13: Download sources and javadoc] INFO  o.e.m.c.i.e.AbstractTransferListenerAdapter - Downloading https://repo.maven.apache.org/maven2/com/fasterxml/jackson/core/jackson-annotations/2.19.1/jackson-annotations-2.19.1-sources.jar
2025-08-17 11:56:00,637 [Worker-13: Download sources and javadoc] INFO  o.e.m.c.i.e.AbstractTransferListenerAdapter - Downloaded https://repo.maven.apache.org/maven2/com/fasterxml/jackson/core/jackson-annotations/2.19.1/jackson-annotations-2.19.1-sources.jar
2025-08-17 11:56:00,642 [Worker-13: Download sources and javadoc] INFO  o.e.m.j.internal.DownloadSourcesJob - Downloaded sources for com.fasterxml.jackson.core:jackson-annotations:2.19.1
2025-08-17 11:56:00,742 [Worker-13: Download sources and javadoc] INFO  o.e.m.c.i.e.AbstractTransferListenerAdapter - Downloading https://repo.maven.apache.org/maven2/com/fasterxml/jackson/core/jackson-core/2.19.1/jackson-core-2.19.1-sources.jar
2025-08-17 11:56:00,948 [Worker-13: Download sources and javadoc] INFO  o.e.m.c.i.e.AbstractTransferListenerAdapter - Downloaded https://repo.maven.apache.org/maven2/com/fasterxml/jackson/core/jackson-core/2.19.1/jackson-core-2.19.1-sources.jar
2025-08-17 11:56:00,951 [Worker-13: Download sources and javadoc] INFO  o.e.m.j.internal.DownloadSourcesJob - Downloaded sources for com.fasterxml.jackson.core:jackson-core:2.19.1
2025-08-17 11:56:02,067 [Worker-13: Download sources and javadoc] INFO  o.e.m.c.i.e.AbstractTransferListenerAdapter - Downloading https://repo.maven.apache.org/maven2/com/fasterxml/jackson/core/jackson-databind/2.19.1/jackson-databind-2.19.1-sources.jar
2025-08-17 11:56:10,356 [Worker-13: Download sources and javadoc] INFO  o.e.m.c.i.e.AbstractTransferListenerAdapter - Downloaded https://repo.maven.apache.org/maven2/com/fasterxml/jackson/core/jackson-databind/2.19.1/jackson-databind-2.19.1-sources.jar
2025-08-17 11:56:10,361 [Worker-13: Download sources and javadoc] INFO  o.e.m.j.internal.DownloadSourcesJob - Downloaded sources for com.fasterxml.jackson.core:jackson-databind:2.19.1
2025-08-17 11:56:10,513 [Worker-13: Download sources and javadoc] INFO  o.e.m.c.i.e.AbstractTransferListenerAdapter - Downloading https://repo.maven.apache.org/maven2/org/flywaydb/flyway-database-postgresql/11.7.2/flyway-database-postgresql-11.7.2-sources.jar
2025-08-17 11:56:10,560 [Worker-13: Download sources and javadoc] INFO  o.e.m.c.i.e.AbstractTransferListenerAdapter - Downloaded https://repo.maven.apache.org/maven2/org/flywaydb/flyway-database-postgresql/11.7.2/flyway-database-postgresql-11.7.2-sources.jar
2025-08-17 11:56:10,569 [Worker-13: Download sources and javadoc] INFO  o.e.m.j.internal.DownloadSourcesJob - Downloaded sources for org.flywaydb:flyway-database-postgresql:11.7.2
2025-08-17 11:56:10,860 [Worker-13: Download sources and javadoc] INFO  o.e.m.c.i.e.AbstractTransferListenerAdapter - Downloading https://repo.maven.apache.org/maven2/org/springdoc/springdoc-openapi-starter-webmvc-ui/2.8.9/springdoc-openapi-starter-webmvc-ui-2.8.9-sources.jar
2025-08-17 11:56:11,064 [Worker-13: Download sources and javadoc] INFO  o.e.m.c.i.e.AbstractTransferListenerAdapter - Downloaded https://repo.maven.apache.org/maven2/org/springdoc/springdoc-openapi-starter-webmvc-ui/2.8.9/springdoc-openapi-starter-webmvc-ui-2.8.9-sources.jar
2025-08-17 11:56:11,076 [Worker-13: Download sources and javadoc] INFO  o.e.m.j.internal.DownloadSourcesJob - Downloaded sources for org.springdoc:springdoc-openapi-starter-webmvc-ui:2.8.9
2025-08-17 11:56:11,482 [Worker-13: Download sources and javadoc] INFO  o.e.m.c.i.e.AbstractTransferListenerAdapter - Downloading https://repo.maven.apache.org/maven2/org/springframework/boot/spring-boot-devtools/3.5.3/spring-boot-devtools-3.5.3-sources.jar
2025-08-17 11:56:13,171 [Worker-13: Download sources and javadoc] INFO  o.e.m.c.i.e.AbstractTransferListenerAdapter - Downloaded https://repo.maven.apache.org/maven2/org/springframework/boot/spring-boot-devtools/3.5.3/spring-boot-devtools-3.5.3-sources.jar
2025-08-17 11:56:13,180 [Worker-13: Download sources and javadoc] INFO  o.e.m.j.internal.DownloadSourcesJob - Downloaded sources for org.springframework.boot:spring-boot-devtools:3.5.3
2025-08-17 11:56:13,520 [Worker-13: Download sources and javadoc] INFO  o.e.m.c.i.e.AbstractTransferListenerAdapter - Downloading https://repo.maven.apache.org/maven2/org/springframework/boot/spring-boot-starter-actuator/3.5.3/spring-boot-starter-actuator-3.5.3-sources.jar
2025-08-17 11:56:13,571 [Worker-13: Download sources and javadoc] INFO  o.e.m.c.i.e.AbstractTransferListenerAdapter - Downloaded https://repo.maven.apache.org/maven2/org/springframework/boot/spring-boot-starter-actuator/3.5.3/spring-boot-starter-actuator-3.5.3-sources.jar
2025-08-17 11:56:13,580 [Worker-13: Download sources and javadoc] INFO  o.e.m.j.internal.DownloadSourcesJob - Downloaded sources for org.springframework.boot:spring-boot-starter-actuator:3.5.3
2025-08-17 11:56:13,724 [Worker-13: Download sources and javadoc] INFO  o.e.m.c.i.e.AbstractTransferListenerAdapter - Downloading https://repo.maven.apache.org/maven2/org/springframework/boot/spring-boot-actuator-autoconfigure/3.5.3/spring-boot-actuator-autoconfigure-3.5.3-sources.jar
2025-08-17 11:56:15,156 [Worker-13: Download sources and javadoc] INFO  o.e.m.c.i.e.AbstractTransferListenerAdapter - Downloaded https://repo.maven.apache.org/maven2/org/springframework/boot/spring-boot-actuator-autoconfigure/3.5.3/spring-boot-actuator-autoconfigure-3.5.3-sources.jar
2025-08-17 11:56:15,169 [Worker-13: Download sources and javadoc] INFO  o.e.m.j.internal.DownloadSourcesJob - Downloaded sources for org.springframework.boot:spring-boot-actuator-autoconfigure:3.5.3
2025-08-17 11:56:15,284 [Worker-13: Download sources and javadoc] INFO  o.e.m.c.i.e.AbstractTransferListenerAdapter - Downloading https://repo.maven.apache.org/maven2/org/springframework/boot/spring-boot-actuator/3.5.3/spring-boot-actuator-3.5.3-sources.jar
2025-08-17 11:56:16,049 [Worker-13: Download sources and javadoc] INFO  o.e.m.c.i.e.AbstractTransferListenerAdapter - Downloaded https://repo.maven.apache.org/maven2/org/springframework/boot/spring-boot-actuator/3.5.3/spring-boot-actuator-3.5.3-sources.jar
2025-08-17 11:56:16,058 [Worker-13: Download sources and javadoc] INFO  o.e.m.j.internal.DownloadSourcesJob - Downloaded sources for org.springframework.boot:spring-boot-actuator:3.5.3
2025-08-17 11:56:16,200 [Worker-13: Download sources and javadoc] INFO  o.e.m.c.i.e.AbstractTransferListenerAdapter - Downloading https://repo.maven.apache.org/maven2/io/micrometer/micrometer-observation/1.15.1/micrometer-observation-1.15.1-sources.jar
2025-08-17 11:56:16,520 [Worker-13: Download sources and javadoc] INFO  o.e.m.c.i.e.AbstractTransferListenerAdapter - Downloaded https://repo.maven.apache.org/maven2/io/micrometer/micrometer-observation/1.15.1/micrometer-observation-1.15.1-sources.jar
2025-08-17 11:56:16,531 [Worker-13: Download sources and javadoc] INFO  o.e.m.j.internal.DownloadSourcesJob - Downloaded sources for io.micrometer:micrometer-observation:1.15.1
2025-08-17 11:56:16,654 [Worker-13: Download sources and javadoc] INFO  o.e.m.c.i.e.AbstractTransferListenerAdapter - Downloading https://repo.maven.apache.org/maven2/io/micrometer/micrometer-commons/1.15.1/micrometer-commons-1.15.1-sources.jar
2025-08-17 11:56:16,834 [Worker-13: Download sources and javadoc] INFO  o.e.m.c.i.e.AbstractTransferListenerAdapter - Downloaded https://repo.maven.apache.org/maven2/io/micrometer/micrometer-commons/1.15.1/micrometer-commons-1.15.1-sources.jar
2025-08-17 11:56:16,846 [Worker-13: Download sources and javadoc] INFO  o.e.m.j.internal.DownloadSourcesJob - Downloaded sources for io.micrometer:micrometer-commons:1.15.1
2025-08-17 11:56:16,961 [Worker-13: Download sources and javadoc] INFO  o.e.m.c.i.e.AbstractTransferListenerAdapter - Downloading https://repo.maven.apache.org/maven2/io/micrometer/micrometer-jakarta9/1.15.1/micrometer-jakarta9-1.15.1-sources.jar
2025-08-17 11:56:17,133 [Worker-13: Download sources and javadoc] INFO  o.e.m.c.i.e.AbstractTransferListenerAdapter - Downloaded https://repo.maven.apache.org/maven2/io/micrometer/micrometer-jakarta9/1.15.1/micrometer-jakarta9-1.15.1-sources.jar
2025-08-17 11:56:17,145 [Worker-13: Download sources and javadoc] INFO  o.e.m.j.internal.DownloadSourcesJob - Downloaded sources for io.micrometer:micrometer-jakarta9:1.15.1
2025-08-17 11:56:17,245 [Worker-13: Download sources and javadoc] INFO  o.e.m.c.i.e.AbstractTransferListenerAdapter - Downloading https://repo.maven.apache.org/maven2/io/micrometer/micrometer-registry-prometheus/1.15.1/micrometer-registry-prometheus-1.15.1-sources.jar
2025-08-17 11:56:17,322 [Worker-13: Download sources and javadoc] INFO  o.e.m.c.i.e.AbstractTransferListenerAdapter - Downloaded https://repo.maven.apache.org/maven2/io/micrometer/micrometer-registry-prometheus/1.15.1/micrometer-registry-prometheus-1.15.1-sources.jar
2025-08-17 11:56:17,330 [Worker-13: Download sources and javadoc] INFO  o.e.m.j.internal.DownloadSourcesJob - Downloaded sources for io.micrometer:micrometer-registry-prometheus:1.15.1
2025-08-17 11:56:17,655 [Worker-13: Download sources and javadoc] INFO  o.e.m.c.i.e.AbstractTransferListenerAdapter - Downloading https://repo.maven.apache.org/maven2/io/micrometer/micrometer-core/1.15.1/micrometer-core-1.15.1-sources.jar
2025-08-17 11:56:18,831 [Worker-13: Download sources and javadoc] INFO  o.e.m.c.i.e.AbstractTransferListenerAdapter - Downloaded https://repo.maven.apache.org/maven2/io/micrometer/micrometer-core/1.15.1/micrometer-core-1.15.1-sources.jar
2025-08-17 11:56:18,841 [Worker-13: Download sources and javadoc] INFO  o.e.m.j.internal.DownloadSourcesJob - Downloaded sources for io.micrometer:micrometer-core:1.15.1
2025-08-17 11:56:18,950 [Worker-13: Download sources and javadoc] INFO  o.e.m.c.i.e.AbstractTransferListenerAdapter - Downloading https://repo.maven.apache.org/maven2/io/prometheus/prometheus-metrics-core/1.3.8/prometheus-metrics-core-1.3.8-sources.jar
2025-08-17 11:56:19,111 [Worker-13: Download sources and javadoc] INFO  o.e.m.c.i.e.AbstractTransferListenerAdapter - Downloaded https://repo.maven.apache.org/maven2/io/prometheus/prometheus-metrics-core/1.3.8/prometheus-metrics-core-1.3.8-sources.jar
2025-08-17 11:56:19,123 [Worker-13: Download sources and javadoc] INFO  o.e.m.j.internal.DownloadSourcesJob - Downloaded sources for io.prometheus:prometheus-metrics-core:1.3.8
2025-08-17 11:56:19,230 [Worker-13: Download sources and javadoc] INFO  o.e.m.c.i.e.AbstractTransferListenerAdapter - Downloading https://repo.maven.apache.org/maven2/io/prometheus/prometheus-metrics-model/1.3.8/prometheus-metrics-model-1.3.8-sources.jar
2025-08-17 11:56:19,447 [Worker-13: Download sources and javadoc] INFO  o.e.m.c.i.e.AbstractTransferListenerAdapter - Downloaded https://repo.maven.apache.org/maven2/io/prometheus/prometheus-metrics-model/1.3.8/prometheus-metrics-model-1.3.8-sources.jar
2025-08-17 11:56:19,456 [Worker-13: Download sources and javadoc] INFO  o.e.m.j.internal.DownloadSourcesJob - Downloaded sources for io.prometheus:prometheus-metrics-model:1.3.8
2025-08-17 11:56:19,570 [Worker-13: Download sources and javadoc] INFO  o.e.m.c.i.e.AbstractTransferListenerAdapter - Downloading https://repo.maven.apache.org/maven2/io/prometheus/prometheus-metrics-config/1.3.8/prometheus-metrics-config-1.3.8-sources.jar
2025-08-17 11:56:19,621 [Worker-13: Download sources and javadoc] INFO  o.e.m.c.i.e.AbstractTransferListenerAdapter - Downloaded https://repo.maven.apache.org/maven2/io/prometheus/prometheus-metrics-config/1.3.8/prometheus-metrics-config-1.3.8-sources.jar
2025-08-17 11:56:19,633 [Worker-13: Download sources and javadoc] INFO  o.e.m.j.internal.DownloadSourcesJob - Downloaded sources for io.prometheus:prometheus-metrics-config:1.3.8
2025-08-17 11:56:19,753 [Worker-13: Download sources and javadoc] INFO  o.e.m.c.i.e.AbstractTransferListenerAdapter - Downloading https://repo.maven.apache.org/maven2/io/prometheus/prometheus-metrics-tracer-common/1.3.8/prometheus-metrics-tracer-common-1.3.8-sources.jar
2025-08-17 11:56:19,806 [Worker-13: Download sources and javadoc] INFO  o.e.m.c.i.e.AbstractTransferListenerAdapter - Downloaded https://repo.maven.apache.org/maven2/io/prometheus/prometheus-metrics-tracer-common/1.3.8/prometheus-metrics-tracer-common-1.3.8-sources.jar
2025-08-17 11:56:19,817 [Worker-13: Download sources and javadoc] INFO  o.e.m.j.internal.DownloadSourcesJob - Downloaded sources for io.prometheus:prometheus-metrics-tracer-common:1.3.8
2025-08-17 11:56:19,924 [Worker-13: Download sources and javadoc] INFO  o.e.m.c.i.e.AbstractTransferListenerAdapter - Downloading https://repo.maven.apache.org/maven2/io/prometheus/prometheus-metrics-exposition-formats/1.3.8/prometheus-metrics-exposition-formats-1.3.8-sources.jar
2025-08-17 11:56:20,160 [Worker-13: Download sources and javadoc] INFO  o.e.m.c.i.e.AbstractTransferListenerAdapter - Downloaded https://repo.maven.apache.org/maven2/io/prometheus/prometheus-metrics-exposition-formats/1.3.8/prometheus-metrics-exposition-formats-1.3.8-sources.jar
2025-08-17 11:56:20,169 [Worker-13: Download sources and javadoc] INFO  o.e.m.j.internal.DownloadSourcesJob - Downloaded sources for io.prometheus:prometheus-metrics-exposition-formats:1.3.8
2025-08-17 11:56:20,270 [Worker-13: Download sources and javadoc] INFO  o.e.m.c.i.e.AbstractTransferListenerAdapter - Downloading https://repo.maven.apache.org/maven2/io/prometheus/prometheus-metrics-exposition-formats-no-protobuf/1.3.8/prometheus-metrics-exposition-formats-no-protobuf-1.3.8-sources.jar
2025-08-17 11:56:20,320 [Worker-13: Download sources and javadoc] INFO  o.e.m.c.i.e.AbstractTransferListenerAdapter - Downloaded https://repo.maven.apache.org/maven2/io/prometheus/prometheus-metrics-exposition-formats-no-protobuf/1.3.8/prometheus-metrics-exposition-formats-no-protobuf-1.3.8-sources.jar
2025-08-17 11:56:20,328 [Worker-13: Download sources and javadoc] INFO  o.e.m.j.internal.DownloadSourcesJob - Downloaded sources for io.prometheus:prometheus-metrics-exposition-formats-no-protobuf:1.3.8
2025-08-17 11:56:20,429 [Worker-13: Download sources and javadoc] INFO  o.e.m.c.i.e.AbstractTransferListenerAdapter - Downloading https://repo.maven.apache.org/maven2/io/prometheus/prometheus-metrics-exposition-textformats/1.3.8/prometheus-metrics-exposition-textformats-1.3.8-sources.jar
2025-08-17 11:56:20,482 [Worker-13: Download sources and javadoc] INFO  o.e.m.c.i.e.AbstractTransferListenerAdapter - Downloaded https://repo.maven.apache.org/maven2/io/prometheus/prometheus-metrics-exposition-textformats/1.3.8/prometheus-metrics-exposition-textformats-1.3.8-sources.jar
2025-08-17 11:56:20,494 [Worker-13: Download sources and javadoc] INFO  o.e.m.j.internal.DownloadSourcesJob - Downloaded sources for io.prometheus:prometheus-metrics-exposition-textformats:1.3.8
2025-08-17 11:56:20,602 [Worker-13: Download sources and javadoc] INFO  o.e.m.c.i.e.AbstractTransferListenerAdapter - Downloading https://repo.maven.apache.org/maven2/com/google/protobuf/protobuf-java/4.31.0/protobuf-java-4.31.0-sources.jar
2025-08-17 11:56:20,813 [Worker-13: Download sources and javadoc] INFO  o.e.m.c.i.e.AbstractTransferListenerAdapter - Downloaded https://repo.maven.apache.org/maven2/com/google/protobuf/protobuf-java/4.31.0/protobuf-java-4.31.0-sources.jar
2025-08-17 11:56:20,822 [Worker-13: Download sources and javadoc] INFO  o.e.m.j.internal.DownloadSourcesJob - Downloaded sources for com.google.protobuf:protobuf-java:4.31.0
2025-08-17 11:56:21,149 [Worker-13: Download sources and javadoc] INFO  o.e.m.c.i.e.AbstractTransferListenerAdapter - Downloading https://repo.maven.apache.org/maven2/io/micrometer/micrometer-tracing-bridge-otel/1.5.1/micrometer-tracing-bridge-otel-1.5.1-sources.jar
2025-08-17 11:56:21,402 [Worker-13: Download sources and javadoc] INFO  o.e.m.c.i.e.AbstractTransferListenerAdapter - Downloaded https://repo.maven.apache.org/maven2/io/micrometer/micrometer-tracing-bridge-otel/1.5.1/micrometer-tracing-bridge-otel-1.5.1-sources.jar
2025-08-17 11:56:21,413 [Worker-13: Download sources and javadoc] INFO  o.e.m.j.internal.DownloadSourcesJob - Downloaded sources for io.micrometer:micrometer-tracing-bridge-otel:1.5.1
2025-08-17 11:56:21,582 [Worker-13: Download sources and javadoc] INFO  o.e.m.c.i.e.AbstractTransferListenerAdapter - Downloading https://repo.maven.apache.org/maven2/io/micrometer/micrometer-tracing/1.5.1/micrometer-tracing-1.5.1-sources.jar
2025-08-17 11:56:21,988 [Worker-13: Download sources and javadoc] INFO  o.e.m.c.i.e.AbstractTransferListenerAdapter - Downloaded https://repo.maven.apache.org/maven2/io/micrometer/micrometer-tracing/1.5.1/micrometer-tracing-1.5.1-sources.jar
2025-08-17 11:56:21,998 [Worker-13: Download sources and javadoc] INFO  o.e.m.j.internal.DownloadSourcesJob - Downloaded sources for io.micrometer:micrometer-tracing:1.5.1
2025-08-17 11:56:22,131 [Worker-13: Download sources and javadoc] INFO  o.e.m.c.i.e.AbstractTransferListenerAdapter - Downloading https://repo.maven.apache.org/maven2/io/micrometer/context-propagation/1.1.3/context-propagation-1.1.3-sources.jar
2025-08-17 11:56:22,208 [Worker-13: Download sources and javadoc] INFO  o.e.m.c.i.e.AbstractTransferListenerAdapter - Downloaded https://repo.maven.apache.org/maven2/io/micrometer/context-propagation/1.1.3/context-propagation-1.1.3-sources.jar
2025-08-17 11:56:22,221 [Worker-13: Download sources and javadoc] INFO  o.e.m.j.internal.DownloadSourcesJob - Downloaded sources for io.micrometer:context-propagation:1.1.3
2025-08-17 11:56:22,403 [Worker-13: Download sources and javadoc] INFO  o.e.m.c.i.e.AbstractTransferListenerAdapter - Downloading https://repo.maven.apache.org/maven2/io/opentelemetry/opentelemetry-api/1.49.0/opentelemetry-api-1.49.0-sources.jar
2025-08-17 11:56:22,604 [Worker-13: Download sources and javadoc] INFO  o.e.m.c.i.e.AbstractTransferListenerAdapter - Downloaded https://repo.maven.apache.org/maven2/io/opentelemetry/opentelemetry-api/1.49.0/opentelemetry-api-1.49.0-sources.jar
2025-08-17 11:56:22,616 [Worker-13: Download sources and javadoc] INFO  o.e.m.j.internal.DownloadSourcesJob - Downloaded sources for io.opentelemetry:opentelemetry-api:1.49.0
2025-08-17 11:56:22,743 [Worker-13: Download sources and javadoc] INFO  o.e.m.c.i.e.AbstractTransferListenerAdapter - Downloading https://repo.maven.apache.org/maven2/io/opentelemetry/opentelemetry-context/1.49.0/opentelemetry-context-1.49.0-sources.jar
2025-08-17 11:56:22,799 [Worker-13: Download sources and javadoc] INFO  o.e.m.c.i.e.AbstractTransferListenerAdapter - Downloaded https://repo.maven.apache.org/maven2/io/opentelemetry/opentelemetry-context/1.49.0/opentelemetry-context-1.49.0-sources.jar
2025-08-17 11:56:22,804 [Worker-13: Download sources and javadoc] INFO  o.e.m.j.internal.DownloadSourcesJob - Downloaded sources for io.opentelemetry:opentelemetry-context:1.49.0
2025-08-17 11:56:22,895 [Worker-13: Download sources and javadoc] INFO  o.e.m.c.i.e.AbstractTransferListenerAdapter - Downloading https://repo.maven.apache.org/maven2/io/opentelemetry/semconv/opentelemetry-semconv/1.32.0/opentelemetry-semconv-1.32.0-sources.jar
2025-08-17 11:56:22,946 [Worker-13: Download sources and javadoc] INFO  o.e.m.c.i.e.AbstractTransferListenerAdapter - Downloaded https://repo.maven.apache.org/maven2/io/opentelemetry/semconv/opentelemetry-semconv/1.32.0/opentelemetry-semconv-1.32.0-sources.jar
2025-08-17 11:56:22,955 [Worker-13: Download sources and javadoc] INFO  o.e.m.j.internal.DownloadSourcesJob - Downloaded sources for io.opentelemetry.semconv:opentelemetry-semconv:1.32.0
2025-08-17 11:56:23,085 [Worker-13: Download sources and javadoc] INFO  o.e.m.c.i.e.AbstractTransferListenerAdapter - Downloading https://repo.maven.apache.org/maven2/io/opentelemetry/opentelemetry-sdk-common/1.49.0/opentelemetry-sdk-common-1.49.0-sources.jar
2025-08-17 11:56:23,128 [Worker-13: Download sources and javadoc] INFO  o.e.m.c.i.e.AbstractTransferListenerAdapter - Downloaded https://repo.maven.apache.org/maven2/io/opentelemetry/opentelemetry-sdk-common/1.49.0/opentelemetry-sdk-common-1.49.0-sources.jar
2025-08-17 11:56:23,137 [Worker-13: Download sources and javadoc] INFO  o.e.m.j.internal.DownloadSourcesJob - Downloaded sources for io.opentelemetry:opentelemetry-sdk-common:1.49.0
2025-08-17 11:56:23,232 [Worker-13: Download sources and javadoc] INFO  o.e.m.c.i.e.AbstractTransferListenerAdapter - Downloading https://repo.maven.apache.org/maven2/io/opentelemetry/opentelemetry-sdk-trace/1.49.0/opentelemetry-sdk-trace-1.49.0-sources.jar
2025-08-17 11:56:23,290 [Worker-13: Download sources and javadoc] INFO  o.e.m.c.i.e.AbstractTransferListenerAdapter - Downloaded https://repo.maven.apache.org/maven2/io/opentelemetry/opentelemetry-sdk-trace/1.49.0/opentelemetry-sdk-trace-1.49.0-sources.jar
2025-08-17 11:56:23,296 [Worker-13: Download sources and javadoc] INFO  o.e.m.j.internal.DownloadSourcesJob - Downloaded sources for io.opentelemetry:opentelemetry-sdk-trace:1.49.0
2025-08-17 11:56:23,380 [Worker-13: Download sources and javadoc] INFO  o.e.m.c.i.e.AbstractTransferListenerAdapter - Downloading https://repo.maven.apache.org/maven2/io/opentelemetry/opentelemetry-sdk/1.49.0/opentelemetry-sdk-1.49.0-sources.jar
2025-08-17 11:56:23,418 [Worker-13: Download sources and javadoc] INFO  o.e.m.c.i.e.AbstractTransferListenerAdapter - Downloaded https://repo.maven.apache.org/maven2/io/opentelemetry/opentelemetry-sdk/1.49.0/opentelemetry-sdk-1.49.0-sources.jar
2025-08-17 11:56:23,424 [Worker-13: Download sources and javadoc] INFO  o.e.m.j.internal.DownloadSourcesJob - Downloaded sources for io.opentelemetry:opentelemetry-sdk:1.49.0
2025-08-17 11:56:23,522 [Worker-13: Download sources and javadoc] INFO  o.e.m.c.i.e.AbstractTransferListenerAdapter - Downloading https://repo.maven.apache.org/maven2/io/opentelemetry/opentelemetry-sdk-metrics/1.49.0/opentelemetry-sdk-metrics-1.49.0-sources.jar
2025-08-17 11:56:23,620 [Worker-13: Download sources and javadoc] INFO  o.e.m.c.i.e.AbstractTransferListenerAdapter - Downloaded https://repo.maven.apache.org/maven2/io/opentelemetry/opentelemetry-sdk-metrics/1.49.0/opentelemetry-sdk-metrics-1.49.0-sources.jar
2025-08-17 11:56:23,627 [Worker-13: Download sources and javadoc] INFO  o.e.m.j.internal.DownloadSourcesJob - Downloaded sources for io.opentelemetry:opentelemetry-sdk-metrics:1.49.0
2025-08-17 11:56:23,720 [Worker-13: Download sources and javadoc] INFO  o.e.m.c.i.e.AbstractTransferListenerAdapter - Downloading https://repo.maven.apache.org/maven2/io/opentelemetry/opentelemetry-sdk-logs/1.49.0/opentelemetry-sdk-logs-1.49.0-sources.jar
2025-08-17 11:56:23,768 [Worker-13: Download sources and javadoc] INFO  o.e.m.c.i.e.AbstractTransferListenerAdapter - Downloaded https://repo.maven.apache.org/maven2/io/opentelemetry/opentelemetry-sdk-logs/1.49.0/opentelemetry-sdk-logs-1.49.0-sources.jar
2025-08-17 11:56:23,777 [Worker-13: Download sources and javadoc] INFO  o.e.m.j.internal.DownloadSourcesJob - Downloaded sources for io.opentelemetry:opentelemetry-sdk-logs:1.49.0
2025-08-17 11:56:23,890 [Worker-13: Download sources and javadoc] INFO  o.e.m.c.i.e.AbstractTransferListenerAdapter - Downloading https://repo.maven.apache.org/maven2/io/opentelemetry/opentelemetry-extension-trace-propagators/1.49.0/opentelemetry-extension-trace-propagators-1.49.0-sources.jar
2025-08-17 11:56:23,934 [Worker-13: Download sources and javadoc] INFO  o.e.m.c.i.e.AbstractTransferListenerAdapter - Downloaded https://repo.maven.apache.org/maven2/io/opentelemetry/opentelemetry-extension-trace-propagators/1.49.0/opentelemetry-extension-trace-propagators-1.49.0-sources.jar
2025-08-17 11:56:23,947 [Worker-13: Download sources and javadoc] INFO  o.e.m.j.internal.DownloadSourcesJob - Downloaded sources for io.opentelemetry:opentelemetry-extension-trace-propagators:1.49.0
2025-08-17 11:56:24,072 [Worker-13: Download sources and javadoc] INFO  o.e.m.c.i.e.AbstractTransferListenerAdapter - Downloading https://repo.maven.apache.org/maven2/io/opentelemetry/opentelemetry-exporter-zipkin/1.49.0/opentelemetry-exporter-zipkin-1.49.0-sources.jar
2025-08-17 11:56:24,121 [Worker-13: Download sources and javadoc] INFO  o.e.m.c.i.e.AbstractTransferListenerAdapter - Downloaded https://repo.maven.apache.org/maven2/io/opentelemetry/opentelemetry-exporter-zipkin/1.49.0/opentelemetry-exporter-zipkin-1.49.0-sources.jar
2025-08-17 11:56:24,133 [Worker-13: Download sources and javadoc] INFO  o.e.m.j.internal.DownloadSourcesJob - Downloaded sources for io.opentelemetry:opentelemetry-exporter-zipkin:1.49.0
2025-08-17 11:56:24,244 [Worker-13: Download sources and javadoc] INFO  o.e.m.c.i.e.AbstractTransferListenerAdapter - Downloading https://repo.maven.apache.org/maven2/io/zipkin/reporter2/zipkin-reporter/3.5.1/zipkin-reporter-3.5.1-sources.jar
2025-08-17 11:56:24,295 [Worker-13: Download sources and javadoc] INFO  o.e.m.c.i.e.AbstractTransferListenerAdapter - Downloaded https://repo.maven.apache.org/maven2/io/zipkin/reporter2/zipkin-reporter/3.5.1/zipkin-reporter-3.5.1-sources.jar
2025-08-17 11:56:24,307 [Worker-13: Download sources and javadoc] INFO  o.e.m.j.internal.DownloadSourcesJob - Downloaded sources for io.zipkin.reporter2:zipkin-reporter:3.5.1
2025-08-17 11:56:24,391 [Worker-13: Download sources and javadoc] INFO  o.e.m.c.i.e.AbstractTransferListenerAdapter - Downloading https://repo.maven.apache.org/maven2/io/opentelemetry/opentelemetry-exporter-common/1.49.0/opentelemetry-exporter-common-1.49.0-sources.jar
2025-08-17 11:56:24,455 [Worker-13: Download sources and javadoc] INFO  o.e.m.c.i.e.AbstractTransferListenerAdapter - Downloaded https://repo.maven.apache.org/maven2/io/opentelemetry/opentelemetry-exporter-common/1.49.0/opentelemetry-exporter-common-1.49.0-sources.jar
2025-08-17 11:56:24,467 [Worker-13: Download sources and javadoc] INFO  o.e.m.j.internal.DownloadSourcesJob - Downloaded sources for io.opentelemetry:opentelemetry-exporter-common:1.49.0
2025-08-17 11:56:24,571 [Worker-13: Download sources and javadoc] INFO  o.e.m.c.i.e.AbstractTransferListenerAdapter - Downloading https://repo.maven.apache.org/maven2/io/opentelemetry/opentelemetry-sdk-extension-autoconfigure-spi/1.49.0/opentelemetry-sdk-extension-autoconfigure-spi-1.49.0-sources.jar
2025-08-17 11:56:24,619 [Worker-13: Download sources and javadoc] INFO  o.e.m.c.i.e.AbstractTransferListenerAdapter - Downloaded https://repo.maven.apache.org/maven2/io/opentelemetry/opentelemetry-sdk-extension-autoconfigure-spi/1.49.0/opentelemetry-sdk-extension-autoconfigure-spi-1.49.0-sources.jar
2025-08-17 11:56:24,624 [Worker-13: Download sources and javadoc] INFO  o.e.m.j.internal.DownloadSourcesJob - Downloaded sources for io.opentelemetry:opentelemetry-sdk-extension-autoconfigure-spi:1.49.0
2025-08-17 11:56:24,711 [Worker-13: Download sources and javadoc] INFO  o.e.m.c.i.e.AbstractTransferListenerAdapter - Downloading https://repo.maven.apache.org/maven2/io/zipkin/reporter2/zipkin-sender-okhttp3/3.5.1/zipkin-sender-okhttp3-3.5.1-sources.jar
2025-08-17 11:56:25,079 [Worker-13: Download sources and javadoc] INFO  o.e.m.c.i.e.AbstractTransferListenerAdapter - Downloaded https://repo.maven.apache.org/maven2/io/zipkin/reporter2/zipkin-sender-okhttp3/3.5.1/zipkin-sender-okhttp3-3.5.1-sources.jar
2025-08-17 11:56:25,089 [Worker-13: Download sources and javadoc] INFO  o.e.m.j.internal.DownloadSourcesJob - Downloaded sources for io.zipkin.reporter2:zipkin-sender-okhttp3:3.5.1
2025-08-17 11:56:25,210 [Worker-13: Download sources and javadoc] INFO  o.e.m.c.i.e.AbstractTransferListenerAdapter - Downloading https://repo.maven.apache.org/maven2/org/postgresql/postgresql/42.7.7/postgresql-42.7.7-sources.jar
2025-08-17 11:56:26,547 [Worker-13: Download sources and javadoc] INFO  o.e.m.c.i.e.AbstractTransferListenerAdapter - Downloaded https://repo.maven.apache.org/maven2/org/postgresql/postgresql/42.7.7/postgresql-42.7.7-sources.jar
2025-08-17 11:56:26,552 [Worker-13: Download sources and javadoc] INFO  o.e.m.j.internal.DownloadSourcesJob - Downloaded sources for org.postgresql:postgresql:42.7.7
2025-08-17 11:56:26,642 [Worker-13: Download sources and javadoc] INFO  o.e.m.c.i.e.AbstractTransferListenerAdapter - Downloading https://repo.maven.apache.org/maven2/org/springframework/boot/spring-boot-configuration-processor/3.5.3/spring-boot-configuration-processor-3.5.3-sources.jar
2025-08-17 11:56:26,687 [Worker-13: Download sources and javadoc] INFO  o.e.m.c.i.e.AbstractTransferListenerAdapter - Downloaded https://repo.maven.apache.org/maven2/org/springframework/boot/spring-boot-configuration-processor/3.5.3/spring-boot-configuration-processor-3.5.3-sources.jar
2025-08-17 11:56:26,691 [Worker-13: Download sources and javadoc] INFO  o.e.m.j.internal.DownloadSourcesJob - Downloaded sources for org.springframework.boot:spring-boot-configuration-processor:3.5.3
2025-08-17 11:56:26,770 [Worker-13: Download sources and javadoc] INFO  o.e.m.c.i.e.AbstractTransferListenerAdapter - Downloading https://repo.maven.apache.org/maven2/org/springframework/boot/spring-boot-starter-test/3.5.3/spring-boot-starter-test-3.5.3-sources.jar
2025-08-17 11:56:26,820 [Worker-13: Download sources and javadoc] INFO  o.e.m.c.i.e.AbstractTransferListenerAdapter - Downloaded https://repo.maven.apache.org/maven2/org/springframework/boot/spring-boot-starter-test/3.5.3/spring-boot-starter-test-3.5.3-sources.jar
2025-08-17 11:56:26,824 [Worker-13: Download sources and javadoc] INFO  o.e.m.j.internal.DownloadSourcesJob - Downloaded sources for org.springframework.boot:spring-boot-starter-test:3.5.3
2025-08-17 11:56:26,911 [Worker-13: Download sources and javadoc] INFO  o.e.m.c.i.e.AbstractTransferListenerAdapter - Downloading https://repo.maven.apache.org/maven2/org/springframework/boot/spring-boot-test/3.5.3/spring-boot-test-3.5.3-sources.jar
2025-08-17 11:56:26,987 [Worker-13: Download sources and javadoc] INFO  o.e.m.c.i.e.AbstractTransferListenerAdapter - Downloaded https://repo.maven.apache.org/maven2/org/springframework/boot/spring-boot-test/3.5.3/spring-boot-test-3.5.3-sources.jar
2025-08-17 11:56:26,992 [Worker-13: Download sources and javadoc] INFO  o.e.m.j.internal.DownloadSourcesJob - Downloaded sources for org.springframework.boot:spring-boot-test:3.5.3
2025-08-17 11:56:27,071 [Worker-13: Download sources and javadoc] INFO  o.e.m.c.i.e.AbstractTransferListenerAdapter - Downloading https://repo.maven.apache.org/maven2/org/springframework/boot/spring-boot-test-autoconfigure/3.5.3/spring-boot-test-autoconfigure-3.5.3-sources.jar
2025-08-17 11:56:27,187 [Worker-13: Download sources and javadoc] INFO  o.e.m.c.i.e.AbstractTransferListenerAdapter - Downloaded https://repo.maven.apache.org/maven2/org/springframework/boot/spring-boot-test-autoconfigure/3.5.3/spring-boot-test-autoconfigure-3.5.3-sources.jar
2025-08-17 11:56:27,192 [Worker-13: Download sources and javadoc] INFO  o.e.m.j.internal.DownloadSourcesJob - Downloaded sources for org.springframework.boot:spring-boot-test-autoconfigure:3.5.3
2025-08-17 11:56:27,293 [Worker-13: Download sources and javadoc] INFO  o.e.m.c.i.e.AbstractTransferListenerAdapter - Downloading https://repo.maven.apache.org/maven2/org/springframework/spring-core/6.2.8/spring-core-6.2.8-sources.jar
2025-08-17 11:56:27,659 [Worker-13: Download sources and javadoc] INFO  o.e.m.c.i.e.AbstractTransferListenerAdapter - Downloaded https://repo.maven.apache.org/maven2/org/springframework/spring-core/6.2.8/spring-core-6.2.8-sources.jar
2025-08-17 11:56:27,662 [Worker-13: Download sources and javadoc] INFO  o.e.m.j.internal.DownloadSourcesJob - Downloaded sources for org.springframework:spring-core:6.2.8
2025-08-17 11:56:27,739 [Worker-13: Download sources and javadoc] INFO  o.e.m.c.i.e.AbstractTransferListenerAdapter - Downloading https://repo.maven.apache.org/maven2/org/springframework/spring-jcl/6.2.8/spring-jcl-6.2.8-sources.jar
2025-08-17 11:56:27,780 [Worker-13: Download sources and javadoc] INFO  o.e.m.c.i.e.AbstractTransferListenerAdapter - Downloaded https://repo.maven.apache.org/maven2/org/springframework/spring-jcl/6.2.8/spring-jcl-6.2.8-sources.jar
2025-08-17 11:56:27,784 [Worker-13: Download sources and javadoc] INFO  o.e.m.j.internal.DownloadSourcesJob - Downloaded sources for org.springframework:spring-jcl:6.2.8
2025-08-17 11:56:27,873 [Worker-13: Download sources and javadoc] INFO  o.e.m.c.i.e.AbstractTransferListenerAdapter - Downloading https://repo.maven.apache.org/maven2/org/springframework/spring-test/6.2.8/spring-test-6.2.8-sources.jar
2025-08-17 11:56:28,091 [Worker-13: Download sources and javadoc] INFO  o.e.m.c.i.e.AbstractTransferListenerAdapter - Downloaded https://repo.maven.apache.org/maven2/org/springframework/spring-test/6.2.8/spring-test-6.2.8-sources.jar
2025-08-17 11:56:28,102 [Worker-13: Download sources and javadoc] INFO  o.e.m.j.internal.DownloadSourcesJob - Downloaded sources for org.springframework:spring-test:6.2.8
2025-08-17 11:56:28,201 [Worker-13: Download sources and javadoc] INFO  o.e.m.c.i.e.AbstractTransferListenerAdapter - Downloading https://repo.maven.apache.org/maven2/org/xmlunit/xmlunit-core/2.10.2/xmlunit-core-2.10.2-sources.jar
2025-08-17 11:56:28,494 [Worker-13: Download sources and javadoc] INFO  o.e.m.c.i.e.AbstractTransferListenerAdapter - Downloaded https://repo.maven.apache.org/maven2/org/xmlunit/xmlunit-core/2.10.2/xmlunit-core-2.10.2-sources.jar
2025-08-17 11:56:28,508 [Worker-13: Download sources and javadoc] INFO  o.e.m.j.internal.DownloadSourcesJob - Downloaded sources for org.xmlunit:xmlunit-core:2.10.2
2025-08-17 11:56:28,829 [Worker-13: Download sources and javadoc] INFO  o.e.m.c.i.e.AbstractTransferListenerAdapter - Downloading https://repo.maven.apache.org/maven2/org/springframework/boot/spring-boot-testcontainers/3.5.3/spring-boot-testcontainers-3.5.3-sources.jar
2025-08-17 11:56:29,119 [Worker-13: Download sources and javadoc] INFO  o.e.m.c.i.e.AbstractTransferListenerAdapter - Downloaded https://repo.maven.apache.org/maven2/org/springframework/boot/spring-boot-testcontainers/3.5.3/spring-boot-testcontainers-3.5.3-sources.jar
2025-08-17 11:56:29,129 [Worker-13: Download sources and javadoc] INFO  o.e.m.j.internal.DownloadSourcesJob - Downloaded sources for org.springframework.boot:spring-boot-testcontainers:3.5.3
2025-08-17 11:56:29,236 [Worker-13: Download sources and javadoc] INFO  o.e.m.c.i.e.AbstractTransferListenerAdapter - Downloading https://repo.maven.apache.org/maven2/org/testcontainers/junit-jupiter/1.21.2/junit-jupiter-1.21.2-sources.jar
2025-08-17 11:56:29,529 [Worker-13: Download sources and javadoc] INFO  o.e.m.c.i.e.AbstractTransferListenerAdapter - Downloaded https://repo.maven.apache.org/maven2/org/testcontainers/junit-jupiter/1.21.2/junit-jupiter-1.21.2-sources.jar
2025-08-17 11:56:29,542 [Worker-13: Download sources and javadoc] INFO  o.e.m.j.internal.DownloadSourcesJob - Downloaded sources for org.testcontainers:junit-jupiter:1.21.2
2025-08-17 11:56:29,885 [Worker-13: Download sources and javadoc] INFO  o.e.m.c.i.e.AbstractTransferListenerAdapter - Downloading https://repo.maven.apache.org/maven2/org/testcontainers/postgresql/1.21.2/postgresql-1.21.2-sources.jar
2025-08-17 11:56:30,281 [Worker-13: Download sources and javadoc] INFO  o.e.m.c.i.e.AbstractTransferListenerAdapter - Downloaded https://repo.maven.apache.org/maven2/org/testcontainers/postgresql/1.21.2/postgresql-1.21.2-sources.jar
2025-08-17 11:56:30,295 [Worker-13: Download sources and javadoc] INFO  o.e.m.j.internal.DownloadSourcesJob - Downloaded sources for org.testcontainers:postgresql:1.21.2
2025-08-17 11:56:30,393 [Worker-13: Download sources and javadoc] INFO  o.e.m.c.i.e.AbstractTransferListenerAdapter - Downloading https://repo.maven.apache.org/maven2/io/rest-assured/rest-assured/5.5.5/rest-assured-5.5.5-sources.jar
2025-08-17 11:56:30,513 [Worker-13: Download sources and javadoc] INFO  o.e.m.c.i.e.AbstractTransferListenerAdapter - Downloaded https://repo.maven.apache.org/maven2/io/rest-assured/rest-assured/5.5.5/rest-assured-5.5.5-sources.jar
2025-08-17 11:56:30,530 [Worker-13: Download sources and javadoc] INFO  o.e.m.j.internal.DownloadSourcesJob - Downloaded sources for io.rest-assured:rest-assured:5.5.5
2025-08-17 11:56:30,621 [Worker-13: Download sources and javadoc] INFO  o.e.m.c.i.e.AbstractTransferListenerAdapter - Downloading https://repo.maven.apache.org/maven2/org/springframework/boot/spring-boot-starter-amqp/3.5.3/spring-boot-starter-amqp-3.5.3-sources.jar
2025-08-17 11:56:30,883 [Worker-13: Download sources and javadoc] INFO  o.e.m.c.i.e.AbstractTransferListenerAdapter - Downloaded https://repo.maven.apache.org/maven2/org/springframework/boot/spring-boot-starter-amqp/3.5.3/spring-boot-starter-amqp-3.5.3-sources.jar
2025-08-17 11:56:30,897 [Worker-13: Download sources and javadoc] INFO  o.e.m.j.internal.DownloadSourcesJob - Downloaded sources for org.springframework.boot:spring-boot-starter-amqp:3.5.3
2025-08-17 11:56:30,913 [Worker-13: Download sources and javadoc] INFO  o.e.m.j.internal.DownloadSourcesJob - Downloaded sources for org.springframework.boot:spring-boot-autoconfigure:3.5.3
2025-08-17 11:56:30,934 [Worker-13: Download sources and javadoc] INFO  o.e.m.j.internal.DownloadSourcesJob - Downloaded sources for org.springframework.boot:spring-boot-starter-logging:3.5.3
2025-08-17 11:56:31,048 [Worker-13: Download sources and javadoc] INFO  o.e.m.c.i.e.AbstractTransferListenerAdapter - Downloading https://repo.maven.apache.org/maven2/org/springframework/spring-messaging/6.2.8/spring-messaging-6.2.8-sources.jar
2025-08-17 11:56:31,168 [Worker-13: Download sources and javadoc] INFO  o.e.m.c.i.e.AbstractTransferListenerAdapter - Downloaded https://repo.maven.apache.org/maven2/org/springframework/spring-messaging/6.2.8/spring-messaging-6.2.8-sources.jar
2025-08-17 11:56:31,173 [Worker-13: Download sources and javadoc] INFO  o.e.m.j.internal.DownloadSourcesJob - Downloaded sources for org.springframework:spring-messaging:6.2.8
2025-08-17 11:56:31,178 [Worker-13: Download sources and javadoc] INFO  o.e.m.j.internal.DownloadSourcesJob - Downloaded sources for org.springframework:spring-beans:6.2.8
2025-08-17 11:56:31,273 [Worker-13: Download sources and javadoc] INFO  o.e.m.c.i.e.AbstractTransferListenerAdapter - Downloading https://repo.maven.apache.org/maven2/org/springframework/amqp/spring-rabbit/3.2.5/spring-rabbit-3.2.5-sources.jar
2025-08-17 11:56:31,418 [Worker-13: Download sources and javadoc] INFO  o.e.m.c.i.e.AbstractTransferListenerAdapter - Downloaded https://repo.maven.apache.org/maven2/org/springframework/amqp/spring-rabbit/3.2.5/spring-rabbit-3.2.5-sources.jar
2025-08-17 11:56:31,422 [Worker-13: Download sources and javadoc] INFO  o.e.m.j.internal.DownloadSourcesJob - Downloaded sources for org.springframework.amqp:spring-rabbit:3.2.5
2025-08-17 11:56:31,514 [Worker-13: Download sources and javadoc] INFO  o.e.m.c.i.e.AbstractTransferListenerAdapter - Downloading https://repo.maven.apache.org/maven2/org/springframework/amqp/spring-amqp/3.2.5/spring-amqp-3.2.5-sources.jar
2025-08-17 11:56:31,608 [Worker-13: Download sources and javadoc] INFO  o.e.m.c.i.e.AbstractTransferListenerAdapter - Downloaded https://repo.maven.apache.org/maven2/org/springframework/amqp/spring-amqp/3.2.5/spring-amqp-3.2.5-sources.jar
2025-08-17 11:56:31,613 [Worker-13: Download sources and javadoc] INFO  o.e.m.j.internal.DownloadSourcesJob - Downloaded sources for org.springframework.amqp:spring-amqp:3.2.5
2025-08-17 11:56:31,704 [Worker-13: Download sources and javadoc] INFO  o.e.m.c.i.e.AbstractTransferListenerAdapter - Downloading https://repo.maven.apache.org/maven2/com/rabbitmq/amqp-client/5.25.0/amqp-client-5.25.0-sources.jar
2025-08-17 11:56:31,848 [Worker-13: Download sources and javadoc] INFO  o.e.m.c.i.e.AbstractTransferListenerAdapter - Downloaded https://repo.maven.apache.org/maven2/com/rabbitmq/amqp-client/5.25.0/amqp-client-5.25.0-sources.jar
2025-08-17 11:56:31,851 [Worker-13: Download sources and javadoc] INFO  o.e.m.j.internal.DownloadSourcesJob - Downloaded sources for com.rabbitmq:amqp-client:5.25.0
2025-08-17 11:56:31,961 [Worker-13: Download sources and javadoc] INFO  o.e.m.c.i.e.AbstractTransferListenerAdapter - Downloading https://repo.maven.apache.org/maven2/org/springframework/spring-tx/6.2.8/spring-tx-6.2.8-sources.jar
2025-08-17 11:56:32,081 [Worker-13: Download sources and javadoc] INFO  o.e.m.c.i.e.AbstractTransferListenerAdapter - Downloaded https://repo.maven.apache.org/maven2/org/springframework/spring-tx/6.2.8/spring-tx-6.2.8-sources.jar
2025-08-17 11:56:32,086 [Worker-13: Download sources and javadoc] INFO  o.e.m.j.internal.DownloadSourcesJob - Downloaded sources for org.springframework:spring-tx:6.2.8
2025-08-17 11:56:32,091 [Worker-13: Download sources and javadoc] INFO  o.e.m.j.internal.DownloadSourcesJob - Downloaded sources for org.apache.tomcat.embed:tomcat-embed-el:10.1.42
2025-08-17 11:56:32,097 [Worker-13: Download sources and javadoc] INFO  o.e.m.j.internal.DownloadSourcesJob - Downloaded sources for org.springframework.boot:spring-boot-starter-web:3.5.3
2025-08-17 11:56:32,102 [Worker-13: Download sources and javadoc] INFO  o.e.m.j.internal.DownloadSourcesJob - Downloaded sources for com.fasterxml.jackson.dataformat:jackson-dataformat-toml:2.19.1
2025-08-17 11:56:32,106 [Worker-13: Download sources and javadoc] INFO  o.e.m.j.internal.DownloadSourcesJob - Downloaded sources for com.fasterxml.jackson.datatype:jackson-datatype-jsr310:2.19.1
2025-08-17 11:56:32,111 [Worker-13: Download sources and javadoc] INFO  o.e.m.j.internal.DownloadSourcesJob - Downloaded sources for com.fasterxml.jackson.core:jackson-annotations:2.19.1
2025-08-17 11:56:32,115 [Worker-13: Download sources and javadoc] INFO  o.e.m.j.internal.DownloadSourcesJob - Downloaded sources for com.fasterxml.jackson.core:jackson-core:2.19.1
2025-08-17 11:56:32,119 [Worker-13: Download sources and javadoc] INFO  o.e.m.j.internal.DownloadSourcesJob - Downloaded sources for com.fasterxml.jackson.core:jackson-databind:2.19.1
2025-08-17 11:56:32,124 [Worker-13: Download sources and javadoc] INFO  o.e.m.j.internal.DownloadSourcesJob - Downloaded sources for org.flywaydb:flyway-database-postgresql:11.7.2
2025-08-17 11:56:32,437 [Worker-13: Download sources and javadoc] INFO  o.e.m.c.i.e.AbstractTransferListenerAdapter - Downloading https://repo.maven.apache.org/maven2/org/springframework/boot/spring-boot-starter-oauth2-resource-server/3.5.3/spring-boot-starter-oauth2-resource-server-3.5.3-sources.jar
2025-08-17 11:56:32,706 [Worker-13: Download sources and javadoc] INFO  o.e.m.c.i.e.AbstractTransferListenerAdapter - Downloaded https://repo.maven.apache.org/maven2/org/springframework/boot/spring-boot-starter-oauth2-resource-server/3.5.3/spring-boot-starter-oauth2-resource-server-3.5.3-sources.jar
2025-08-17 11:56:32,721 [Worker-13: Download sources and javadoc] INFO  o.e.m.j.internal.DownloadSourcesJob - Downloaded sources for org.springframework.boot:spring-boot-starter-oauth2-resource-server:3.5.3
2025-08-17 11:56:32,822 [Worker-13: Download sources and javadoc] INFO  o.e.m.c.i.e.AbstractTransferListenerAdapter - Downloading https://repo.maven.apache.org/maven2/org/springframework/security/spring-security-config/6.5.1/spring-security-config-6.5.1-sources.jar
2025-08-17 11:56:33,217 [Worker-13: Download sources and javadoc] INFO  o.e.m.c.i.e.AbstractTransferListenerAdapter - Downloaded https://repo.maven.apache.org/maven2/org/springframework/security/spring-security-config/6.5.1/spring-security-config-6.5.1-sources.jar
2025-08-17 11:56:33,229 [Worker-13: Download sources and javadoc] INFO  o.e.m.j.internal.DownloadSourcesJob - Downloaded sources for org.springframework.security:spring-security-config:6.5.1
2025-08-17 11:56:33,365 [Worker-13: Download sources and javadoc] INFO  o.e.m.c.i.e.AbstractTransferListenerAdapter - Downloading https://repo.maven.apache.org/maven2/org/springframework/security/spring-security-core/6.5.1/spring-security-core-6.5.1-sources.jar
2025-08-17 11:56:34,168 [Worker-13: Download sources and javadoc] INFO  o.e.m.c.i.e.AbstractTransferListenerAdapter - Downloaded https://repo.maven.apache.org/maven2/org/springframework/security/spring-security-core/6.5.1/spring-security-core-6.5.1-sources.jar
2025-08-17 11:56:34,181 [Worker-13: Download sources and javadoc] INFO  o.e.m.j.internal.DownloadSourcesJob - Downloaded sources for org.springframework.security:spring-security-core:6.5.1
2025-08-17 11:56:34,294 [Worker-13: Download sources and javadoc] INFO  o.e.m.c.i.e.AbstractTransferListenerAdapter - Downloading https://repo.maven.apache.org/maven2/org/springframework/security/spring-security-crypto/6.5.1/spring-security-crypto-6.5.1-sources.jar
2025-08-17 11:56:34,352 [Worker-13: Download sources and javadoc] INFO  o.e.m.c.i.e.AbstractTransferListenerAdapter - Downloaded https://repo.maven.apache.org/maven2/org/springframework/security/spring-security-crypto/6.5.1/spring-security-crypto-6.5.1-sources.jar
2025-08-17 11:56:34,363 [Worker-13: Download sources and javadoc] INFO  o.e.m.j.internal.DownloadSourcesJob - Downloaded sources for org.springframework.security:spring-security-crypto:6.5.1
2025-08-17 11:56:34,376 [Worker-13: Download sources and javadoc] INFO  o.e.m.j.internal.DownloadSourcesJob - Downloaded sources for org.springframework:spring-expression:6.2.8
2025-08-17 11:56:34,484 [Worker-13: Download sources and javadoc] INFO  o.e.m.c.i.e.AbstractTransferListenerAdapter - Downloading https://repo.maven.apache.org/maven2/org/springframework/security/spring-security-oauth2-resource-server/6.5.1/spring-security-oauth2-resource-server-6.5.1-sources.jar
2025-08-17 11:56:34,553 [Worker-13: Download sources and javadoc] INFO  o.e.m.c.i.e.AbstractTransferListenerAdapter - Downloaded https://repo.maven.apache.org/maven2/org/springframework/security/spring-security-oauth2-resource-server/6.5.1/spring-security-oauth2-resource-server-6.5.1-sources.jar
2025-08-17 11:56:34,565 [Worker-13: Download sources and javadoc] INFO  o.e.m.j.internal.DownloadSourcesJob - Downloaded sources for org.springframework.security:spring-security-oauth2-resource-server:6.5.1
2025-08-17 11:56:34,671 [Worker-13: Download sources and javadoc] INFO  o.e.m.c.i.e.AbstractTransferListenerAdapter - Downloading https://repo.maven.apache.org/maven2/org/springframework/security/spring-security-oauth2-core/6.5.1/spring-security-oauth2-core-6.5.1-sources.jar
2025-08-17 11:56:34,958 [Worker-13: Download sources and javadoc] INFO  o.e.m.c.i.e.AbstractTransferListenerAdapter - Downloaded https://repo.maven.apache.org/maven2/org/springframework/security/spring-security-oauth2-core/6.5.1/spring-security-oauth2-core-6.5.1-sources.jar
2025-08-17 11:56:34,968 [Worker-13: Download sources and javadoc] INFO  o.e.m.j.internal.DownloadSourcesJob - Downloaded sources for org.springframework.security:spring-security-oauth2-core:6.5.1
2025-08-17 11:56:35,073 [Worker-13: Download sources and javadoc] INFO  o.e.m.c.i.e.AbstractTransferListenerAdapter - Downloading https://repo.maven.apache.org/maven2/org/springframework/security/spring-security-oauth2-jose/6.5.1/spring-security-oauth2-jose-6.5.1-sources.jar
2025-08-17 11:56:35,359 [Worker-13: Download sources and javadoc] INFO  o.e.m.c.i.e.AbstractTransferListenerAdapter - Downloaded https://repo.maven.apache.org/maven2/org/springframework/security/spring-security-oauth2-jose/6.5.1/spring-security-oauth2-jose-6.5.1-sources.jar
2025-08-17 11:56:35,371 [Worker-13: Download sources and javadoc] INFO  o.e.m.j.internal.DownloadSourcesJob - Downloaded sources for org.springframework.security:spring-security-oauth2-jose:6.5.1
2025-08-17 11:56:35,470 [Worker-13: Download sources and javadoc] INFO  o.e.m.c.i.e.AbstractTransferListenerAdapter - Downloading https://repo.maven.apache.org/maven2/org/springframework/boot/spring-boot-starter-security/3.5.3/spring-boot-starter-security-3.5.3-sources.jar
2025-08-17 11:56:35,522 [Worker-13: Download sources and javadoc] INFO  o.e.m.c.i.e.AbstractTransferListenerAdapter - Downloaded https://repo.maven.apache.org/maven2/org/springframework/boot/spring-boot-starter-security/3.5.3/spring-boot-starter-security-3.5.3-sources.jar
2025-08-17 11:56:35,526 [Worker-13: Download sources and javadoc] INFO  o.e.m.j.internal.DownloadSourcesJob - Downloaded sources for org.springframework.boot:spring-boot-starter-security:3.5.3
2025-08-17 11:56:35,531 [Worker-13: Download sources and javadoc] INFO  o.e.m.j.internal.DownloadSourcesJob - Downloaded sources for org.springframework:spring-aop:6.2.8
2025-08-17 11:56:35,625 [Worker-13: Download sources and javadoc] INFO  o.e.m.c.i.e.AbstractTransferListenerAdapter - Downloading https://repo.maven.apache.org/maven2/org/springframework/security/spring-security-web/6.5.1/spring-security-web-6.5.1-sources.jar
2025-08-17 11:56:35,833 [Worker-13: Download sources and javadoc] INFO  o.e.m.c.i.e.AbstractTransferListenerAdapter - Downloaded https://repo.maven.apache.org/maven2/org/springframework/security/spring-security-web/6.5.1/spring-security-web-6.5.1-sources.jar
2025-08-17 11:56:35,844 [Worker-13: Download sources and javadoc] INFO  o.e.m.j.internal.DownloadSourcesJob - Downloaded sources for org.springframework.security:spring-security-web:6.5.1
2025-08-17 11:56:35,937 [Worker-13: Download sources and javadoc] INFO  o.e.m.c.i.e.AbstractTransferListenerAdapter - Downloading https://repo.maven.apache.org/maven2/org/springframework/spring-web/6.2.8/spring-web-6.2.8-sources.jar
2025-08-17 11:56:36,314 [Worker-13: Download sources and javadoc] INFO  o.e.m.c.i.e.AbstractTransferListenerAdapter - Downloaded https://repo.maven.apache.org/maven2/org/springframework/spring-web/6.2.8/spring-web-6.2.8-sources.jar
2025-08-17 11:56:36,319 [Worker-13: Download sources and javadoc] INFO  o.e.m.j.internal.DownloadSourcesJob - Downloaded sources for org.springframework:spring-web:6.2.8
2025-08-17 11:56:36,421 [Worker-13: Download sources and javadoc] INFO  o.e.m.c.i.e.AbstractTransferListenerAdapter - Downloading https://repo.maven.apache.org/maven2/io/github/resilience4j/resilience4j-spring-boot3/2.3.0/resilience4j-spring-boot3-2.3.0-sources.jar
2025-08-17 11:56:36,730 [Worker-13: Download sources and javadoc] INFO  o.e.m.c.i.e.AbstractTransferListenerAdapter - Downloaded https://repo.maven.apache.org/maven2/io/github/resilience4j/resilience4j-spring-boot3/2.3.0/resilience4j-spring-boot3-2.3.0-sources.jar
2025-08-17 11:56:36,742 [Worker-13: Download sources and javadoc] INFO  o.e.m.j.internal.DownloadSourcesJob - Downloaded sources for io.github.resilience4j:resilience4j-spring-boot3:2.3.0
2025-08-17 11:56:36,853 [Worker-13: Download sources and javadoc] INFO  o.e.m.c.i.e.AbstractTransferListenerAdapter - Downloading https://repo.maven.apache.org/maven2/io/github/resilience4j/resilience4j-spring6/2.3.0/resilience4j-spring6-2.3.0-sources.jar
2025-08-17 11:56:37,171 [Worker-13: Download sources and javadoc] INFO  o.e.m.c.i.e.AbstractTransferListenerAdapter - Downloaded https://repo.maven.apache.org/maven2/io/github/resilience4j/resilience4j-spring6/2.3.0/resilience4j-spring6-2.3.0-sources.jar
2025-08-17 11:56:37,183 [Worker-13: Download sources and javadoc] INFO  o.e.m.j.internal.DownloadSourcesJob - Downloaded sources for io.github.resilience4j:resilience4j-spring6:2.3.0
2025-08-17 11:56:37,692 [Worker-13: Download sources and javadoc] INFO  o.e.m.c.i.e.AbstractTransferListenerAdapter - Downloading https://repo.maven.apache.org/maven2/io/github/resilience4j/resilience4j-annotations/2.3.0/resilience4j-annotations-2.3.0-sources.jar
2025-08-17 11:56:37,960 [Worker-13: Download sources and javadoc] INFO  o.e.m.c.i.e.AbstractTransferListenerAdapter - Downloaded https://repo.maven.apache.org/maven2/io/github/resilience4j/resilience4j-annotations/2.3.0/resilience4j-annotations-2.3.0-sources.jar
2025-08-17 11:56:37,971 [Worker-13: Download sources and javadoc] INFO  o.e.m.j.internal.DownloadSourcesJob - Downloaded sources for io.github.resilience4j:resilience4j-annotations:2.3.0
2025-08-17 11:56:38,092 [Worker-13: Download sources and javadoc] INFO  o.e.m.c.i.e.AbstractTransferListenerAdapter - Downloading https://repo.maven.apache.org/maven2/io/github/resilience4j/resilience4j-consumer/2.3.0/resilience4j-consumer-2.3.0-sources.jar
2025-08-17 11:56:38,360 [Worker-13: Download sources and javadoc] INFO  o.e.m.c.i.e.AbstractTransferListenerAdapter - Downloaded https://repo.maven.apache.org/maven2/io/github/resilience4j/resilience4j-consumer/2.3.0/resilience4j-consumer-2.3.0-sources.jar
2025-08-17 11:56:38,373 [Worker-13: Download sources and javadoc] INFO  o.e.m.j.internal.DownloadSourcesJob - Downloaded sources for io.github.resilience4j:resilience4j-consumer:2.3.0
2025-08-17 11:56:38,482 [Worker-13: Download sources and javadoc] INFO  o.e.m.c.i.e.AbstractTransferListenerAdapter - Downloading https://repo.maven.apache.org/maven2/io/github/resilience4j/resilience4j-core/2.3.0/resilience4j-core-2.3.0-sources.jar
2025-08-17 11:56:38,749 [Worker-13: Download sources and javadoc] INFO  o.e.m.c.i.e.AbstractTransferListenerAdapter - Downloaded https://repo.maven.apache.org/maven2/io/github/resilience4j/resilience4j-core/2.3.0/resilience4j-core-2.3.0-sources.jar
2025-08-17 11:56:38,757 [Worker-13: Download sources and javadoc] INFO  o.e.m.j.internal.DownloadSourcesJob - Downloaded sources for io.github.resilience4j:resilience4j-core:2.3.0
2025-08-17 11:56:38,861 [Worker-13: Download sources and javadoc] INFO  o.e.m.c.i.e.AbstractTransferListenerAdapter - Downloading https://repo.maven.apache.org/maven2/io/github/resilience4j/resilience4j-circularbuffer/2.3.0/resilience4j-circularbuffer-2.3.0-sources.jar
2025-08-17 11:56:39,144 [Worker-13: Download sources and javadoc] INFO  o.e.m.c.i.e.AbstractTransferListenerAdapter - Downloaded https://repo.maven.apache.org/maven2/io/github/resilience4j/resilience4j-circularbuffer/2.3.0/resilience4j-circularbuffer-2.3.0-sources.jar
2025-08-17 11:56:39,147 [Worker-13: Download sources and javadoc] INFO  o.e.m.j.internal.DownloadSourcesJob - Downloaded sources for io.github.resilience4j:resilience4j-circularbuffer:2.3.0
2025-08-17 11:56:39,236 [Worker-13: Download sources and javadoc] INFO  o.e.m.c.i.e.AbstractTransferListenerAdapter - Downloading https://repo.maven.apache.org/maven2/io/github/resilience4j/resilience4j-framework-common/2.3.0/resilience4j-framework-common-2.3.0-sources.jar
2025-08-17 11:56:39,502 [Worker-13: Download sources and javadoc] INFO  o.e.m.c.i.e.AbstractTransferListenerAdapter - Downloaded https://repo.maven.apache.org/maven2/io/github/resilience4j/resilience4j-framework-common/2.3.0/resilience4j-framework-common-2.3.0-sources.jar
2025-08-17 11:56:39,512 [Worker-13: Download sources and javadoc] INFO  o.e.m.j.internal.DownloadSourcesJob - Downloaded sources for io.github.resilience4j:resilience4j-framework-common:2.3.0
2025-08-17 11:56:39,644 [Worker-13: Download sources and javadoc] INFO  o.e.m.c.i.e.AbstractTransferListenerAdapter - Downloading https://repo.maven.apache.org/maven2/io/github/resilience4j/resilience4j-micrometer/2.3.0/resilience4j-micrometer-2.3.0-sources.jar
2025-08-17 11:56:39,908 [Worker-13: Download sources and javadoc] INFO  o.e.m.c.i.e.AbstractTransferListenerAdapter - Downloaded https://repo.maven.apache.org/maven2/io/github/resilience4j/resilience4j-micrometer/2.3.0/resilience4j-micrometer-2.3.0-sources.jar
2025-08-17 11:56:39,921 [Worker-13: Download sources and javadoc] INFO  o.e.m.j.internal.DownloadSourcesJob - Downloaded sources for io.github.resilience4j:resilience4j-micrometer:2.3.0
2025-08-17 11:56:40,021 [Worker-13: Download sources and javadoc] INFO  o.e.m.c.i.e.AbstractTransferListenerAdapter - Downloading https://repo.maven.apache.org/maven2/io/github/resilience4j/resilience4j-bulkhead/2.3.0/resilience4j-bulkhead-2.3.0-sources.jar
2025-08-17 11:56:40,303 [Worker-13: Download sources and javadoc] INFO  o.e.m.c.i.e.AbstractTransferListenerAdapter - Downloaded https://repo.maven.apache.org/maven2/io/github/resilience4j/resilience4j-bulkhead/2.3.0/resilience4j-bulkhead-2.3.0-sources.jar
2025-08-17 11:56:40,314 [Worker-13: Download sources and javadoc] INFO  o.e.m.j.internal.DownloadSourcesJob - Downloaded sources for io.github.resilience4j:resilience4j-bulkhead:2.3.0
2025-08-17 11:56:40,423 [Worker-13: Download sources and javadoc] INFO  o.e.m.c.i.e.AbstractTransferListenerAdapter - Downloading https://repo.maven.apache.org/maven2/io/github/resilience4j/resilience4j-circuitbreaker/2.3.0/resilience4j-circuitbreaker-2.3.0-sources.jar
2025-08-17 11:56:40,672 [Worker-13: Download sources and javadoc] INFO  o.e.m.c.i.e.AbstractTransferListenerAdapter - Downloaded https://repo.maven.apache.org/maven2/io/github/resilience4j/resilience4j-circuitbreaker/2.3.0/resilience4j-circuitbreaker-2.3.0-sources.jar
2025-08-17 11:56:40,692 [Worker-13: Download sources and javadoc] INFO  o.e.m.j.internal.DownloadSourcesJob - Downloaded sources for io.github.resilience4j:resilience4j-circuitbreaker:2.3.0
2025-08-17 11:56:40,794 [Worker-13: Download sources and javadoc] INFO  o.e.m.c.i.e.AbstractTransferListenerAdapter - Downloading https://repo.maven.apache.org/maven2/io/github/resilience4j/resilience4j-retry/2.3.0/resilience4j-retry-2.3.0-sources.jar
2025-08-17 11:56:41,071 [Worker-13: Download sources and javadoc] INFO  o.e.m.c.i.e.AbstractTransferListenerAdapter - Downloaded https://repo.maven.apache.org/maven2/io/github/resilience4j/resilience4j-retry/2.3.0/resilience4j-retry-2.3.0-sources.jar
2025-08-17 11:56:41,084 [Worker-13: Download sources and javadoc] INFO  o.e.m.j.internal.DownloadSourcesJob - Downloaded sources for io.github.resilience4j:resilience4j-retry:2.3.0
2025-08-17 11:56:41,324 [Worker-13: Download sources and javadoc] INFO  o.e.m.c.i.e.AbstractTransferListenerAdapter - Downloading https://repo.maven.apache.org/maven2/io/github/resilience4j/resilience4j-ratelimiter/2.3.0/resilience4j-ratelimiter-2.3.0-sources.jar
2025-08-17 11:56:41,592 [Worker-13: Download sources and javadoc] INFO  o.e.m.c.i.e.AbstractTransferListenerAdapter - Downloaded https://repo.maven.apache.org/maven2/io/github/resilience4j/resilience4j-ratelimiter/2.3.0/resilience4j-ratelimiter-2.3.0-sources.jar
2025-08-17 11:56:41,610 [Worker-13: Download sources and javadoc] INFO  o.e.m.j.internal.DownloadSourcesJob - Downloaded sources for io.github.resilience4j:resilience4j-ratelimiter:2.3.0
2025-08-17 11:56:41,721 [Worker-13: Download sources and javadoc] INFO  o.e.m.c.i.e.AbstractTransferListenerAdapter - Downloading https://repo.maven.apache.org/maven2/io/github/resilience4j/resilience4j-timelimiter/2.3.0/resilience4j-timelimiter-2.3.0-sources.jar
2025-08-17 11:56:42,024 [Worker-13: Download sources and javadoc] INFO  o.e.m.c.i.e.AbstractTransferListenerAdapter - Downloaded https://repo.maven.apache.org/maven2/io/github/resilience4j/resilience4j-timelimiter/2.3.0/resilience4j-timelimiter-2.3.0-sources.jar
2025-08-17 11:56:42,032 [Worker-13: Download sources and javadoc] INFO  o.e.m.j.internal.DownloadSourcesJob - Downloaded sources for io.github.resilience4j:resilience4j-timelimiter:2.3.0
2025-08-17 11:56:42,046 [Worker-13: Download sources and javadoc] INFO  o.e.m.j.internal.DownloadSourcesJob - Downloaded sources for org.springdoc:springdoc-openapi-starter-webmvc-ui:2.8.9
2025-08-17 11:56:42,390 [Worker-13: Download sources and javadoc] INFO  o.e.m.c.i.e.AbstractTransferListenerAdapter - Downloading https://repo.maven.apache.org/maven2/net/javacrumbs/shedlock/shedlock-spring/6.9.2/shedlock-spring-6.9.2-sources.jar
2025-08-17 11:56:42,663 [Worker-13: Download sources and javadoc] INFO  o.e.m.c.i.e.AbstractTransferListenerAdapter - Downloaded https://repo.maven.apache.org/maven2/net/javacrumbs/shedlock/shedlock-spring/6.9.2/shedlock-spring-6.9.2-sources.jar
2025-08-17 11:56:42,672 [Worker-13: Download sources and javadoc] INFO  o.e.m.j.internal.DownloadSourcesJob - Downloaded sources for net.javacrumbs.shedlock:shedlock-spring:6.9.2
2025-08-17 11:56:43,076 [Worker-13: Download sources and javadoc] INFO  o.e.m.c.i.e.AbstractTransferListenerAdapter - Downloading https://repo.maven.apache.org/maven2/net/javacrumbs/shedlock/shedlock-core/6.9.2/shedlock-core-6.9.2-sources.jar
2025-08-17 11:56:43,318 [Worker-13: Download sources and javadoc] INFO  o.e.m.c.i.e.AbstractTransferListenerAdapter - Downloaded https://repo.maven.apache.org/maven2/net/javacrumbs/shedlock/shedlock-core/6.9.2/shedlock-core-6.9.2-sources.jar
2025-08-17 11:56:43,325 [Worker-13: Download sources and javadoc] INFO  o.e.m.j.internal.DownloadSourcesJob - Downloaded sources for net.javacrumbs.shedlock:shedlock-core:6.9.2
2025-08-17 11:56:43,673 [Worker-13: Download sources and javadoc] INFO  o.e.m.c.i.e.AbstractTransferListenerAdapter - Downloading https://repo.maven.apache.org/maven2/net/javacrumbs/shedlock/shedlock-provider-jdbc-template/6.9.2/shedlock-provider-jdbc-template-6.9.2-sources.jar
2025-08-17 11:56:43,928 [Worker-13: Download sources and javadoc] INFO  o.e.m.c.i.e.AbstractTransferListenerAdapter - Downloaded https://repo.maven.apache.org/maven2/net/javacrumbs/shedlock/shedlock-provider-jdbc-template/6.9.2/shedlock-provider-jdbc-template-6.9.2-sources.jar
2025-08-17 11:56:43,935 [Worker-13: Download sources and javadoc] INFO  o.e.m.j.internal.DownloadSourcesJob - Downloaded sources for net.javacrumbs.shedlock:shedlock-provider-jdbc-template:6.9.2
2025-08-17 11:56:44,025 [Worker-13: Download sources and javadoc] INFO  o.e.m.c.i.e.AbstractTransferListenerAdapter - Downloading https://repo.maven.apache.org/maven2/org/springframework/spring-jdbc/6.2.8/spring-jdbc-6.2.8-sources.jar
2025-08-17 11:56:44,213 [Worker-13: Download sources and javadoc] INFO  o.e.m.c.i.e.AbstractTransferListenerAdapter - Downloaded https://repo.maven.apache.org/maven2/org/springframework/spring-jdbc/6.2.8/spring-jdbc-6.2.8-sources.jar
2025-08-17 11:56:44,220 [Worker-13: Download sources and javadoc] INFO  o.e.m.j.internal.DownloadSourcesJob - Downloaded sources for org.springframework:spring-jdbc:6.2.8
2025-08-17 11:56:44,229 [Worker-13: Download sources and javadoc] INFO  o.e.m.j.internal.DownloadSourcesJob - Downloaded sources for org.springframework.boot:spring-boot-devtools:3.5.3
2025-08-17 11:56:44,234 [Worker-13: Download sources and javadoc] INFO  o.e.m.j.internal.DownloadSourcesJob - Downloaded sources for org.postgresql:postgresql:42.7.7
2025-08-17 11:56:44,238 [Worker-13: Download sources and javadoc] INFO  o.e.m.j.internal.DownloadSourcesJob - Downloaded sources for org.springframework.boot:spring-boot-starter-actuator:3.5.3
2025-08-17 11:56:44,243 [Worker-13: Download sources and javadoc] INFO  o.e.m.j.internal.DownloadSourcesJob - Downloaded sources for org.springframework.boot:spring-boot-actuator-autoconfigure:3.5.3
2025-08-17 11:56:44,248 [Worker-13: Download sources and javadoc] INFO  o.e.m.j.internal.DownloadSourcesJob - Downloaded sources for org.springframework.boot:spring-boot-actuator:3.5.3
2025-08-17 11:56:44,254 [Worker-13: Download sources and javadoc] INFO  o.e.m.j.internal.DownloadSourcesJob - Downloaded sources for io.micrometer:micrometer-observation:1.15.1
2025-08-17 11:56:44,258 [Worker-13: Download sources and javadoc] INFO  o.e.m.j.internal.DownloadSourcesJob - Downloaded sources for io.micrometer:micrometer-commons:1.15.1
2025-08-17 11:56:44,262 [Worker-13: Download sources and javadoc] INFO  o.e.m.j.internal.DownloadSourcesJob - Downloaded sources for io.micrometer:micrometer-jakarta9:1.15.1
2025-08-17 11:56:44,267 [Worker-13: Download sources and javadoc] INFO  o.e.m.j.internal.DownloadSourcesJob - Downloaded sources for io.micrometer:micrometer-registry-prometheus:1.15.1
2025-08-17 11:56:44,271 [Worker-13: Download sources and javadoc] INFO  o.e.m.j.internal.DownloadSourcesJob - Downloaded sources for io.micrometer:micrometer-core:1.15.1
2025-08-17 11:56:44,276 [Worker-13: Download sources and javadoc] INFO  o.e.m.j.internal.DownloadSourcesJob - Downloaded sources for io.prometheus:prometheus-metrics-core:1.3.8
2025-08-17 11:56:44,281 [Worker-13: Download sources and javadoc] INFO  o.e.m.j.internal.DownloadSourcesJob - Downloaded sources for io.prometheus:prometheus-metrics-model:1.3.8
2025-08-17 11:56:44,286 [Worker-13: Download sources and javadoc] INFO  o.e.m.j.internal.DownloadSourcesJob - Downloaded sources for io.prometheus:prometheus-metrics-config:1.3.8
2025-08-17 11:56:44,291 [Worker-13: Download sources and javadoc] INFO  o.e.m.j.internal.DownloadSourcesJob - Downloaded sources for io.prometheus:prometheus-metrics-tracer-common:1.3.8
2025-08-17 11:56:44,296 [Worker-13: Download sources and javadoc] INFO  o.e.m.j.internal.DownloadSourcesJob - Downloaded sources for io.prometheus:prometheus-metrics-exposition-formats:1.3.8
2025-08-17 11:56:44,302 [Worker-13: Download sources and javadoc] INFO  o.e.m.j.internal.DownloadSourcesJob - Downloaded sources for io.prometheus:prometheus-metrics-exposition-formats-no-protobuf:1.3.8
2025-08-17 11:56:44,307 [Worker-13: Download sources and javadoc] INFO  o.e.m.j.internal.DownloadSourcesJob - Downloaded sources for io.prometheus:prometheus-metrics-exposition-textformats:1.3.8
2025-08-17 11:56:44,313 [Worker-13: Download sources and javadoc] INFO  o.e.m.j.internal.DownloadSourcesJob - Downloaded sources for com.google.protobuf:protobuf-java:4.31.0
2025-08-17 11:56:44,319 [Worker-13: Download sources and javadoc] INFO  o.e.m.j.internal.DownloadSourcesJob - Downloaded sources for io.micrometer:micrometer-tracing-bridge-otel:1.5.1
2025-08-17 11:56:44,324 [Worker-13: Download sources and javadoc] INFO  o.e.m.j.internal.DownloadSourcesJob - Downloaded sources for io.micrometer:micrometer-tracing:1.5.1
2025-08-17 11:56:44,330 [Worker-13: Download sources and javadoc] INFO  o.e.m.j.internal.DownloadSourcesJob - Downloaded sources for io.micrometer:context-propagation:1.1.3
2025-08-17 11:56:44,336 [Worker-13: Download sources and javadoc] INFO  o.e.m.j.internal.DownloadSourcesJob - Downloaded sources for io.opentelemetry:opentelemetry-api:1.49.0
2025-08-17 11:56:44,340 [Worker-13: Download sources and javadoc] INFO  o.e.m.j.internal.DownloadSourcesJob - Downloaded sources for io.opentelemetry:opentelemetry-context:1.49.0
2025-08-17 11:56:44,346 [Worker-13: Download sources and javadoc] INFO  o.e.m.j.internal.DownloadSourcesJob - Downloaded sources for io.opentelemetry.semconv:opentelemetry-semconv:1.32.0
2025-08-17 11:56:44,352 [Worker-13: Download sources and javadoc] INFO  o.e.m.j.internal.DownloadSourcesJob - Downloaded sources for io.opentelemetry:opentelemetry-sdk-common:1.49.0
2025-08-17 11:56:44,356 [Worker-13: Download sources and javadoc] INFO  o.e.m.j.internal.DownloadSourcesJob - Downloaded sources for io.opentelemetry:opentelemetry-sdk-trace:1.49.0
2025-08-17 11:56:44,362 [Worker-13: Download sources and javadoc] INFO  o.e.m.j.internal.DownloadSourcesJob - Downloaded sources for io.opentelemetry:opentelemetry-sdk:1.49.0
2025-08-17 11:56:44,367 [Worker-13: Download sources and javadoc] INFO  o.e.m.j.internal.DownloadSourcesJob - Downloaded sources for io.opentelemetry:opentelemetry-sdk-metrics:1.49.0
2025-08-17 11:56:44,372 [Worker-13: Download sources and javadoc] INFO  o.e.m.j.internal.DownloadSourcesJob - Downloaded sources for io.opentelemetry:opentelemetry-sdk-logs:1.49.0
2025-08-17 11:56:44,380 [Worker-13: Download sources and javadoc] INFO  o.e.m.j.internal.DownloadSourcesJob - Downloaded sources for io.opentelemetry:opentelemetry-extension-trace-propagators:1.49.0
2025-08-17 11:56:44,385 [Worker-13: Download sources and javadoc] INFO  o.e.m.j.internal.DownloadSourcesJob - Downloaded sources for io.opentelemetry:opentelemetry-exporter-zipkin:1.49.0
2025-08-17 11:56:44,393 [Worker-13: Download sources and javadoc] INFO  o.e.m.j.internal.DownloadSourcesJob - Downloaded sources for io.zipkin.reporter2:zipkin-reporter:3.5.1
2025-08-17 11:56:44,398 [Worker-13: Download sources and javadoc] INFO  o.e.m.j.internal.DownloadSourcesJob - Downloaded sources for io.opentelemetry:opentelemetry-exporter-common:1.49.0
2025-08-17 11:56:44,403 [Worker-13: Download sources and javadoc] INFO  o.e.m.j.internal.DownloadSourcesJob - Downloaded sources for io.opentelemetry:opentelemetry-sdk-extension-autoconfigure-spi:1.49.0
2025-08-17 11:56:44,409 [Worker-13: Download sources and javadoc] INFO  o.e.m.j.internal.DownloadSourcesJob - Downloaded sources for io.zipkin.reporter2:zipkin-sender-okhttp3:3.5.1
2025-08-17 11:56:44,416 [Worker-13: Download sources and javadoc] INFO  o.e.m.j.internal.DownloadSourcesJob - Downloaded sources for org.springframework.boot:spring-boot-configuration-processor:3.5.3
2025-08-17 11:56:44,420 [Worker-13: Download sources and javadoc] INFO  o.e.m.j.internal.DownloadSourcesJob - Downloaded sources for org.springframework.boot:spring-boot-starter-test:3.5.3
2025-08-17 11:56:44,426 [Worker-13: Download sources and javadoc] INFO  o.e.m.j.internal.DownloadSourcesJob - Downloaded sources for org.springframework.boot:spring-boot-test:3.5.3
2025-08-17 11:56:44,432 [Worker-13: Download sources and javadoc] INFO  o.e.m.j.internal.DownloadSourcesJob - Downloaded sources for org.springframework.boot:spring-boot-test-autoconfigure:3.5.3
2025-08-17 11:56:44,436 [Worker-13: Download sources and javadoc] INFO  o.e.m.j.internal.DownloadSourcesJob - Downloaded sources for org.springframework:spring-core:6.2.8
2025-08-17 11:56:44,442 [Worker-13: Download sources and javadoc] INFO  o.e.m.j.internal.DownloadSourcesJob - Downloaded sources for org.springframework:spring-jcl:6.2.8
2025-08-17 11:56:44,445 [Worker-13: Download sources and javadoc] INFO  o.e.m.j.internal.DownloadSourcesJob - Downloaded sources for org.springframework:spring-test:6.2.8
2025-08-17 11:56:44,451 [Worker-13: Download sources and javadoc] INFO  o.e.m.j.internal.DownloadSourcesJob - Downloaded sources for org.xmlunit:xmlunit-core:2.10.2
2025-08-17 11:56:44,455 [Worker-13: Download sources and javadoc] INFO  o.e.m.j.internal.DownloadSourcesJob - Downloaded sources for org.springframework.boot:spring-boot-testcontainers:3.5.3
2025-08-17 11:56:44,550 [Worker-13: Download sources and javadoc] INFO  o.e.m.c.i.e.AbstractTransferListenerAdapter - Downloading https://repo.maven.apache.org/maven2/org/springframework/amqp/spring-rabbit-test/3.2.5/spring-rabbit-test-3.2.5-sources.jar
2025-08-17 11:56:44,813 [Worker-13: Download sources and javadoc] INFO  o.e.m.c.i.e.AbstractTransferListenerAdapter - Downloaded https://repo.maven.apache.org/maven2/org/springframework/amqp/spring-rabbit-test/3.2.5/spring-rabbit-test-3.2.5-sources.jar
2025-08-17 11:56:44,817 [Worker-13: Download sources and javadoc] INFO  o.e.m.j.internal.DownloadSourcesJob - Downloaded sources for org.springframework.amqp:spring-rabbit-test:3.2.5
2025-08-17 11:56:45,214 [Worker-13: Download sources and javadoc] INFO  o.e.m.c.i.e.AbstractTransferListenerAdapter - Downloading https://repo.maven.apache.org/maven2/org/springframework/amqp/spring-rabbit-junit/3.2.5/spring-rabbit-junit-3.2.5-sources.jar
2025-08-17 11:56:45,560 [Worker-13: Download sources and javadoc] INFO  o.e.m.c.i.e.AbstractTransferListenerAdapter - Downloaded https://repo.maven.apache.org/maven2/org/springframework/amqp/spring-rabbit-junit/3.2.5/spring-rabbit-junit-3.2.5-sources.jar
2025-08-17 11:56:45,566 [Worker-13: Download sources and javadoc] INFO  o.e.m.j.internal.DownloadSourcesJob - Downloaded sources for org.springframework.amqp:spring-rabbit-junit:3.2.5
2025-08-17 11:56:45,669 [Worker-13: Download sources and javadoc] INFO  o.e.m.c.i.e.AbstractTransferListenerAdapter - Downloading https://repo.maven.apache.org/maven2/org/hamcrest/hamcrest-library/3.0/hamcrest-library-3.0-sources.jar
2025-08-17 11:56:45,753 [Worker-13: Download sources and javadoc] INFO  o.e.m.c.i.e.AbstractTransferListenerAdapter - Downloaded https://repo.maven.apache.org/maven2/org/hamcrest/hamcrest-library/3.0/hamcrest-library-3.0-sources.jar
2025-08-17 11:56:45,759 [Worker-13: Download sources and javadoc] INFO  o.e.m.j.internal.DownloadSourcesJob - Downloaded sources for org.hamcrest:hamcrest-library:3.0
2025-08-17 11:56:45,767 [Worker-13: Download sources and javadoc] INFO  o.e.m.j.internal.DownloadSourcesJob - Downloaded sources for org.testcontainers:junit-jupiter:1.21.2
2025-08-17 11:56:45,774 [Worker-13: Download sources and javadoc] INFO  o.e.m.j.internal.DownloadSourcesJob - Downloaded sources for org.testcontainers:postgresql:1.21.2
2025-08-17 11:56:46,127 [Worker-13: Download sources and javadoc] INFO  o.e.m.c.i.e.AbstractTransferListenerAdapter - Downloading https://repo.maven.apache.org/maven2/org/testcontainers/rabbitmq/1.21.2/rabbitmq-1.21.2-sources.jar
2025-08-17 11:56:46,410 [Worker-13: Download sources and javadoc] INFO  o.e.m.c.i.e.AbstractTransferListenerAdapter - Downloaded https://repo.maven.apache.org/maven2/org/testcontainers/rabbitmq/1.21.2/rabbitmq-1.21.2-sources.jar
2025-08-17 11:56:46,415 [Worker-13: Download sources and javadoc] INFO  o.e.m.j.internal.DownloadSourcesJob - Downloaded sources for org.testcontainers:rabbitmq:1.21.2
2025-08-17 11:56:46,526 [Worker-13: Download sources and javadoc] INFO  o.e.m.c.i.e.AbstractTransferListenerAdapter - Downloading https://repo.maven.apache.org/maven2/org/testcontainers/testcontainers/1.21.2/testcontainers-1.21.2-sources.jar
2025-08-17 11:56:46,897 [Worker-13: Download sources and javadoc] INFO  o.e.m.c.i.e.AbstractTransferListenerAdapter - Downloaded https://repo.maven.apache.org/maven2/org/testcontainers/testcontainers/1.21.2/testcontainers-1.21.2-sources.jar
2025-08-17 11:56:46,907 [Worker-13: Download sources and javadoc] INFO  o.e.m.j.internal.DownloadSourcesJob - Downloaded sources for org.testcontainers:testcontainers:1.21.2
2025-08-17 11:56:46,921 [Worker-13: Download sources and javadoc] INFO  o.e.m.j.internal.DownloadSourcesJob - Downloaded sources for io.rest-assured:rest-assured:5.5.5
2025-08-17 11:56:47,052 [Worker-13: Download sources and javadoc] INFO  o.e.m.c.i.e.AbstractTransferListenerAdapter - Downloading https://repo.maven.apache.org/maven2/org/instancio/instancio-junit/5.4.1/instancio-junit-5.4.1-sources.jar
2025-08-17 11:56:47,123 [Worker-13: Download sources and javadoc] INFO  o.e.m.c.i.e.AbstractTransferListenerAdapter - Downloaded https://repo.maven.apache.org/maven2/org/instancio/instancio-junit/5.4.1/instancio-junit-5.4.1-sources.jar
2025-08-17 11:56:47,135 [Worker-13: Download sources and javadoc] INFO  o.e.m.j.internal.DownloadSourcesJob - Downloaded sources for org.instancio:instancio-junit:5.4.1
2025-08-17 11:56:47,244 [Worker-13: Download sources and javadoc] INFO  o.e.m.c.i.e.AbstractTransferListenerAdapter - Downloading https://repo.maven.apache.org/maven2/org/instancio/instancio-core/5.4.1/instancio-core-5.4.1-sources.jar
2025-08-17 11:56:47,514 [Worker-13: Download sources and javadoc] INFO  o.e.m.c.i.e.AbstractTransferListenerAdapter - Downloaded https://repo.maven.apache.org/maven2/org/instancio/instancio-core/5.4.1/instancio-core-5.4.1-sources.jar
2025-08-17 11:56:47,534 [Worker-13: Download sources and javadoc] INFO  o.e.m.j.internal.DownloadSourcesJob - Downloaded sources for org.instancio:instancio-core:5.4.1
2025-08-17 11:56:48,067 [Worker-13: Download sources and javadoc] INFO  o.e.m.c.i.e.AbstractTransferListenerAdapter - Downloading https://repo.maven.apache.org/maven2/org/wiremock/wiremock-standalone/3.13.1/wiremock-standalone-3.13.1-sources.jar
2025-08-17 11:56:49,165 [Worker-13: Download sources and javadoc] INFO  o.e.m.c.i.e.AbstractTransferListenerAdapter - Downloaded https://repo.maven.apache.org/maven2/org/wiremock/wiremock-standalone/3.13.1/wiremock-standalone-3.13.1-sources.jar
2025-08-17 11:56:49,183 [Worker-13: Download sources and javadoc] INFO  o.e.m.j.internal.DownloadSourcesJob - Downloaded sources for org.wiremock:wiremock-standalone:3.13.1
2025-08-17 11:56:49,292 [Worker-13: Download sources and javadoc] INFO  o.e.m.c.i.e.AbstractTransferListenerAdapter - Downloading https://repo.maven.apache.org/maven2/org/springframework/security/spring-security-test/6.5.1/spring-security-test-6.5.1-sources.jar
2025-08-17 11:56:49,392 [Worker-13: Download sources and javadoc] INFO  o.e.m.c.i.e.AbstractTransferListenerAdapter - Downloaded https://repo.maven.apache.org/maven2/org/springframework/security/spring-security-test/6.5.1/spring-security-test-6.5.1-sources.jar
2025-08-17 11:56:49,404 [Worker-13: Download sources and javadoc] INFO  o.e.m.j.internal.DownloadSourcesJob - Downloaded sources for org.springframework.security:spring-security-test:6.5.1
2025-08-17 11:56:49,792 [Worker-13: Download sources and javadoc] INFO  o.e.m.c.i.e.AbstractTransferListenerAdapter - Downloading https://repo.maven.apache.org/maven2/org/wiremock/integrations/testcontainers/wiremock-testcontainers-module/1.0-alpha-15/wiremock-testcontainers-module-1.0-alpha-15-sources.jar
2025-08-17 11:56:50,040 [Worker-13: Download sources and javadoc] INFO  o.e.m.c.i.e.AbstractTransferListenerAdapter - Downloaded https://repo.maven.apache.org/maven2/org/wiremock/integrations/testcontainers/wiremock-testcontainers-module/1.0-alpha-15/wiremock-testcontainers-module-1.0-alpha-15-sources.jar
2025-08-17 11:56:50,058 [Worker-13: Download sources and javadoc] INFO  o.e.m.j.internal.DownloadSourcesJob - Downloaded sources for org.wiremock.integrations.testcontainers:wiremock-testcontainers-module:1.0-alpha-15
2025-08-17 11:56:50,386 [Worker-13: Download sources and javadoc] INFO  o.e.m.c.i.e.AbstractTransferListenerAdapter - Downloading https://repo.maven.apache.org/maven2/com/github/dasniko/testcontainers-keycloak/3.8.0/testcontainers-keycloak-3.8.0-sources.jar
2025-08-17 11:56:50,661 [Worker-13: Download sources and javadoc] INFO  o.e.m.c.i.e.AbstractTransferListenerAdapter - Downloaded https://repo.maven.apache.org/maven2/com/github/dasniko/testcontainers-keycloak/3.8.0/testcontainers-keycloak-3.8.0-sources.jar
2025-08-17 11:56:50,678 [Worker-13: Download sources and javadoc] INFO  o.e.m.j.internal.DownloadSourcesJob - Downloaded sources for com.github.dasniko:testcontainers-keycloak:3.8.0
2025-08-17 11:56:51,000 [Worker-13: Download sources and javadoc] INFO  o.e.m.c.i.e.AbstractTransferListenerAdapter - Downloading https://repo.maven.apache.org/maven2/io/quarkus/quarkus-junit4-mock/3.24.2/quarkus-junit4-mock-3.24.2-sources.jar
2025-08-17 11:56:51,288 [Worker-13: Download sources and javadoc] INFO  o.e.m.c.i.e.AbstractTransferListenerAdapter - Downloaded https://repo.maven.apache.org/maven2/io/quarkus/quarkus-junit4-mock/3.24.2/quarkus-junit4-mock-3.24.2-sources.jar
2025-08-17 11:56:51,298 [Worker-13: Download sources and javadoc] INFO  o.e.m.j.internal.DownloadSourcesJob - Downloaded sources for io.quarkus:quarkus-junit4-mock:3.24.2
2025-08-17 11:56:51,403 [Worker-13: Download sources and javadoc] INFO  o.e.m.c.i.e.AbstractTransferListenerAdapter - Downloading https://repo.maven.apache.org/maven2/org/keycloak/keycloak-admin-client/26.0.5/keycloak-admin-client-26.0.5-sources.jar
2025-08-17 11:56:51,763 [Worker-13: Download sources and javadoc] INFO  o.e.m.c.i.e.AbstractTransferListenerAdapter - Downloaded https://repo.maven.apache.org/maven2/org/keycloak/keycloak-admin-client/26.0.5/keycloak-admin-client-26.0.5-sources.jar
2025-08-17 11:56:51,781 [Worker-13: Download sources and javadoc] INFO  o.e.m.j.internal.DownloadSourcesJob - Downloaded sources for org.keycloak:keycloak-admin-client:26.0.5
2025-08-17 11:56:51,873 [Worker-13: Download sources and javadoc] INFO  o.e.m.c.i.e.AbstractTransferListenerAdapter - Downloading https://repo.maven.apache.org/maven2/org/keycloak/keycloak-client-common-synced/26.0.5/keycloak-client-common-synced-26.0.5-sources.jar
2025-08-17 11:56:52,261 [Worker-13: Download sources and javadoc] INFO  o.e.m.c.i.e.AbstractTransferListenerAdapter - Downloaded https://repo.maven.apache.org/maven2/org/keycloak/keycloak-client-common-synced/26.0.5/keycloak-client-common-synced-26.0.5-sources.jar
2025-08-17 11:56:52,266 [Worker-13: Download sources and javadoc] INFO  o.e.m.j.internal.DownloadSourcesJob - Downloaded sources for org.keycloak:keycloak-client-common-synced:26.0.5
2025-08-17 11:56:52,354 [Worker-13: Download sources and javadoc] INFO  o.e.m.c.i.e.AbstractTransferListenerAdapter - Downloading https://repo.maven.apache.org/maven2/com/fasterxml/jackson/datatype/jackson-datatype-jdk8/2.19.1/jackson-datatype-jdk8-2.19.1-sources.jar
2025-08-17 11:56:52,399 [Worker-13: Download sources and javadoc] INFO  o.e.m.c.i.e.AbstractTransferListenerAdapter - Downloaded https://repo.maven.apache.org/maven2/com/fasterxml/jackson/datatype/jackson-datatype-jdk8/2.19.1/jackson-datatype-jdk8-2.19.1-sources.jar
2025-08-17 11:56:52,402 [Worker-13: Download sources and javadoc] INFO  o.e.m.j.internal.DownloadSourcesJob - Downloaded sources for com.fasterxml.jackson.datatype:jackson-datatype-jdk8:2.19.1
2025-08-17 11:56:52,483 [Worker-13: Download sources and javadoc] INFO  o.e.m.c.i.e.AbstractTransferListenerAdapter - Downloading https://repo.maven.apache.org/maven2/com/fasterxml/jackson/jakarta/rs/jackson-jakarta-rs-base/2.19.1/jackson-jakarta-rs-base-2.19.1-sources.jar
2025-08-17 11:56:52,748 [Worker-13: Download sources and javadoc] INFO  o.e.m.c.i.e.AbstractTransferListenerAdapter - Downloaded https://repo.maven.apache.org/maven2/com/fasterxml/jackson/jakarta/rs/jackson-jakarta-rs-base/2.19.1/jackson-jakarta-rs-base-2.19.1-sources.jar
2025-08-17 11:56:52,752 [Worker-13: Download sources and javadoc] INFO  o.e.m.j.internal.DownloadSourcesJob - Downloaded sources for com.fasterxml.jackson.jakarta.rs:jackson-jakarta-rs-base:2.19.1
2025-08-17 11:56:52,844 [Worker-13: Download sources and javadoc] INFO  o.e.m.c.i.e.AbstractTransferListenerAdapter - Downloading https://repo.maven.apache.org/maven2/com/fasterxml/jackson/jakarta/rs/jackson-jakarta-rs-json-provider/2.19.1/jackson-jakarta-rs-json-provider-2.19.1-sources.jar
2025-08-17 11:56:53,222 [Worker-13: Download sources and javadoc] INFO  o.e.m.c.i.e.AbstractTransferListenerAdapter - Downloaded https://repo.maven.apache.org/maven2/com/fasterxml/jackson/jakarta/rs/jackson-jakarta-rs-json-provider/2.19.1/jackson-jakarta-rs-json-provider-2.19.1-sources.jar
2025-08-17 11:56:53,226 [Worker-13: Download sources and javadoc] INFO  o.e.m.j.internal.DownloadSourcesJob - Downloaded sources for com.fasterxml.jackson.jakarta.rs:jackson-jakarta-rs-json-provider:2.19.1
2025-08-17 11:56:53,562 [Worker-13: Download sources and javadoc] INFO  o.e.m.c.i.e.AbstractTransferListenerAdapter - Downloading https://repo.maven.apache.org/maven2/com/fasterxml/jackson/module/jackson-module-jakarta-xmlbind-annotations/2.19.1/jackson-module-jakarta-xmlbind-annotations-2.19.1-sources.jar
2025-08-17 11:56:53,598 [Worker-13: Download sources and javadoc] INFO  o.e.m.c.i.e.AbstractTransferListenerAdapter - Downloaded https://repo.maven.apache.org/maven2/com/fasterxml/jackson/module/jackson-module-jakarta-xmlbind-annotations/2.19.1/jackson-module-jakarta-xmlbind-annotations-2.19.1-sources.jar
2025-08-17 11:56:53,602 [Worker-13: Download sources and javadoc] INFO  o.e.m.j.internal.DownloadSourcesJob - Downloaded sources for com.fasterxml.jackson.module:jackson-module-jakarta-xmlbind-annotations:2.19.1
2025-08-17 11:56:53,608 [Worker-13: Download sources and javadoc] INFO  o.e.m.j.internal.DownloadSourcesJob - Downloaded sources for org.springframework.boot:spring-boot-starter-amqp:3.5.3
2025-08-17 11:56:53,616 [Worker-13: Download sources and javadoc] INFO  o.e.m.j.internal.DownloadSourcesJob - Downloaded sources for org.springframework.boot:spring-boot-autoconfigure:3.5.3
2025-08-17 11:56:53,621 [Worker-13: Download sources and javadoc] INFO  o.e.m.j.internal.DownloadSourcesJob - Downloaded sources for org.springframework.boot:spring-boot-starter-logging:3.5.3
2025-08-17 11:56:53,629 [Worker-13: Download sources and javadoc] INFO  o.e.m.j.internal.DownloadSourcesJob - Downloaded sources for org.springframework:spring-messaging:6.2.8
2025-08-17 11:56:53,637 [Worker-13: Download sources and javadoc] INFO  o.e.m.j.internal.DownloadSourcesJob - Downloaded sources for org.springframework:spring-beans:6.2.8
2025-08-17 11:56:53,649 [Worker-13: Download sources and javadoc] INFO  o.e.m.j.internal.DownloadSourcesJob - Downloaded sources for org.springframework.amqp:spring-rabbit:3.2.5
2025-08-17 11:56:53,654 [Worker-13: Download sources and javadoc] INFO  o.e.m.j.internal.DownloadSourcesJob - Downloaded sources for org.springframework.amqp:spring-amqp:3.2.5
2025-08-17 11:56:53,662 [Worker-13: Download sources and javadoc] INFO  o.e.m.j.internal.DownloadSourcesJob - Downloaded sources for com.rabbitmq:amqp-client:5.25.0
2025-08-17 11:56:53,671 [Worker-13: Download sources and javadoc] INFO  o.e.m.j.internal.DownloadSourcesJob - Downloaded sources for org.springframework:spring-aop:6.2.8
2025-08-17 11:56:53,676 [Worker-13: Download sources and javadoc] INFO  o.e.m.j.internal.DownloadSourcesJob - Downloaded sources for org.springframework:spring-expression:6.2.8
2025-08-17 11:56:53,685 [Worker-13: Download sources and javadoc] INFO  o.e.m.j.internal.DownloadSourcesJob - Downloaded sources for org.springframework:spring-tx:6.2.8
2025-08-17 11:56:53,773 [Worker-13: Download sources and javadoc] INFO  o.e.m.c.i.e.AbstractTransferListenerAdapter - Downloading https://repo.maven.apache.org/maven2/org/springframework/boot/spring-boot-starter-mail/3.5.3/spring-boot-starter-mail-3.5.3-sources.jar
2025-08-17 11:56:53,819 [Worker-13: Download sources and javadoc] INFO  o.e.m.c.i.e.AbstractTransferListenerAdapter - Downloaded https://repo.maven.apache.org/maven2/org/springframework/boot/spring-boot-starter-mail/3.5.3/spring-boot-starter-mail-3.5.3-sources.jar
2025-08-17 11:56:53,823 [Worker-13: Download sources and javadoc] INFO  o.e.m.j.internal.DownloadSourcesJob - Downloaded sources for org.springframework.boot:spring-boot-starter-mail:3.5.3
2025-08-17 11:56:53,911 [Worker-13: Download sources and javadoc] INFO  o.e.m.c.i.e.AbstractTransferListenerAdapter - Downloading https://repo.maven.apache.org/maven2/org/springframework/spring-context-support/6.2.8/spring-context-support-6.2.8-sources.jar
2025-08-17 11:56:54,007 [Worker-13: Download sources and javadoc] INFO  o.e.m.c.i.e.AbstractTransferListenerAdapter - Downloaded https://repo.maven.apache.org/maven2/org/springframework/spring-context-support/6.2.8/spring-context-support-6.2.8-sources.jar
2025-08-17 11:56:54,018 [Worker-13: Download sources and javadoc] INFO  o.e.m.j.internal.DownloadSourcesJob - Downloaded sources for org.springframework:spring-context-support:6.2.8
2025-08-17 11:56:54,029 [Worker-13: Download sources and javadoc] INFO  o.e.m.j.internal.DownloadSourcesJob - Downloaded sources for org.apache.tomcat.embed:tomcat-embed-el:10.1.42
2025-08-17 11:56:54,039 [Worker-13: Download sources and javadoc] INFO  o.e.m.j.internal.DownloadSourcesJob - Downloaded sources for org.springframework.boot:spring-boot-starter-web:3.5.3
2025-08-17 11:56:54,051 [Worker-13: Download sources and javadoc] INFO  o.e.m.j.internal.DownloadSourcesJob - Downloaded sources for com.fasterxml.jackson.dataformat:jackson-dataformat-toml:2.19.1
2025-08-17 11:56:54,060 [Worker-13: Download sources and javadoc] INFO  o.e.m.j.internal.DownloadSourcesJob - Downloaded sources for com.fasterxml.jackson.datatype:jackson-datatype-jsr310:2.19.1
2025-08-17 11:56:54,070 [Worker-13: Download sources and javadoc] INFO  o.e.m.j.internal.DownloadSourcesJob - Downloaded sources for com.fasterxml.jackson.core:jackson-annotations:2.19.1
2025-08-17 11:56:54,100 [Worker-13: Download sources and javadoc] INFO  o.e.m.j.internal.DownloadSourcesJob - Downloaded sources for com.fasterxml.jackson.core:jackson-core:2.19.1
2025-08-17 11:56:54,117 [Worker-13: Download sources and javadoc] INFO  o.e.m.j.internal.DownloadSourcesJob - Downloaded sources for com.fasterxml.jackson.core:jackson-databind:2.19.1
2025-08-17 11:56:54,127 [Worker-13: Download sources and javadoc] INFO  o.e.m.j.internal.DownloadSourcesJob - Downloaded sources for org.flywaydb:flyway-database-postgresql:11.7.2
2025-08-17 11:56:54,137 [Worker-13: Download sources and javadoc] INFO  o.e.m.j.internal.DownloadSourcesJob - Downloaded sources for org.springframework.boot:spring-boot-starter-actuator:3.5.3
2025-08-17 11:56:54,149 [Worker-13: Download sources and javadoc] INFO  o.e.m.j.internal.DownloadSourcesJob - Downloaded sources for org.springframework.boot:spring-boot-actuator-autoconfigure:3.5.3
2025-08-17 11:56:54,163 [Worker-13: Download sources and javadoc] INFO  o.e.m.j.internal.DownloadSourcesJob - Downloaded sources for org.springframework.boot:spring-boot-actuator:3.5.3
2025-08-17 11:56:54,171 [Worker-13: Download sources and javadoc] INFO  o.e.m.j.internal.DownloadSourcesJob - Downloaded sources for io.micrometer:micrometer-observation:1.15.1
2025-08-17 11:56:54,180 [Worker-13: Download sources and javadoc] INFO  o.e.m.j.internal.DownloadSourcesJob - Downloaded sources for io.micrometer:micrometer-commons:1.15.1
2025-08-17 11:56:54,185 [Worker-13: Download sources and javadoc] INFO  o.e.m.j.internal.DownloadSourcesJob - Downloaded sources for io.micrometer:micrometer-jakarta9:1.15.1
2025-08-17 11:56:54,191 [Worker-13: Download sources and javadoc] INFO  o.e.m.j.internal.DownloadSourcesJob - Downloaded sources for io.micrometer:micrometer-registry-prometheus:1.15.1
2025-08-17 11:56:54,196 [Worker-13: Download sources and javadoc] INFO  o.e.m.j.internal.DownloadSourcesJob - Downloaded sources for io.micrometer:micrometer-core:1.15.1
2025-08-17 11:56:54,202 [Worker-13: Download sources and javadoc] INFO  o.e.m.j.internal.DownloadSourcesJob - Downloaded sources for io.prometheus:prometheus-metrics-core:1.3.8
2025-08-17 11:56:54,207 [Worker-13: Download sources and javadoc] INFO  o.e.m.j.internal.DownloadSourcesJob - Downloaded sources for io.prometheus:prometheus-metrics-model:1.3.8
2025-08-17 11:56:54,211 [Worker-13: Download sources and javadoc] INFO  o.e.m.j.internal.DownloadSourcesJob - Downloaded sources for io.prometheus:prometheus-metrics-config:1.3.8
2025-08-17 11:56:54,216 [Worker-13: Download sources and javadoc] INFO  o.e.m.j.internal.DownloadSourcesJob - Downloaded sources for io.prometheus:prometheus-metrics-tracer-common:1.3.8
2025-08-17 11:56:54,221 [Worker-13: Download sources and javadoc] INFO  o.e.m.j.internal.DownloadSourcesJob - Downloaded sources for io.prometheus:prometheus-metrics-exposition-formats:1.3.8
2025-08-17 11:56:54,225 [Worker-13: Download sources and javadoc] INFO  o.e.m.j.internal.DownloadSourcesJob - Downloaded sources for io.prometheus:prometheus-metrics-exposition-formats-no-protobuf:1.3.8
2025-08-17 11:56:54,231 [Worker-13: Download sources and javadoc] INFO  o.e.m.j.internal.DownloadSourcesJob - Downloaded sources for io.prometheus:prometheus-metrics-exposition-textformats:1.3.8
2025-08-17 11:56:54,240 [Worker-13: Download sources and javadoc] INFO  o.e.m.j.internal.DownloadSourcesJob - Downloaded sources for com.google.protobuf:protobuf-java:4.31.0
2025-08-17 11:56:54,246 [Worker-13: Download sources and javadoc] INFO  o.e.m.j.internal.DownloadSourcesJob - Downloaded sources for io.micrometer:micrometer-tracing-bridge-otel:1.5.1
2025-08-17 11:56:54,269 [Worker-13: Download sources and javadoc] INFO  o.e.m.j.internal.DownloadSourcesJob - Downloaded sources for io.micrometer:micrometer-tracing:1.5.1
2025-08-17 11:56:54,275 [Worker-13: Download sources and javadoc] INFO  o.e.m.j.internal.DownloadSourcesJob - Downloaded sources for io.micrometer:context-propagation:1.1.3
2025-08-17 11:56:54,281 [Worker-13: Download sources and javadoc] INFO  o.e.m.j.internal.DownloadSourcesJob - Downloaded sources for io.opentelemetry:opentelemetry-api:1.49.0
2025-08-17 11:56:54,287 [Worker-13: Download sources and javadoc] INFO  o.e.m.j.internal.DownloadSourcesJob - Downloaded sources for io.opentelemetry:opentelemetry-context:1.49.0
2025-08-17 11:56:54,293 [Worker-13: Download sources and javadoc] INFO  o.e.m.j.internal.DownloadSourcesJob - Downloaded sources for io.opentelemetry.semconv:opentelemetry-semconv:1.32.0
2025-08-17 11:56:54,298 [Worker-13: Download sources and javadoc] INFO  o.e.m.j.internal.DownloadSourcesJob - Downloaded sources for io.opentelemetry:opentelemetry-sdk-common:1.49.0
2025-08-17 11:56:54,303 [Worker-13: Download sources and javadoc] INFO  o.e.m.j.internal.DownloadSourcesJob - Downloaded sources for io.opentelemetry:opentelemetry-sdk-trace:1.49.0
2025-08-17 11:56:54,309 [Worker-13: Download sources and javadoc] INFO  o.e.m.j.internal.DownloadSourcesJob - Downloaded sources for io.opentelemetry:opentelemetry-sdk:1.49.0
2025-08-17 11:56:54,314 [Worker-13: Download sources and javadoc] INFO  o.e.m.j.internal.DownloadSourcesJob - Downloaded sources for io.opentelemetry:opentelemetry-sdk-metrics:1.49.0
2025-08-17 11:56:54,319 [Worker-13: Download sources and javadoc] INFO  o.e.m.j.internal.DownloadSourcesJob - Downloaded sources for io.opentelemetry:opentelemetry-sdk-logs:1.49.0
2025-08-17 11:56:54,325 [Worker-13: Download sources and javadoc] INFO  o.e.m.j.internal.DownloadSourcesJob - Downloaded sources for io.opentelemetry:opentelemetry-extension-trace-propagators:1.49.0
2025-08-17 11:56:54,331 [Worker-13: Download sources and javadoc] INFO  o.e.m.j.internal.DownloadSourcesJob - Downloaded sources for io.opentelemetry:opentelemetry-exporter-zipkin:1.49.0
2025-08-17 11:56:54,335 [Worker-13: Download sources and javadoc] INFO  o.e.m.j.internal.DownloadSourcesJob - Downloaded sources for io.zipkin.reporter2:zipkin-reporter:3.5.1
2025-08-17 11:56:54,344 [Worker-13: Download sources and javadoc] INFO  o.e.m.j.internal.DownloadSourcesJob - Downloaded sources for io.opentelemetry:opentelemetry-exporter-common:1.49.0
2025-08-17 11:56:54,349 [Worker-13: Download sources and javadoc] INFO  o.e.m.j.internal.DownloadSourcesJob - Downloaded sources for io.opentelemetry:opentelemetry-sdk-extension-autoconfigure-spi:1.49.0
2025-08-17 11:56:54,356 [Worker-13: Download sources and javadoc] INFO  o.e.m.j.internal.DownloadSourcesJob - Downloaded sources for io.zipkin.reporter2:zipkin-sender-okhttp3:3.5.1
2025-08-17 11:56:54,362 [Worker-13: Download sources and javadoc] INFO  o.e.m.j.internal.DownloadSourcesJob - Downloaded sources for org.springframework.boot:spring-boot-devtools:3.5.3
2025-08-17 11:56:54,396 [Worker-13: Download sources and javadoc] INFO  o.e.m.j.internal.DownloadSourcesJob - Downloaded sources for org.postgresql:postgresql:42.7.7
2025-08-17 11:56:54,401 [Worker-13: Download sources and javadoc] INFO  o.e.m.j.internal.DownloadSourcesJob - Downloaded sources for org.springframework.boot:spring-boot-configuration-processor:3.5.3
2025-08-17 11:56:54,406 [Worker-13: Download sources and javadoc] INFO  o.e.m.j.internal.DownloadSourcesJob - Downloaded sources for org.springframework.boot:spring-boot-starter-test:3.5.3
2025-08-17 11:56:54,411 [Worker-13: Download sources and javadoc] INFO  o.e.m.j.internal.DownloadSourcesJob - Downloaded sources for org.springframework.boot:spring-boot-test:3.5.3
2025-08-17 11:56:54,418 [Worker-13: Download sources and javadoc] INFO  o.e.m.j.internal.DownloadSourcesJob - Downloaded sources for org.springframework.boot:spring-boot-test-autoconfigure:3.5.3
2025-08-17 11:56:54,423 [Worker-13: Download sources and javadoc] INFO  o.e.m.j.internal.DownloadSourcesJob - Downloaded sources for org.springframework:spring-core:6.2.8
2025-08-17 11:56:54,428 [Worker-13: Download sources and javadoc] INFO  o.e.m.j.internal.DownloadSourcesJob - Downloaded sources for org.springframework:spring-jcl:6.2.8
2025-08-17 11:56:54,433 [Worker-13: Download sources and javadoc] INFO  o.e.m.j.internal.DownloadSourcesJob - Downloaded sources for org.springframework:spring-test:6.2.8
2025-08-17 11:56:54,439 [Worker-13: Download sources and javadoc] INFO  o.e.m.j.internal.DownloadSourcesJob - Downloaded sources for org.xmlunit:xmlunit-core:2.10.2
2025-08-17 11:56:54,445 [Worker-13: Download sources and javadoc] INFO  o.e.m.j.internal.DownloadSourcesJob - Downloaded sources for org.springframework.boot:spring-boot-testcontainers:3.5.3
2025-08-17 11:56:54,451 [Worker-13: Download sources and javadoc] INFO  o.e.m.j.internal.DownloadSourcesJob - Downloaded sources for org.springframework.amqp:spring-rabbit-test:3.2.5
2025-08-17 11:56:54,465 [Worker-13: Download sources and javadoc] INFO  o.e.m.j.internal.DownloadSourcesJob - Downloaded sources for org.springframework.amqp:spring-rabbit-junit:3.2.5
2025-08-17 11:56:54,471 [Worker-13: Download sources and javadoc] INFO  o.e.m.j.internal.DownloadSourcesJob - Downloaded sources for org.springframework:spring-web:6.2.8
2025-08-17 11:56:54,477 [Worker-13: Download sources and javadoc] INFO  o.e.m.j.internal.DownloadSourcesJob - Downloaded sources for org.hamcrest:hamcrest-library:3.0
2025-08-17 11:56:54,481 [Worker-13: Download sources and javadoc] INFO  o.e.m.j.internal.DownloadSourcesJob - Downloaded sources for org.testcontainers:junit-jupiter:1.21.2
2025-08-17 11:56:54,493 [Worker-13: Download sources and javadoc] INFO  o.e.m.j.internal.DownloadSourcesJob - Downloaded sources for org.testcontainers:postgresql:1.21.2
2025-08-17 11:56:54,501 [Worker-13: Download sources and javadoc] INFO  o.e.m.j.internal.DownloadSourcesJob - Downloaded sources for org.testcontainers:rabbitmq:1.21.2
2025-08-17 11:56:54,506 [Worker-13: Download sources and javadoc] INFO  o.e.m.j.internal.DownloadSourcesJob - Downloaded sources for org.testcontainers:testcontainers:1.21.2
2025-08-17 11:56:55,712 [Worker-13: Download sources and javadoc] INFO  o.e.m.c.i.e.AbstractTransferListenerAdapter - Downloaded https://repo.spring.io/milestone/org/springframework/cloud/spring-cloud-starter-gateway-server-webflux/4.3.0/spring-cloud-starter-gateway-server-webflux-4.3.0-sources.jar
2025-08-17 11:56:56,064 [Worker-13: Download sources and javadoc] INFO  o.e.m.c.i.e.AbstractTransferListenerAdapter - Downloaded https://repo.maven.apache.org/maven2/org/springframework/cloud/spring-cloud-starter-gateway-server-webflux/4.3.0/spring-cloud-starter-gateway-server-webflux-4.3.0-sources.jar
2025-08-17 11:56:56,068 [Worker-13: Download sources and javadoc] ERROR o.e.m.j.internal.DownloadSourcesJob - Could not download sources for org.springframework.cloud:spring-cloud-starter-gateway-server-webflux:4.3.0
org.eclipse.core.runtime.CoreException: Could not resolve artifact org.springframework.cloud:spring-cloud-starter-gateway-server-webflux:jar:sources:4.3.0
	at org.eclipse.m2e.core.internal.embedder.MavenImpl.lambda$6(MavenImpl.java:608) ~[na:na]
	at org.eclipse.m2e.core.internal.embedder.MavenExecutionContext.executeBare(MavenExecutionContext.java:350) ~[na:na]
	at org.eclipse.m2e.core.internal.embedder.MavenExecutionContext.execute(MavenExecutionContext.java:219) ~[na:na]
	at org.eclipse.m2e.core.internal.embedder.MavenExecutionContext.execute(MavenExecutionContext.java:205) ~[na:na]
	at org.eclipse.m2e.core.internal.embedder.MavenImpl.resolve(MavenImpl.java:577) ~[na:na]
	at org.eclipse.m2e.core.internal.embedder.MavenImpl.resolve(MavenImpl.java:562) ~[na:na]
	at org.eclipse.m2e.jdt.internal.DownloadSourcesJob.download(DownloadSourcesJob.java:308) ~[na:na]
	at org.eclipse.m2e.jdt.internal.DownloadSourcesJob.downloadAttachments(DownloadSourcesJob.java:282) ~[na:na]
	at org.eclipse.m2e.jdt.internal.DownloadSourcesJob.downloadMaven(DownloadSourcesJob.java:252) ~[na:na]
	at org.eclipse.m2e.jdt.internal.DownloadSourcesJob.downloadFilesAndPopulateToUpdate(DownloadSourcesJob.java:220) ~[na:na]
	at org.eclipse.m2e.jdt.internal.DownloadSourcesJob.lambda$0(DownloadSourcesJob.java:149) ~[na:na]
	at org.eclipse.m2e.core.internal.embedder.MavenExecutionContext.executeBare(MavenExecutionContext.java:350) ~[na:na]
	at org.eclipse.m2e.core.internal.embedder.MavenExecutionContext.execute(MavenExecutionContext.java:262) ~[na:na]
	at org.eclipse.m2e.core.internal.embedder.MavenExecutionContext.execute(MavenExecutionContext.java:205) ~[na:na]
	at org.eclipse.m2e.core.embedder.IMaven.execute(IMaven.java:270) ~[na:na]
	at org.eclipse.m2e.jdt.internal.DownloadSourcesJob.run(DownloadSourcesJob.java:149) ~[na:na]
	at org.eclipse.core.internal.jobs.Worker.run(Worker.java:63) ~[org.eclipse.core.jobs_3.13.100.v20220817-1539.jar:na]
2025-08-17 11:56:57,329 [Worker-13: Download sources and javadoc] INFO  o.e.m.c.i.e.AbstractTransferListenerAdapter - Downloaded https://repo.spring.io/milestone/org/springframework/cloud/spring-cloud-starter/4.3.0/spring-cloud-starter-4.3.0-sources.jar
2025-08-17 11:56:57,333 [Worker-13: Download sources and javadoc] ERROR o.e.m.j.internal.DownloadSourcesJob - Could not download sources for org.springframework.cloud:spring-cloud-starter:4.3.0
org.eclipse.core.runtime.CoreException: Could not resolve artifact org.springframework.cloud:spring-cloud-starter:jar:sources:4.3.0
	at org.eclipse.m2e.core.internal.embedder.MavenImpl.lambda$6(MavenImpl.java:608) ~[na:na]
	at org.eclipse.m2e.core.internal.embedder.MavenExecutionContext.executeBare(MavenExecutionContext.java:350) ~[na:na]
	at org.eclipse.m2e.core.internal.embedder.MavenExecutionContext.execute(MavenExecutionContext.java:219) ~[na:na]
	at org.eclipse.m2e.core.internal.embedder.MavenExecutionContext.execute(MavenExecutionContext.java:205) ~[na:na]
	at org.eclipse.m2e.core.internal.embedder.MavenImpl.resolve(MavenImpl.java:577) ~[na:na]
	at org.eclipse.m2e.core.internal.embedder.MavenImpl.resolve(MavenImpl.java:562) ~[na:na]
	at org.eclipse.m2e.jdt.internal.DownloadSourcesJob.download(DownloadSourcesJob.java:308) ~[na:na]
	at org.eclipse.m2e.jdt.internal.DownloadSourcesJob.downloadAttachments(DownloadSourcesJob.java:282) ~[na:na]
	at org.eclipse.m2e.jdt.internal.DownloadSourcesJob.downloadMaven(DownloadSourcesJob.java:252) ~[na:na]
	at org.eclipse.m2e.jdt.internal.DownloadSourcesJob.downloadFilesAndPopulateToUpdate(DownloadSourcesJob.java:220) ~[na:na]
	at org.eclipse.m2e.jdt.internal.DownloadSourcesJob.lambda$0(DownloadSourcesJob.java:149) ~[na:na]
	at org.eclipse.m2e.core.internal.embedder.MavenExecutionContext.executeBare(MavenExecutionContext.java:350) ~[na:na]
	at org.eclipse.m2e.core.internal.embedder.MavenExecutionContext.execute(MavenExecutionContext.java:262) ~[na:na]
	at org.eclipse.m2e.core.internal.embedder.MavenExecutionContext.execute(MavenExecutionContext.java:205) ~[na:na]
	at org.eclipse.m2e.core.embedder.IMaven.execute(IMaven.java:270) ~[na:na]
	at org.eclipse.m2e.jdt.internal.DownloadSourcesJob.run(DownloadSourcesJob.java:149) ~[na:na]
	at org.eclipse.core.internal.jobs.Worker.run(Worker.java:63) ~[org.eclipse.core.jobs_3.13.100.v20220817-1539.jar:na]
2025-08-17 11:56:57,339 [Worker-13: Download sources and javadoc] INFO  o.e.m.j.internal.DownloadSourcesJob - Downloaded sources for org.springframework.security:spring-security-crypto:6.5.1
2025-08-17 11:56:58,573 [Worker-13: Download sources and javadoc] INFO  o.e.m.c.i.e.AbstractTransferListenerAdapter - Downloaded https://repo.spring.io/milestone/org/springframework/cloud/spring-cloud-gateway-server-webflux/4.3.0/spring-cloud-gateway-server-webflux-4.3.0-sources.jar
2025-08-17 11:56:58,683 [Worker-13: Download sources and javadoc] INFO  o.e.m.c.i.e.AbstractTransferListenerAdapter - Downloading https://repo.maven.apache.org/maven2/org/springframework/cloud/spring-cloud-gateway-server-webflux/4.3.0/spring-cloud-gateway-server-webflux-4.3.0-sources.jar
2025-08-17 11:56:58,734 [Worker-13: Download sources and javadoc] INFO  o.e.m.c.i.e.AbstractTransferListenerAdapter - Downloaded https://repo.maven.apache.org/maven2/org/springframework/cloud/spring-cloud-gateway-server-webflux/4.3.0/spring-cloud-gateway-server-webflux-4.3.0-sources.jar
2025-08-17 11:56:58,746 [Worker-13: Download sources and javadoc] INFO  o.e.m.j.internal.DownloadSourcesJob - Downloaded sources for org.springframework.cloud:spring-cloud-gateway-server-webflux:4.3.0
2025-08-17 11:56:58,761 [Worker-13: Download sources and javadoc] INFO  o.e.m.j.internal.DownloadSourcesJob - Downloaded sources for org.apache.tomcat.embed:tomcat-embed-el:10.1.42
2025-08-17 11:56:59,987 [Worker-13: Download sources and javadoc] INFO  o.e.m.c.i.e.AbstractTransferListenerAdapter - Downloaded https://repo.spring.io/milestone/org/springframework/boot/spring-boot-starter-webflux/3.5.3/spring-boot-starter-webflux-3.5.3-sources.jar
2025-08-17 11:57:00,117 [Worker-13: Download sources and javadoc] INFO  o.e.m.c.i.e.AbstractTransferListenerAdapter - Downloading https://repo.maven.apache.org/maven2/org/springframework/boot/spring-boot-starter-webflux/3.5.3/spring-boot-starter-webflux-3.5.3-sources.jar
2025-08-17 11:57:00,152 [Worker-13: Download sources and javadoc] INFO  o.e.m.c.i.e.AbstractTransferListenerAdapter - Downloaded https://repo.maven.apache.org/maven2/org/springframework/boot/spring-boot-starter-webflux/3.5.3/spring-boot-starter-webflux-3.5.3-sources.jar
2025-08-17 11:57:00,157 [Worker-13: Download sources and javadoc] INFO  o.e.m.j.internal.DownloadSourcesJob - Downloaded sources for org.springframework.boot:spring-boot-starter-webflux:3.5.3
2025-08-17 11:58:15,080 [Worker-13: Download sources and javadoc] INFO  o.e.m.c.i.e.AbstractTransferListenerAdapter - Downloaded https://repo.spring.io/milestone/org/springframework/boot/spring-boot-starter-json/3.5.3/spring-boot-starter-json-3.5.3-sources.jar
2025-08-17 11:58:15,167 [Worker-13: Download sources and javadoc] INFO  o.e.m.c.i.e.AbstractTransferListenerAdapter - Downloading https://repo.maven.apache.org/maven2/org/springframework/boot/spring-boot-starter-json/3.5.3/spring-boot-starter-json-3.5.3-sources.jar
2025-08-17 11:58:15,197 [Worker-13: Download sources and javadoc] INFO  o.e.m.c.i.e.AbstractTransferListenerAdapter - Downloaded https://repo.maven.apache.org/maven2/org/springframework/boot/spring-boot-starter-json/3.5.3/spring-boot-starter-json-3.5.3-sources.jar
2025-08-17 11:58:15,202 [Worker-13: Download sources and javadoc] INFO  o.e.m.j.internal.DownloadSourcesJob - Downloaded sources for org.springframework.boot:spring-boot-starter-json:3.5.3
2025-08-17 11:58:15,209 [Worker-13: Download sources and javadoc] INFO  o.e.m.j.internal.DownloadSourcesJob - Downloaded sources for com.fasterxml.jackson.datatype:jackson-datatype-jdk8:2.19.1
2025-08-17 11:58:19,871 [Worker-13: Download sources and javadoc] INFO  o.e.m.c.i.e.AbstractTransferListenerAdapter - Downloaded https://repo.spring.io/milestone/com/fasterxml/jackson/module/jackson-module-parameter-names/2.19.1/jackson-module-parameter-names-2.19.1-sources.jar
2025-08-17 11:58:19,968 [Worker-13: Download sources and javadoc] INFO  o.e.m.c.i.e.AbstractTransferListenerAdapter - Downloading https://repo.maven.apache.org/maven2/com/fasterxml/jackson/module/jackson-module-parameter-names/2.19.1/jackson-module-parameter-names-2.19.1-sources.jar
2025-08-17 11:58:20,027 [Worker-13: Download sources and javadoc] INFO  o.e.m.c.i.e.AbstractTransferListenerAdapter - Downloaded https://repo.maven.apache.org/maven2/com/fasterxml/jackson/module/jackson-module-parameter-names/2.19.1/jackson-module-parameter-names-2.19.1-sources.jar
2025-08-17 11:58:20,034 [Worker-13: Download sources and javadoc] INFO  o.e.m.j.internal.DownloadSourcesJob - Downloaded sources for com.fasterxml.jackson.module:jackson-module-parameter-names:2.19.1
2025-08-17 11:58:21,298 [Worker-13: Download sources and javadoc] INFO  o.e.m.c.i.e.AbstractTransferListenerAdapter - Downloaded https://repo.spring.io/milestone/org/springframework/boot/spring-boot-starter-reactor-netty/3.5.3/spring-boot-starter-reactor-netty-3.5.3-sources.jar
2025-08-17 11:58:21,405 [Worker-13: Download sources and javadoc] INFO  o.e.m.c.i.e.AbstractTransferListenerAdapter - Downloading https://repo.maven.apache.org/maven2/org/springframework/boot/spring-boot-starter-reactor-netty/3.5.3/spring-boot-starter-reactor-netty-3.5.3-sources.jar
2025-08-17 11:58:21,713 [Worker-13: Download sources and javadoc] INFO  o.e.m.c.i.e.AbstractTransferListenerAdapter - Downloaded https://repo.maven.apache.org/maven2/org/springframework/boot/spring-boot-starter-reactor-netty/3.5.3/spring-boot-starter-reactor-netty-3.5.3-sources.jar
2025-08-17 11:58:21,716 [Worker-13: Download sources and javadoc] INFO  o.e.m.j.internal.DownloadSourcesJob - Downloaded sources for org.springframework.boot:spring-boot-starter-reactor-netty:3.5.3
2025-08-17 11:58:22,950 [Worker-13: Download sources and javadoc] INFO  o.e.m.c.i.e.AbstractTransferListenerAdapter - Downloaded https://repo.spring.io/milestone/io/projectreactor/netty/reactor-netty-http/1.2.7/reactor-netty-http-1.2.7-sources.jar
2025-08-17 11:58:23,108 [Worker-13: Download sources and javadoc] INFO  o.e.m.c.i.e.AbstractTransferListenerAdapter - Downloading https://repo.maven.apache.org/maven2/io/projectreactor/netty/reactor-netty-http/1.2.7/reactor-netty-http-1.2.7-sources.jar
2025-08-17 11:58:23,224 [Worker-13: Download sources and javadoc] INFO  o.e.m.c.i.e.AbstractTransferListenerAdapter - Downloaded https://repo.maven.apache.org/maven2/io/projectreactor/netty/reactor-netty-http/1.2.7/reactor-netty-http-1.2.7-sources.jar
2025-08-17 11:58:23,288 [Worker-13: Download sources and javadoc] INFO  o.e.m.j.internal.DownloadSourcesJob - Downloaded sources for io.projectreactor.netty:reactor-netty-http:1.2.7
2025-08-17 11:58:31,781 [Worker-13: Download sources and javadoc] INFO  o.e.m.c.i.e.AbstractTransferListenerAdapter - Downloaded https://repo.spring.io/milestone/io/netty/netty-codec-http/4.1.122.Final/netty-codec-http-4.1.122.Final-sources.jar
2025-08-17 11:58:31,981 [Worker-13: Download sources and javadoc] INFO  o.e.m.c.i.e.AbstractTransferListenerAdapter - Downloading https://repo.maven.apache.org/maven2/io/netty/netty-codec-http/4.1.122.Final/netty-codec-http-4.1.122.Final-sources.jar
2025-08-17 11:58:32,673 [Worker-13: Download sources and javadoc] INFO  o.e.m.c.i.e.AbstractTransferListenerAdapter - Downloaded https://repo.maven.apache.org/maven2/io/netty/netty-codec-http/4.1.122.Final/netty-codec-http-4.1.122.Final-sources.jar
2025-08-17 11:58:32,679 [Worker-13: Download sources and javadoc] INFO  o.e.m.j.internal.DownloadSourcesJob - Downloaded sources for io.netty:netty-codec-http:4.1.122.Final
2025-08-17 11:58:34,108 [Worker-13: Download sources and javadoc] INFO  o.e.m.c.i.e.AbstractTransferListenerAdapter - Downloaded https://repo.spring.io/milestone/io/netty/netty-common/4.1.122.Final/netty-common-4.1.122.Final-sources.jar
2025-08-17 11:58:34,233 [Worker-13: Download sources and javadoc] INFO  o.e.m.c.i.e.AbstractTransferListenerAdapter - Downloading https://repo.maven.apache.org/maven2/io/netty/netty-common/4.1.122.Final/netty-common-4.1.122.Final-sources.jar
2025-08-17 11:58:35,018 [Worker-13: Download sources and javadoc] INFO  o.e.m.c.i.e.AbstractTransferListenerAdapter - Downloaded https://repo.maven.apache.org/maven2/io/netty/netty-common/4.1.122.Final/netty-common-4.1.122.Final-sources.jar
2025-08-17 11:58:35,201 [Worker-13: Download sources and javadoc] INFO  o.e.m.j.internal.DownloadSourcesJob - Downloaded sources for io.netty:netty-common:4.1.122.Final
2025-08-17 11:58:44,002 [Worker-13: Download sources and javadoc] INFO  o.e.m.c.i.e.AbstractTransferListenerAdapter - Downloaded https://repo.spring.io/milestone/io/netty/netty-buffer/4.1.122.Final/netty-buffer-4.1.122.Final-sources.jar
2025-08-17 11:58:44,079 [Worker-13: Download sources and javadoc] INFO  o.e.m.c.i.e.AbstractTransferListenerAdapter - Downloading https://repo.maven.apache.org/maven2/io/netty/netty-buffer/4.1.122.Final/netty-buffer-4.1.122.Final-sources.jar
2025-08-17 11:58:44,177 [Worker-13: Download sources and javadoc] INFO  o.e.m.c.i.e.AbstractTransferListenerAdapter - Downloaded https://repo.maven.apache.org/maven2/io/netty/netty-buffer/4.1.122.Final/netty-buffer-4.1.122.Final-sources.jar
2025-08-17 11:58:44,187 [Worker-13: Download sources and javadoc] INFO  o.e.m.j.internal.DownloadSourcesJob - Downloaded sources for io.netty:netty-buffer:4.1.122.Final
2025-08-17 11:59:46,001 [Worker-13: Download sources and javadoc] INFO  o.e.m.c.i.e.AbstractTransferListenerAdapter - Downloaded https://repo.spring.io/milestone/io/netty/netty-transport/4.1.122.Final/netty-transport-4.1.122.Final-sources.jar
2025-08-17 11:59:46,165 [Worker-13: Download sources and javadoc] INFO  o.e.m.c.i.e.AbstractTransferListenerAdapter - Downloading https://repo.maven.apache.org/maven2/io/netty/netty-transport/4.1.122.Final/netty-transport-4.1.122.Final-sources.jar
2025-08-17 11:59:46,351 [Worker-13: Download sources and javadoc] INFO  o.e.m.c.i.e.AbstractTransferListenerAdapter - Downloaded https://repo.maven.apache.org/maven2/io/netty/netty-transport/4.1.122.Final/netty-transport-4.1.122.Final-sources.jar
2025-08-17 11:59:46,355 [Worker-13: Download sources and javadoc] INFO  o.e.m.j.internal.DownloadSourcesJob - Downloaded sources for io.netty:netty-transport:4.1.122.Final
2025-08-17 11:59:47,644 [Worker-13: Download sources and javadoc] INFO  o.e.m.c.i.e.AbstractTransferListenerAdapter - Downloaded https://repo.spring.io/milestone/io/netty/netty-codec/4.1.122.Final/netty-codec-4.1.122.Final-sources.jar
2025-08-17 11:59:47,785 [Worker-13: Download sources and javadoc] INFO  o.e.m.c.i.e.AbstractTransferListenerAdapter - Downloading https://repo.maven.apache.org/maven2/io/netty/netty-codec/4.1.122.Final/netty-codec-4.1.122.Final-sources.jar
2025-08-17 11:59:48,309 [Worker-13: Download sources and javadoc] INFO  o.e.m.c.i.e.AbstractTransferListenerAdapter - Downloaded https://repo.maven.apache.org/maven2/io/netty/netty-codec/4.1.122.Final/netty-codec-4.1.122.Final-sources.jar
2025-08-17 11:59:48,314 [Worker-13: Download sources and javadoc] INFO  o.e.m.j.internal.DownloadSourcesJob - Downloaded sources for io.netty:netty-codec:4.1.122.Final
2025-08-17 11:59:49,985 [Worker-13: Download sources and javadoc] INFO  o.e.m.c.i.e.AbstractTransferListenerAdapter - Downloaded https://repo.spring.io/milestone/io/netty/netty-handler/4.1.122.Final/netty-handler-4.1.122.Final-sources.jar
2025-08-17 11:59:50,190 [Worker-13: Download sources and javadoc] INFO  o.e.m.c.i.e.AbstractTransferListenerAdapter - Downloading https://repo.maven.apache.org/maven2/io/netty/netty-handler/4.1.122.Final/netty-handler-4.1.122.Final-sources.jar
2025-08-17 11:59:50,467 [Worker-13: Download sources and javadoc] INFO  o.e.m.c.i.e.AbstractTransferListenerAdapter - Downloaded https://repo.maven.apache.org/maven2/io/netty/netty-handler/4.1.122.Final/netty-handler-4.1.122.Final-sources.jar
2025-08-17 11:59:50,477 [Worker-13: Download sources and javadoc] INFO  o.e.m.j.internal.DownloadSourcesJob - Downloaded sources for io.netty:netty-handler:4.1.122.Final
2025-08-17 11:59:52,168 [Worker-13: Download sources and javadoc] INFO  o.e.m.c.i.e.AbstractTransferListenerAdapter - Downloaded https://repo.spring.io/milestone/io/netty/netty-codec-http2/4.1.122.Final/netty-codec-http2-4.1.122.Final-sources.jar
2025-08-17 11:59:52,521 [Worker-13: Download sources and javadoc] INFO  o.e.m.c.i.e.AbstractTransferListenerAdapter - Downloading https://repo.maven.apache.org/maven2/io/netty/netty-codec-http2/4.1.122.Final/netty-codec-http2-4.1.122.Final-sources.jar
2025-08-17 11:59:52,818 [Worker-13: Download sources and javadoc] INFO  o.e.m.c.i.e.AbstractTransferListenerAdapter - Downloaded https://repo.maven.apache.org/maven2/io/netty/netty-codec-http2/4.1.122.Final/netty-codec-http2-4.1.122.Final-sources.jar
2025-08-17 11:59:52,823 [Worker-13: Download sources and javadoc] INFO  o.e.m.j.internal.DownloadSourcesJob - Downloaded sources for io.netty:netty-codec-http2:4.1.122.Final
2025-08-17 11:59:54,269 [Worker-13: Download sources and javadoc] INFO  o.e.m.c.i.e.AbstractTransferListenerAdapter - Downloaded https://repo.spring.io/milestone/io/netty/netty-resolver-dns/4.1.122.Final/netty-resolver-dns-4.1.122.Final-sources.jar
2025-08-17 11:59:54,586 [Worker-13: Download sources and javadoc] INFO  o.e.m.c.i.e.AbstractTransferListenerAdapter - Downloading https://repo.maven.apache.org/maven2/io/netty/netty-resolver-dns/4.1.122.Final/netty-resolver-dns-4.1.122.Final-sources.jar
2025-08-17 11:59:54,811 [Worker-13: Download sources and javadoc] INFO  o.e.m.c.i.e.AbstractTransferListenerAdapter - Downloaded https://repo.maven.apache.org/maven2/io/netty/netty-resolver-dns/4.1.122.Final/netty-resolver-dns-4.1.122.Final-sources.jar
2025-08-17 11:59:54,816 [Worker-13: Download sources and javadoc] INFO  o.e.m.j.internal.DownloadSourcesJob - Downloaded sources for io.netty:netty-resolver-dns:4.1.122.Final
2025-08-17 11:59:56,145 [Worker-13: Download sources and javadoc] INFO  o.e.m.c.i.e.AbstractTransferListenerAdapter - Downloaded https://repo.spring.io/milestone/io/netty/netty-resolver/4.1.122.Final/netty-resolver-4.1.122.Final-sources.jar
2025-08-17 11:59:56,245 [Worker-13: Download sources and javadoc] INFO  o.e.m.c.i.e.AbstractTransferListenerAdapter - Downloading https://repo.maven.apache.org/maven2/io/netty/netty-resolver/4.1.122.Final/netty-resolver-4.1.122.Final-sources.jar
2025-08-17 11:59:56,361 [Worker-13: Download sources and javadoc] INFO  o.e.m.c.i.e.AbstractTransferListenerAdapter - Downloaded https://repo.maven.apache.org/maven2/io/netty/netty-resolver/4.1.122.Final/netty-resolver-4.1.122.Final-sources.jar
2025-08-17 11:59:56,366 [Worker-13: Download sources and javadoc] INFO  o.e.m.j.internal.DownloadSourcesJob - Downloaded sources for io.netty:netty-resolver:4.1.122.Final
2025-08-17 11:59:58,060 [Worker-13: Download sources and javadoc] INFO  o.e.m.c.i.e.AbstractTransferListenerAdapter - Downloaded https://repo.spring.io/milestone/io/netty/netty-codec-dns/4.1.122.Final/netty-codec-dns-4.1.122.Final-sources.jar
2025-08-17 11:59:58,477 [Worker-13: Download sources and javadoc] INFO  o.e.m.c.i.e.AbstractTransferListenerAdapter - Downloading https://repo.maven.apache.org/maven2/io/netty/netty-codec-dns/4.1.122.Final/netty-codec-dns-4.1.122.Final-sources.jar
2025-08-17 11:59:58,540 [Worker-13: Download sources and javadoc] INFO  o.e.m.c.i.e.AbstractTransferListenerAdapter - Downloaded https://repo.maven.apache.org/maven2/io/netty/netty-codec-dns/4.1.122.Final/netty-codec-dns-4.1.122.Final-sources.jar
2025-08-17 11:59:58,547 [Worker-13: Download sources and javadoc] INFO  o.e.m.j.internal.DownloadSourcesJob - Downloaded sources for io.netty:netty-codec-dns:4.1.122.Final
2025-08-17 11:59:59,548 [Worker-13: Download sources and javadoc] INFO  o.e.m.c.i.e.AbstractTransferListenerAdapter - Downloaded https://repo.spring.io/milestone/io/netty/netty-resolver-dns-native-macos/4.1.122.Final/netty-resolver-dns-native-macos-4.1.122.Final-sources.jar
2025-08-17 11:59:59,831 [Worker-13: Download sources and javadoc] INFO  o.e.m.c.i.e.AbstractTransferListenerAdapter - Downloading https://repo.maven.apache.org/maven2/io/netty/netty-resolver-dns-native-macos/4.1.122.Final/netty-resolver-dns-native-macos-4.1.122.Final-sources.jar
2025-08-17 12:00:00,189 [Worker-13: Download sources and javadoc] INFO  o.e.m.c.i.e.AbstractTransferListenerAdapter - Downloaded https://repo.maven.apache.org/maven2/io/netty/netty-resolver-dns-native-macos/4.1.122.Final/netty-resolver-dns-native-macos-4.1.122.Final-sources.jar
2025-08-17 12:00:00,194 [Worker-13: Download sources and javadoc] INFO  o.e.m.j.internal.DownloadSourcesJob - Downloaded sources for io.netty:netty-resolver-dns-native-macos:4.1.122.Finalosx-x86_64
2025-08-17 12:00:39,091 [Worker-13: Download sources and javadoc] INFO  o.e.m.c.i.e.AbstractTransferListenerAdapter - Downloaded https://repo.spring.io/milestone/io/netty/netty-resolver-dns-classes-macos/4.1.122.Final/netty-resolver-dns-classes-macos-4.1.122.Final-sources.jar
2025-08-17 12:00:39,303 [Worker-13: Download sources and javadoc] INFO  o.e.m.c.i.e.AbstractTransferListenerAdapter - Downloading https://repo.maven.apache.org/maven2/io/netty/netty-resolver-dns-classes-macos/4.1.122.Final/netty-resolver-dns-classes-macos-4.1.122.Final-sources.jar
2025-08-17 12:00:39,349 [Worker-13: Download sources and javadoc] INFO  o.e.m.c.i.e.AbstractTransferListenerAdapter - Downloaded https://repo.maven.apache.org/maven2/io/netty/netty-resolver-dns-classes-macos/4.1.122.Final/netty-resolver-dns-classes-macos-4.1.122.Final-sources.jar
2025-08-17 12:00:39,354 [Worker-13: Download sources and javadoc] INFO  o.e.m.j.internal.DownloadSourcesJob - Downloaded sources for io.netty:netty-resolver-dns-classes-macos:4.1.122.Final
2025-08-17 12:00:40,414 [Worker-13: Download sources and javadoc] INFO  o.e.m.c.i.e.AbstractTransferListenerAdapter - Downloaded https://repo.spring.io/milestone/io/netty/netty-transport-native-epoll/4.1.122.Final/netty-transport-native-epoll-4.1.122.Final-sources.jar
2025-08-17 12:00:40,522 [Worker-13: Download sources and javadoc] INFO  o.e.m.c.i.e.AbstractTransferListenerAdapter - Downloading https://repo.maven.apache.org/maven2/io/netty/netty-transport-native-epoll/4.1.122.Final/netty-transport-native-epoll-4.1.122.Final-sources.jar
2025-08-17 12:00:40,558 [Worker-13: Download sources and javadoc] INFO  o.e.m.c.i.e.AbstractTransferListenerAdapter - Downloaded https://repo.maven.apache.org/maven2/io/netty/netty-transport-native-epoll/4.1.122.Final/netty-transport-native-epoll-4.1.122.Final-sources.jar
2025-08-17 12:00:40,565 [Worker-13: Download sources and javadoc] INFO  o.e.m.j.internal.DownloadSourcesJob - Downloaded sources for io.netty:netty-transport-native-epoll:4.1.122.Finallinux-x86_64
2025-08-17 12:00:41,941 [Worker-13: Download sources and javadoc] INFO  o.e.m.c.i.e.AbstractTransferListenerAdapter - Downloaded https://repo.spring.io/milestone/io/netty/netty-transport-native-unix-common/4.1.122.Final/netty-transport-native-unix-common-4.1.122.Final-sources.jar
2025-08-17 12:00:42,040 [Worker-13: Download sources and javadoc] INFO  o.e.m.c.i.e.AbstractTransferListenerAdapter - Downloading https://repo.maven.apache.org/maven2/io/netty/netty-transport-native-unix-common/4.1.122.Final/netty-transport-native-unix-common-4.1.122.Final-sources.jar
2025-08-17 12:00:42,104 [Worker-13: Download sources and javadoc] INFO  o.e.m.c.i.e.AbstractTransferListenerAdapter - Downloaded https://repo.maven.apache.org/maven2/io/netty/netty-transport-native-unix-common/4.1.122.Final/netty-transport-native-unix-common-4.1.122.Final-sources.jar
2025-08-17 12:00:42,109 [Worker-13: Download sources and javadoc] INFO  o.e.m.j.internal.DownloadSourcesJob - Downloaded sources for io.netty:netty-transport-native-unix-common:4.1.122.Final
2025-08-17 12:00:44,801 [Worker-13: Download sources and javadoc] INFO  o.e.m.c.i.e.AbstractTransferListenerAdapter - Downloaded https://repo.spring.io/milestone/io/netty/netty-transport-classes-epoll/4.1.122.Final/netty-transport-classes-epoll-4.1.122.Final-sources.jar
2025-08-17 12:00:45,621 [Worker-13: Download sources and javadoc] INFO  o.e.m.c.i.e.AbstractTransferListenerAdapter - Downloading https://repo.maven.apache.org/maven2/io/netty/netty-transport-classes-epoll/4.1.122.Final/netty-transport-classes-epoll-4.1.122.Final-sources.jar
2025-08-17 12:00:46,335 [Worker-13: Download sources and javadoc] INFO  o.e.m.c.i.e.AbstractTransferListenerAdapter - Downloaded https://repo.maven.apache.org/maven2/io/netty/netty-transport-classes-epoll/4.1.122.Final/netty-transport-classes-epoll-4.1.122.Final-sources.jar
2025-08-17 12:00:46,345 [Worker-13: Download sources and javadoc] INFO  o.e.m.j.internal.DownloadSourcesJob - Downloaded sources for io.netty:netty-transport-classes-epoll:4.1.122.Final
2025-08-17 12:00:47,788 [Worker-13: Download sources and javadoc] INFO  o.e.m.c.i.e.AbstractTransferListenerAdapter - Downloaded https://repo.spring.io/milestone/io/projectreactor/netty/reactor-netty-core/1.2.7/reactor-netty-core-1.2.7-sources.jar
2025-08-17 12:00:47,887 [Worker-13: Download sources and javadoc] INFO  o.e.m.c.i.e.AbstractTransferListenerAdapter - Downloading https://repo.maven.apache.org/maven2/io/projectreactor/netty/reactor-netty-core/1.2.7/reactor-netty-core-1.2.7-sources.jar
2025-08-17 12:00:48,035 [Worker-13: Download sources and javadoc] INFO  o.e.m.c.i.e.AbstractTransferListenerAdapter - Downloaded https://repo.maven.apache.org/maven2/io/projectreactor/netty/reactor-netty-core/1.2.7/reactor-netty-core-1.2.7-sources.jar
2025-08-17 12:00:48,039 [Worker-13: Download sources and javadoc] INFO  o.e.m.j.internal.DownloadSourcesJob - Downloaded sources for io.projectreactor.netty:reactor-netty-core:1.2.7
2025-08-17 12:00:49,521 [Worker-13: Download sources and javadoc] INFO  o.e.m.c.i.e.AbstractTransferListenerAdapter - Downloaded https://repo.spring.io/milestone/io/netty/netty-handler-proxy/4.1.122.Final/netty-handler-proxy-4.1.122.Final-sources.jar
2025-08-17 12:00:49,651 [Worker-13: Download sources and javadoc] INFO  o.e.m.c.i.e.AbstractTransferListenerAdapter - Downloading https://repo.maven.apache.org/maven2/io/netty/netty-handler-proxy/4.1.122.Final/netty-handler-proxy-4.1.122.Final-sources.jar
2025-08-17 12:00:49,695 [Worker-13: Download sources and javadoc] INFO  o.e.m.c.i.e.AbstractTransferListenerAdapter - Downloaded https://repo.maven.apache.org/maven2/io/netty/netty-handler-proxy/4.1.122.Final/netty-handler-proxy-4.1.122.Final-sources.jar
2025-08-17 12:00:49,699 [Worker-13: Download sources and javadoc] INFO  o.e.m.j.internal.DownloadSourcesJob - Downloaded sources for io.netty:netty-handler-proxy:4.1.122.Final
2025-08-17 12:00:51,208 [Worker-13: Download sources and javadoc] INFO  o.e.m.c.i.e.AbstractTransferListenerAdapter - Downloaded https://repo.spring.io/milestone/io/netty/netty-codec-socks/4.1.122.Final/netty-codec-socks-4.1.122.Final-sources.jar
2025-08-17 12:00:51,654 [Worker-13: Download sources and javadoc] INFO  o.e.m.c.i.e.AbstractTransferListenerAdapter - Downloading https://repo.maven.apache.org/maven2/io/netty/netty-codec-socks/4.1.122.Final/netty-codec-socks-4.1.122.Final-sources.jar
2025-08-17 12:00:52,267 [Worker-13: Download sources and javadoc] INFO  o.e.m.c.i.e.AbstractTransferListenerAdapter - Downloaded https://repo.maven.apache.org/maven2/io/netty/netty-codec-socks/4.1.122.Final/netty-codec-socks-4.1.122.Final-sources.jar
2025-08-17 12:00:52,270 [Worker-13: Download sources and javadoc] INFO  o.e.m.j.internal.DownloadSourcesJob - Downloaded sources for io.netty:netty-codec-socks:4.1.122.Final
2025-08-17 12:00:52,276 [Worker-13: Download sources and javadoc] INFO  o.e.m.j.internal.DownloadSourcesJob - Downloaded sources for org.springframework:spring-web:6.2.8
2025-08-17 12:00:52,284 [Worker-13: Download sources and javadoc] INFO  o.e.m.j.internal.DownloadSourcesJob - Downloaded sources for org.springframework:spring-beans:6.2.8
2025-08-17 12:00:54,091 [Worker-13: Download sources and javadoc] INFO  o.e.m.c.i.e.AbstractTransferListenerAdapter - Downloaded https://repo.spring.io/milestone/org/springframework/spring-webflux/6.2.8/spring-webflux-6.2.8-sources.jar
2025-08-17 12:00:54,193 [Worker-13: Download sources and javadoc] INFO  o.e.m.c.i.e.AbstractTransferListenerAdapter - Downloading https://repo.maven.apache.org/maven2/org/springframework/spring-webflux/6.2.8/spring-webflux-6.2.8-sources.jar
2025-08-17 12:00:54,703 [Worker-13: Download sources and javadoc] INFO  o.e.m.c.i.e.AbstractTransferListenerAdapter - Downloaded https://repo.maven.apache.org/maven2/org/springframework/spring-webflux/6.2.8/spring-webflux-6.2.8-sources.jar
2025-08-17 12:00:54,706 [Worker-13: Download sources and javadoc] INFO  o.e.m.j.internal.DownloadSourcesJob - Downloaded sources for org.springframework:spring-webflux:6.2.8
2025-08-17 12:00:57,949 [Worker-13: Download sources and javadoc] INFO  o.e.m.c.i.e.AbstractTransferListenerAdapter - Downloaded https://repo.spring.io/milestone/io/projectreactor/reactor-core/3.7.7/reactor-core-3.7.7-sources.jar
2025-08-17 12:00:58,046 [Worker-13: Download sources and javadoc] INFO  o.e.m.c.i.e.AbstractTransferListenerAdapter - Downloading https://repo.maven.apache.org/maven2/io/projectreactor/reactor-core/3.7.7/reactor-core-3.7.7-sources.jar
2025-08-17 12:00:58,781 [Worker-13: Download sources and javadoc] INFO  o.e.m.c.i.e.AbstractTransferListenerAdapter - Downloaded https://repo.maven.apache.org/maven2/io/projectreactor/reactor-core/3.7.7/reactor-core-3.7.7-sources.jar
2025-08-17 12:00:58,787 [Worker-13: Download sources and javadoc] INFO  o.e.m.j.internal.DownloadSourcesJob - Downloaded sources for io.projectreactor:reactor-core:3.7.7
2025-08-17 12:00:59,750 [Worker-13: Download sources and javadoc] INFO  o.e.m.c.i.e.AbstractTransferListenerAdapter - Downloaded https://repo.spring.io/milestone/org/springframework/boot/spring-boot-properties-migrator/3.5.3/spring-boot-properties-migrator-3.5.3-sources.jar
2025-08-17 12:00:59,826 [Worker-13: Download sources and javadoc] INFO  o.e.m.c.i.e.AbstractTransferListenerAdapter - Downloading https://repo.maven.apache.org/maven2/org/springframework/boot/spring-boot-properties-migrator/3.5.3/spring-boot-properties-migrator-3.5.3-sources.jar
2025-08-17 12:00:59,875 [Worker-13: Download sources and javadoc] INFO  o.e.m.c.i.e.AbstractTransferListenerAdapter - Downloaded https://repo.maven.apache.org/maven2/org/springframework/boot/spring-boot-properties-migrator/3.5.3/spring-boot-properties-migrator-3.5.3-sources.jar
2025-08-17 12:00:59,880 [Worker-13: Download sources and javadoc] INFO  o.e.m.j.internal.DownloadSourcesJob - Downloaded sources for org.springframework.boot:spring-boot-properties-migrator:3.5.3
2025-08-17 12:01:01,085 [Worker-13: Download sources and javadoc] INFO  o.e.m.c.i.e.AbstractTransferListenerAdapter - Downloaded https://repo.spring.io/milestone/org/springframework/spring-context/6.2.8/spring-context-6.2.8-sources.jar
2025-08-17 12:01:01,095 [Worker-13: Download sources and javadoc] ERROR o.e.m.j.internal.DownloadSourcesJob - Could not download sources for org.springframework:spring-context:6.2.8
org.eclipse.core.runtime.CoreException: Could not resolve artifact org.springframework:spring-context:jar:sources:6.2.8
	at org.eclipse.m2e.core.internal.embedder.MavenImpl.lambda$6(MavenImpl.java:608) ~[na:na]
	at org.eclipse.m2e.core.internal.embedder.MavenExecutionContext.executeBare(MavenExecutionContext.java:350) ~[na:na]
	at org.eclipse.m2e.core.internal.embedder.MavenExecutionContext.execute(MavenExecutionContext.java:219) ~[na:na]
	at org.eclipse.m2e.core.internal.embedder.MavenExecutionContext.execute(MavenExecutionContext.java:205) ~[na:na]
	at org.eclipse.m2e.core.internal.embedder.MavenImpl.resolve(MavenImpl.java:577) ~[na:na]
	at org.eclipse.m2e.core.internal.embedder.MavenImpl.resolve(MavenImpl.java:562) ~[na:na]
	at org.eclipse.m2e.jdt.internal.DownloadSourcesJob.download(DownloadSourcesJob.java:308) ~[na:na]
	at org.eclipse.m2e.jdt.internal.DownloadSourcesJob.downloadAttachments(DownloadSourcesJob.java:282) ~[na:na]
	at org.eclipse.m2e.jdt.internal.DownloadSourcesJob.downloadMaven(DownloadSourcesJob.java:252) ~[na:na]
	at org.eclipse.m2e.jdt.internal.DownloadSourcesJob.downloadFilesAndPopulateToUpdate(DownloadSourcesJob.java:220) ~[na:na]
	at org.eclipse.m2e.jdt.internal.DownloadSourcesJob.lambda$0(DownloadSourcesJob.java:149) ~[na:na]
	at org.eclipse.m2e.core.internal.embedder.MavenExecutionContext.executeBare(MavenExecutionContext.java:350) ~[na:na]
	at org.eclipse.m2e.core.internal.embedder.MavenExecutionContext.execute(MavenExecutionContext.java:262) ~[na:na]
	at org.eclipse.m2e.core.internal.embedder.MavenExecutionContext.execute(MavenExecutionContext.java:205) ~[na:na]
	at org.eclipse.m2e.core.embedder.IMaven.execute(IMaven.java:270) ~[na:na]
	at org.eclipse.m2e.jdt.internal.DownloadSourcesJob.run(DownloadSourcesJob.java:149) ~[na:na]
	at org.eclipse.core.internal.jobs.Worker.run(Worker.java:63) ~[org.eclipse.core.jobs_3.13.100.v20220817-1539.jar:na]
2025-08-17 12:01:01,100 [Worker-13: Download sources and javadoc] INFO  o.e.m.j.internal.DownloadSourcesJob - Downloaded sources for org.springframework:spring-aop:6.2.8
2025-08-17 12:01:01,105 [Worker-13: Download sources and javadoc] INFO  o.e.m.j.internal.DownloadSourcesJob - Downloaded sources for org.springframework:spring-expression:6.2.8
2025-08-17 12:01:24,082 [Worker-13: Download sources and javadoc] INFO  o.e.m.c.i.e.AbstractTransferListenerAdapter - Downloaded https://repo.spring.io/milestone/org/springframework/boot/spring-boot-configuration-metadata/3.5.3/spring-boot-configuration-metadata-3.5.3-sources.jar
2025-08-17 12:01:24,596 [Worker-13: Download sources and javadoc] INFO  o.e.m.c.i.e.AbstractTransferListenerAdapter - Downloading https://repo.maven.apache.org/maven2/org/springframework/boot/spring-boot-configuration-metadata/3.5.3/spring-boot-configuration-metadata-3.5.3-sources.jar
2025-08-17 12:01:24,670 [Worker-13: Download sources and javadoc] INFO  o.e.m.c.i.e.AbstractTransferListenerAdapter - Downloaded https://repo.maven.apache.org/maven2/org/springframework/boot/spring-boot-configuration-metadata/3.5.3/spring-boot-configuration-metadata-3.5.3-sources.jar
2025-08-17 12:01:24,676 [Worker-13: Download sources and javadoc] INFO  o.e.m.j.internal.DownloadSourcesJob - Downloaded sources for org.springframework.boot:spring-boot-configuration-metadata:3.5.3
2025-08-17 12:01:24,686 [Worker-13: Download sources and javadoc] INFO  o.e.m.j.internal.DownloadSourcesJob - Downloaded sources for org.springframework.boot:spring-boot-starter-actuator:3.5.3
2025-08-17 12:01:24,694 [Worker-13: Download sources and javadoc] INFO  o.e.m.j.internal.DownloadSourcesJob - Downloaded sources for org.springframework.boot:spring-boot-autoconfigure:3.5.3
2025-08-17 12:01:24,701 [Worker-13: Download sources and javadoc] INFO  o.e.m.j.internal.DownloadSourcesJob - Downloaded sources for org.springframework.boot:spring-boot-starter-logging:3.5.3
2025-08-17 12:01:24,709 [Worker-13: Download sources and javadoc] INFO  o.e.m.j.internal.DownloadSourcesJob - Downloaded sources for org.springframework.boot:spring-boot-actuator-autoconfigure:3.5.3
2025-08-17 12:01:24,741 [Worker-13: Download sources and javadoc] INFO  o.e.m.j.internal.DownloadSourcesJob - Downloaded sources for org.springframework.boot:spring-boot-actuator:3.5.3
2025-08-17 12:01:24,754 [Worker-13: Download sources and javadoc] INFO  o.e.m.j.internal.DownloadSourcesJob - Downloaded sources for com.fasterxml.jackson.core:jackson-databind:2.19.1
2025-08-17 12:01:24,763 [Worker-13: Download sources and javadoc] INFO  o.e.m.j.internal.DownloadSourcesJob - Downloaded sources for com.fasterxml.jackson.core:jackson-annotations:2.19.1
2025-08-17 12:01:24,767 [Worker-13: Download sources and javadoc] INFO  o.e.m.j.internal.DownloadSourcesJob - Downloaded sources for com.fasterxml.jackson.core:jackson-core:2.19.1
2025-08-17 12:01:24,772 [Worker-13: Download sources and javadoc] INFO  o.e.m.j.internal.DownloadSourcesJob - Downloaded sources for com.fasterxml.jackson.datatype:jackson-datatype-jsr310:2.19.1
2025-08-17 12:01:24,777 [Worker-13: Download sources and javadoc] INFO  o.e.m.j.internal.DownloadSourcesJob - Downloaded sources for io.micrometer:micrometer-observation:1.15.1
2025-08-17 12:01:24,782 [Worker-13: Download sources and javadoc] INFO  o.e.m.j.internal.DownloadSourcesJob - Downloaded sources for io.micrometer:micrometer-commons:1.15.1
2025-08-17 12:01:24,788 [Worker-13: Download sources and javadoc] INFO  o.e.m.j.internal.DownloadSourcesJob - Downloaded sources for io.micrometer:micrometer-jakarta9:1.15.1
2025-08-17 12:01:24,793 [Worker-13: Download sources and javadoc] INFO  o.e.m.j.internal.DownloadSourcesJob - Downloaded sources for io.micrometer:micrometer-registry-prometheus:1.15.1
2025-08-17 12:01:24,797 [Worker-13: Download sources and javadoc] INFO  o.e.m.j.internal.DownloadSourcesJob - Downloaded sources for io.micrometer:micrometer-core:1.15.1
2025-08-17 12:01:24,802 [Worker-13: Download sources and javadoc] INFO  o.e.m.j.internal.DownloadSourcesJob - Downloaded sources for io.prometheus:prometheus-metrics-core:1.3.8
2025-08-17 12:01:24,808 [Worker-13: Download sources and javadoc] INFO  o.e.m.j.internal.DownloadSourcesJob - Downloaded sources for io.prometheus:prometheus-metrics-model:1.3.8
2025-08-17 12:01:24,813 [Worker-13: Download sources and javadoc] INFO  o.e.m.j.internal.DownloadSourcesJob - Downloaded sources for io.prometheus:prometheus-metrics-config:1.3.8
2025-08-17 12:01:24,819 [Worker-13: Download sources and javadoc] INFO  o.e.m.j.internal.DownloadSourcesJob - Downloaded sources for io.prometheus:prometheus-metrics-tracer-common:1.3.8
2025-08-17 12:01:24,824 [Worker-13: Download sources and javadoc] INFO  o.e.m.j.internal.DownloadSourcesJob - Downloaded sources for io.prometheus:prometheus-metrics-exposition-formats:1.3.8
2025-08-17 12:01:24,829 [Worker-13: Download sources and javadoc] INFO  o.e.m.j.internal.DownloadSourcesJob - Downloaded sources for io.prometheus:prometheus-metrics-exposition-formats-no-protobuf:1.3.8
2025-08-17 12:01:24,832 [Worker-13: Download sources and javadoc] INFO  o.e.m.j.internal.DownloadSourcesJob - Downloaded sources for io.prometheus:prometheus-metrics-exposition-textformats:1.3.8
2025-08-17 12:01:24,837 [Worker-13: Download sources and javadoc] INFO  o.e.m.j.internal.DownloadSourcesJob - Downloaded sources for com.google.protobuf:protobuf-java:4.31.0
2025-08-17 12:01:24,842 [Worker-13: Download sources and javadoc] INFO  o.e.m.j.internal.DownloadSourcesJob - Downloaded sources for io.micrometer:micrometer-tracing-bridge-otel:1.5.1
2025-08-17 12:01:24,846 [Worker-13: Download sources and javadoc] INFO  o.e.m.j.internal.DownloadSourcesJob - Downloaded sources for io.micrometer:micrometer-tracing:1.5.1
2025-08-17 12:01:24,851 [Worker-13: Download sources and javadoc] INFO  o.e.m.j.internal.DownloadSourcesJob - Downloaded sources for io.micrometer:context-propagation:1.1.3
2025-08-17 12:01:24,856 [Worker-13: Download sources and javadoc] INFO  o.e.m.j.internal.DownloadSourcesJob - Downloaded sources for io.opentelemetry:opentelemetry-api:1.49.0
2025-08-17 12:01:24,864 [Worker-13: Download sources and javadoc] INFO  o.e.m.j.internal.DownloadSourcesJob - Downloaded sources for io.opentelemetry:opentelemetry-context:1.49.0
2025-08-17 12:01:24,871 [Worker-13: Download sources and javadoc] INFO  o.e.m.j.internal.DownloadSourcesJob - Downloaded sources for io.opentelemetry.semconv:opentelemetry-semconv:1.32.0
2025-08-17 12:01:24,875 [Worker-13: Download sources and javadoc] INFO  o.e.m.j.internal.DownloadSourcesJob - Downloaded sources for io.opentelemetry:opentelemetry-sdk-common:1.49.0
2025-08-17 12:01:24,880 [Worker-13: Download sources and javadoc] INFO  o.e.m.j.internal.DownloadSourcesJob - Downloaded sources for io.opentelemetry:opentelemetry-sdk-trace:1.49.0
2025-08-17 12:01:24,886 [Worker-13: Download sources and javadoc] INFO  o.e.m.j.internal.DownloadSourcesJob - Downloaded sources for io.opentelemetry:opentelemetry-sdk:1.49.0
2025-08-17 12:01:24,889 [Worker-13: Download sources and javadoc] INFO  o.e.m.j.internal.DownloadSourcesJob - Downloaded sources for io.opentelemetry:opentelemetry-sdk-metrics:1.49.0
2025-08-17 12:01:24,894 [Worker-13: Download sources and javadoc] INFO  o.e.m.j.internal.DownloadSourcesJob - Downloaded sources for io.opentelemetry:opentelemetry-sdk-logs:1.49.0
2025-08-17 12:01:24,900 [Worker-13: Download sources and javadoc] INFO  o.e.m.j.internal.DownloadSourcesJob - Downloaded sources for io.opentelemetry:opentelemetry-extension-trace-propagators:1.49.0
2025-08-17 12:01:24,904 [Worker-13: Download sources and javadoc] INFO  o.e.m.j.internal.DownloadSourcesJob - Downloaded sources for io.opentelemetry:opentelemetry-exporter-zipkin:1.49.0
2025-08-17 12:01:24,913 [Worker-13: Download sources and javadoc] INFO  o.e.m.j.internal.DownloadSourcesJob - Downloaded sources for io.zipkin.reporter2:zipkin-reporter:3.5.1
2025-08-17 12:01:24,919 [Worker-13: Download sources and javadoc] INFO  o.e.m.j.internal.DownloadSourcesJob - Downloaded sources for io.opentelemetry:opentelemetry-exporter-common:1.49.0
2025-08-17 12:01:24,924 [Worker-13: Download sources and javadoc] INFO  o.e.m.j.internal.DownloadSourcesJob - Downloaded sources for io.opentelemetry:opentelemetry-sdk-extension-autoconfigure-spi:1.49.0
2025-08-17 12:01:24,930 [Worker-13: Download sources and javadoc] INFO  o.e.m.j.internal.DownloadSourcesJob - Downloaded sources for io.zipkin.reporter2:zipkin-sender-okhttp3:3.5.1
2025-08-17 12:01:26,263 [Worker-13: Download sources and javadoc] INFO  o.e.m.c.i.e.AbstractTransferListenerAdapter - Downloaded https://repo.spring.io/milestone/org/springdoc/springdoc-openapi-starter-webflux-ui/2.8.9/springdoc-openapi-starter-webflux-ui-2.8.9-sources.jar
2025-08-17 12:01:26,368 [Worker-13: Download sources and javadoc] INFO  o.e.m.c.i.e.AbstractTransferListenerAdapter - Downloading https://repo.maven.apache.org/maven2/org/springdoc/springdoc-openapi-starter-webflux-ui/2.8.9/springdoc-openapi-starter-webflux-ui-2.8.9-sources.jar
2025-08-17 12:01:26,416 [Worker-13: Download sources and javadoc] INFO  o.e.m.c.i.e.AbstractTransferListenerAdapter - Downloaded https://repo.maven.apache.org/maven2/org/springdoc/springdoc-openapi-starter-webflux-ui/2.8.9/springdoc-openapi-starter-webflux-ui-2.8.9-sources.jar
2025-08-17 12:01:26,420 [Worker-13: Download sources and javadoc] INFO  o.e.m.j.internal.DownloadSourcesJob - Downloaded sources for org.springdoc:springdoc-openapi-starter-webflux-ui:2.8.9
2025-08-17 12:01:28,311 [Worker-13: Download sources and javadoc] INFO  o.e.m.c.i.e.AbstractTransferListenerAdapter - Downloaded https://repo.spring.io/milestone/org/springdoc/springdoc-openapi-starter-webflux-api/2.8.9/springdoc-openapi-starter-webflux-api-2.8.9-sources.jar
2025-08-17 12:01:28,668 [Worker-13: Download sources and javadoc] INFO  o.e.m.c.i.e.AbstractTransferListenerAdapter - Downloading https://repo.maven.apache.org/maven2/org/springdoc/springdoc-openapi-starter-webflux-api/2.8.9/springdoc-openapi-starter-webflux-api-2.8.9-sources.jar
2025-08-17 12:01:29,223 [Worker-13: Download sources and javadoc] INFO  o.e.m.c.i.e.AbstractTransferListenerAdapter - Downloaded https://repo.maven.apache.org/maven2/org/springdoc/springdoc-openapi-starter-webflux-api/2.8.9/springdoc-openapi-starter-webflux-api-2.8.9-sources.jar
2025-08-17 12:01:29,226 [Worker-13: Download sources and javadoc] INFO  o.e.m.j.internal.DownloadSourcesJob - Downloaded sources for org.springdoc:springdoc-openapi-starter-webflux-api:2.8.9
2025-08-17 12:01:31,302 [Worker-13: Download sources and javadoc] INFO  o.e.m.c.i.e.AbstractTransferListenerAdapter - Downloaded https://repo.spring.io/milestone/org/springdoc/springdoc-openapi-starter-common/2.8.9/springdoc-openapi-starter-common-2.8.9-sources.jar
2025-08-17 12:01:31,738 [Worker-13: Download sources and javadoc] INFO  o.e.m.c.i.e.AbstractTransferListenerAdapter - Downloading https://repo.maven.apache.org/maven2/org/springdoc/springdoc-openapi-starter-common/2.8.9/springdoc-openapi-starter-common-2.8.9-sources.jar
2025-08-17 12:01:31,978 [Worker-13: Download sources and javadoc] INFO  o.e.m.c.i.e.AbstractTransferListenerAdapter - Downloaded https://repo.maven.apache.org/maven2/org/springdoc/springdoc-openapi-starter-common/2.8.9/springdoc-openapi-starter-common-2.8.9-sources.jar
2025-08-17 12:01:32,114 [Worker-13: Download sources and javadoc] INFO  o.e.m.j.internal.DownloadSourcesJob - Downloaded sources for org.springdoc:springdoc-openapi-starter-common:2.8.9
2025-08-17 12:01:34,262 [Worker-13: Download sources and javadoc] INFO  o.e.m.c.i.e.AbstractTransferListenerAdapter - Downloaded https://repo.spring.io/milestone/io/swagger/core/v3/swagger-core-jakarta/2.2.30/swagger-core-jakarta-2.2.30-sources.jar
2025-08-17 12:01:34,468 [Worker-13: Download sources and javadoc] INFO  o.e.m.c.i.e.AbstractTransferListenerAdapter - Downloading https://repo.maven.apache.org/maven2/io/swagger/core/v3/swagger-core-jakarta/2.2.30/swagger-core-jakarta-2.2.30-sources.jar
2025-08-17 12:01:34,579 [Worker-13: Download sources and javadoc] INFO  o.e.m.c.i.e.AbstractTransferListenerAdapter - Downloaded https://repo.maven.apache.org/maven2/io/swagger/core/v3/swagger-core-jakarta/2.2.30/swagger-core-jakarta-2.2.30-sources.jar
2025-08-17 12:01:34,591 [Worker-13: Download sources and javadoc] INFO  o.e.m.j.internal.DownloadSourcesJob - Downloaded sources for io.swagger.core.v3:swagger-core-jakarta:2.2.30
2025-08-17 12:01:36,363 [Worker-13: Download sources and javadoc] INFO  o.e.m.c.i.e.AbstractTransferListenerAdapter - Downloaded https://repo.spring.io/milestone/io/swagger/core/v3/swagger-annotations-jakarta/2.2.30/swagger-annotations-jakarta-2.2.30-sources.jar
2025-08-17 12:01:36,679 [Worker-13: Download sources and javadoc] INFO  o.e.m.c.i.e.AbstractTransferListenerAdapter - Downloading https://repo.maven.apache.org/maven2/io/swagger/core/v3/swagger-annotations-jakarta/2.2.30/swagger-annotations-jakarta-2.2.30-sources.jar
2025-08-17 12:01:36,968 [Worker-13: Download sources and javadoc] INFO  o.e.m.c.i.e.AbstractTransferListenerAdapter - Downloaded https://repo.maven.apache.org/maven2/io/swagger/core/v3/swagger-annotations-jakarta/2.2.30/swagger-annotations-jakarta-2.2.30-sources.jar
2025-08-17 12:01:36,975 [Worker-13: Download sources and javadoc] INFO  o.e.m.j.internal.DownloadSourcesJob - Downloaded sources for io.swagger.core.v3:swagger-annotations-jakarta:2.2.30
2025-08-17 12:01:38,393 [Worker-13: Download sources and javadoc] INFO  o.e.m.c.i.e.AbstractTransferListenerAdapter - Downloaded https://repo.spring.io/milestone/io/swagger/core/v3/swagger-models-jakarta/2.2.30/swagger-models-jakarta-2.2.30-sources.jar
2025-08-17 12:01:39,010 [Worker-13: Download sources and javadoc] INFO  o.e.m.c.i.e.AbstractTransferListenerAdapter - Downloading https://repo.maven.apache.org/maven2/io/swagger/core/v3/swagger-models-jakarta/2.2.30/swagger-models-jakarta-2.2.30-sources.jar
2025-08-17 12:01:39,195 [Worker-13: Download sources and javadoc] INFO  o.e.m.c.i.e.AbstractTransferListenerAdapter - Downloaded https://repo.maven.apache.org/maven2/io/swagger/core/v3/swagger-models-jakarta/2.2.30/swagger-models-jakarta-2.2.30-sources.jar
2025-08-17 12:01:39,202 [Worker-13: Download sources and javadoc] INFO  o.e.m.j.internal.DownloadSourcesJob - Downloaded sources for io.swagger.core.v3:swagger-models-jakarta:2.2.30
2025-08-17 12:01:43,618 [Worker-13: Download sources and javadoc] INFO  o.e.m.c.i.e.AbstractTransferListenerAdapter - Downloaded https://repo.spring.io/milestone/com/fasterxml/jackson/dataformat/jackson-dataformat-yaml/2.19.1/jackson-dataformat-yaml-2.19.1-sources.jar
2025-08-17 12:01:43,721 [Worker-13: Download sources and javadoc] INFO  o.e.m.c.i.e.AbstractTransferListenerAdapter - Downloading https://repo.maven.apache.org/maven2/com/fasterxml/jackson/dataformat/jackson-dataformat-yaml/2.19.1/jackson-dataformat-yaml-2.19.1-sources.jar
2025-08-17 12:01:43,818 [Worker-13: Download sources and javadoc] INFO  o.e.m.c.i.e.AbstractTransferListenerAdapter - Downloaded https://repo.maven.apache.org/maven2/com/fasterxml/jackson/dataformat/jackson-dataformat-yaml/2.19.1/jackson-dataformat-yaml-2.19.1-sources.jar
2025-08-17 12:01:43,823 [Worker-13: Download sources and javadoc] INFO  o.e.m.j.internal.DownloadSourcesJob - Downloaded sources for com.fasterxml.jackson.dataformat:jackson-dataformat-yaml:2.19.1
2025-08-17 12:01:45,218 [Worker-13: Download sources and javadoc] INFO  o.e.m.c.i.e.AbstractTransferListenerAdapter - Downloaded https://repo.spring.io/milestone/org/webjars/swagger-ui/5.21.0/swagger-ui-5.21.0-sources.jar
2025-08-17 12:01:45,691 [Worker-13: Download sources and javadoc] INFO  o.e.m.c.i.e.AbstractTransferListenerAdapter - Downloaded https://repo.maven.apache.org/maven2/org/webjars/swagger-ui/5.21.0/swagger-ui-5.21.0-sources.jar
2025-08-17 12:01:45,700 [Worker-13: Download sources and javadoc] ERROR o.e.m.j.internal.DownloadSourcesJob - Could not download sources for org.webjars:swagger-ui:5.21.0
org.eclipse.core.runtime.CoreException: Could not resolve artifact org.webjars:swagger-ui:jar:sources:5.21.0
	at org.eclipse.m2e.core.internal.embedder.MavenImpl.lambda$6(MavenImpl.java:608) ~[na:na]
	at org.eclipse.m2e.core.internal.embedder.MavenExecutionContext.executeBare(MavenExecutionContext.java:350) ~[na:na]
	at org.eclipse.m2e.core.internal.embedder.MavenExecutionContext.execute(MavenExecutionContext.java:219) ~[na:na]
	at org.eclipse.m2e.core.internal.embedder.MavenExecutionContext.execute(MavenExecutionContext.java:205) ~[na:na]
	at org.eclipse.m2e.core.internal.embedder.MavenImpl.resolve(MavenImpl.java:577) ~[na:na]
	at org.eclipse.m2e.core.internal.embedder.MavenImpl.resolve(MavenImpl.java:562) ~[na:na]
	at org.eclipse.m2e.jdt.internal.DownloadSourcesJob.download(DownloadSourcesJob.java:308) ~[na:na]
	at org.eclipse.m2e.jdt.internal.DownloadSourcesJob.downloadAttachments(DownloadSourcesJob.java:282) ~[na:na]
	at org.eclipse.m2e.jdt.internal.DownloadSourcesJob.downloadMaven(DownloadSourcesJob.java:252) ~[na:na]
	at org.eclipse.m2e.jdt.internal.DownloadSourcesJob.downloadFilesAndPopulateToUpdate(DownloadSourcesJob.java:220) ~[na:na]
	at org.eclipse.m2e.jdt.internal.DownloadSourcesJob.lambda$0(DownloadSourcesJob.java:149) ~[na:na]
	at org.eclipse.m2e.core.internal.embedder.MavenExecutionContext.executeBare(MavenExecutionContext.java:350) ~[na:na]
	at org.eclipse.m2e.core.internal.embedder.MavenExecutionContext.execute(MavenExecutionContext.java:262) ~[na:na]
	at org.eclipse.m2e.core.internal.embedder.MavenExecutionContext.execute(MavenExecutionContext.java:205) ~[na:na]
	at org.eclipse.m2e.core.embedder.IMaven.execute(IMaven.java:270) ~[na:na]
	at org.eclipse.m2e.jdt.internal.DownloadSourcesJob.run(DownloadSourcesJob.java:149) ~[na:na]
	at org.eclipse.core.internal.jobs.Worker.run(Worker.java:63) ~[org.eclipse.core.jobs_3.13.100.v20220817-1539.jar:na]
2025-08-17 12:01:46,871 [Worker-13: Download sources and javadoc] INFO  o.e.m.c.i.e.AbstractTransferListenerAdapter - Downloaded https://repo.spring.io/milestone/org/webjars/webjars-locator-lite/1.1.0/webjars-locator-lite-1.1.0-sources.jar
2025-08-17 12:01:47,622 [Worker-13: Download sources and javadoc] INFO  o.e.m.c.i.e.AbstractTransferListenerAdapter - Downloading https://repo.maven.apache.org/maven2/org/webjars/webjars-locator-lite/1.1.0/webjars-locator-lite-1.1.0-sources.jar
2025-08-17 12:01:47,698 [Worker-13: Download sources and javadoc] INFO  o.e.m.c.i.e.AbstractTransferListenerAdapter - Downloaded https://repo.maven.apache.org/maven2/org/webjars/webjars-locator-lite/1.1.0/webjars-locator-lite-1.1.0-sources.jar
2025-08-17 12:01:47,704 [Worker-13: Download sources and javadoc] INFO  o.e.m.j.internal.DownloadSourcesJob - Downloaded sources for org.webjars:webjars-locator-lite:1.1.0
2025-08-17 12:01:47,715 [Worker-13: Download sources and javadoc] INFO  o.e.m.j.internal.DownloadSourcesJob - Downloaded sources for org.springframework.boot:spring-boot-starter-test:3.5.3
2025-08-17 12:01:47,723 [Worker-13: Download sources and javadoc] INFO  o.e.m.j.internal.DownloadSourcesJob - Downloaded sources for org.springframework.boot:spring-boot-test:3.5.3
2025-08-17 12:01:47,732 [Worker-13: Download sources and javadoc] INFO  o.e.m.j.internal.DownloadSourcesJob - Downloaded sources for org.springframework.boot:spring-boot-test-autoconfigure:3.5.3
2025-08-17 12:01:47,740 [Worker-13: Download sources and javadoc] INFO  o.e.m.j.internal.DownloadSourcesJob - Downloaded sources for org.springframework:spring-core:6.2.8
2025-08-17 12:01:47,750 [Worker-13: Download sources and javadoc] INFO  o.e.m.j.internal.DownloadSourcesJob - Downloaded sources for org.springframework:spring-jcl:6.2.8
2025-08-17 12:01:47,759 [Worker-13: Download sources and javadoc] INFO  o.e.m.j.internal.DownloadSourcesJob - Downloaded sources for org.springframework:spring-test:6.2.8
2025-08-17 12:01:47,767 [Worker-13: Download sources and javadoc] INFO  o.e.m.j.internal.DownloadSourcesJob - Downloaded sources for org.xmlunit:xmlunit-core:2.10.2
2025-08-17 12:01:48,161 [Worker-13: Download sources and javadoc] INFO  o.e.m.c.i.e.AbstractTransferListenerAdapter - Downloading https://repo.maven.apache.org/maven2/org/springframework/boot/spring-boot-starter-thymeleaf/3.5.3/spring-boot-starter-thymeleaf-3.5.3-sources.jar
2025-08-17 12:01:48,213 [Worker-13: Download sources and javadoc] INFO  o.e.m.c.i.e.AbstractTransferListenerAdapter - Downloaded https://repo.maven.apache.org/maven2/org/springframework/boot/spring-boot-starter-thymeleaf/3.5.3/spring-boot-starter-thymeleaf-3.5.3-sources.jar
2025-08-17 12:01:48,224 [Worker-13: Download sources and javadoc] INFO  o.e.m.j.internal.DownloadSourcesJob - Downloaded sources for org.springframework.boot:spring-boot-starter-thymeleaf:3.5.3
2025-08-17 12:01:48,244 [Worker-13: Download sources and javadoc] INFO  o.e.m.j.internal.DownloadSourcesJob - Downloaded sources for org.springframework.boot:spring-boot-autoconfigure:3.5.3
2025-08-17 12:01:48,261 [Worker-13: Download sources and javadoc] INFO  o.e.m.j.internal.DownloadSourcesJob - Downloaded sources for org.springframework.boot:spring-boot-starter-logging:3.5.3
2025-08-17 12:01:48,348 [Worker-13: Download sources and javadoc] INFO  o.e.m.c.i.e.AbstractTransferListenerAdapter - Downloading https://repo.maven.apache.org/maven2/org/thymeleaf/thymeleaf-spring6/3.1.3.RELEASE/thymeleaf-spring6-3.1.3.RELEASE-sources.jar
2025-08-17 12:01:48,496 [Worker-13: Download sources and javadoc] INFO  o.e.m.c.i.e.AbstractTransferListenerAdapter - Downloaded https://repo.maven.apache.org/maven2/org/thymeleaf/thymeleaf-spring6/3.1.3.RELEASE/thymeleaf-spring6-3.1.3.RELEASE-sources.jar
2025-08-17 12:01:48,504 [Worker-13: Download sources and javadoc] INFO  o.e.m.j.internal.DownloadSourcesJob - Downloaded sources for org.thymeleaf:thymeleaf-spring6:3.1.3.RELEASE
2025-08-17 12:01:48,515 [Worker-13: Download sources and javadoc] INFO  o.e.m.j.internal.DownloadSourcesJob - Downloaded sources for org.apache.tomcat.embed:tomcat-embed-el:10.1.42
2025-08-17 12:01:48,522 [Worker-13: Download sources and javadoc] INFO  o.e.m.j.internal.DownloadSourcesJob - Downloaded sources for org.springframework.boot:spring-boot-starter-web:3.5.3
2025-08-17 12:01:48,836 [Worker-13: Download sources and javadoc] INFO  o.e.m.c.i.e.AbstractTransferListenerAdapter - Downloading https://repo.maven.apache.org/maven2/nz/net/ultraq/thymeleaf/thymeleaf-layout-dialect/3.4.0/thymeleaf-layout-dialect-3.4.0-sources.jar
2025-08-17 12:01:49,261 [Worker-13: Download sources and javadoc] INFO  o.e.m.c.i.e.AbstractTransferListenerAdapter - Downloaded https://repo.maven.apache.org/maven2/nz/net/ultraq/thymeleaf/thymeleaf-layout-dialect/3.4.0/thymeleaf-layout-dialect-3.4.0-sources.jar
2025-08-17 12:01:49,278 [Worker-13: Download sources and javadoc] INFO  o.e.m.j.internal.DownloadSourcesJob - Downloaded sources for nz.net.ultraq.thymeleaf:thymeleaf-layout-dialect:3.4.0
2025-08-17 12:01:51,012 [Worker-13: Download sources and javadoc] INFO  o.e.m.c.i.e.AbstractTransferListenerAdapter - Downloading https://repo.maven.apache.org/maven2/org/apache/groovy/groovy/4.0.27/groovy-4.0.27-sources.jar
2025-08-17 12:01:52,564 [Worker-13: Download sources and javadoc] INFO  o.e.m.c.i.e.AbstractTransferListenerAdapter - Downloaded https://repo.maven.apache.org/maven2/org/apache/groovy/groovy/4.0.27/groovy-4.0.27-sources.jar
2025-08-17 12:01:52,571 [Worker-13: Download sources and javadoc] INFO  o.e.m.j.internal.DownloadSourcesJob - Downloaded sources for org.apache.groovy:groovy:4.0.27
2025-08-17 12:01:52,680 [Worker-13: Download sources and javadoc] INFO  o.e.m.c.i.e.AbstractTransferListenerAdapter - Downloading https://repo.maven.apache.org/maven2/nz/net/ultraq/groovy/groovy-extensions/2.3.3/groovy-extensions-2.3.3-sources.jar
2025-08-17 12:01:52,725 [Worker-13: Download sources and javadoc] INFO  o.e.m.c.i.e.AbstractTransferListenerAdapter - Downloaded https://repo.maven.apache.org/maven2/nz/net/ultraq/groovy/groovy-extensions/2.3.3/groovy-extensions-2.3.3-sources.jar
2025-08-17 12:01:52,732 [Worker-13: Download sources and javadoc] INFO  o.e.m.j.internal.DownloadSourcesJob - Downloaded sources for nz.net.ultraq.groovy:groovy-extensions:2.3.3
2025-08-17 12:01:52,818 [Worker-13: Download sources and javadoc] INFO  o.e.m.c.i.e.AbstractTransferListenerAdapter - Downloading https://repo.maven.apache.org/maven2/org/thymeleaf/thymeleaf/3.1.3.RELEASE/thymeleaf-3.1.3.RELEASE-sources.jar
2025-08-17 12:01:53,730 [Worker-13: Download sources and javadoc] INFO  o.e.m.c.i.e.AbstractTransferListenerAdapter - Downloaded https://repo.maven.apache.org/maven2/org/thymeleaf/thymeleaf/3.1.3.RELEASE/thymeleaf-3.1.3.RELEASE-sources.jar
2025-08-17 12:01:53,736 [Worker-13: Download sources and javadoc] INFO  o.e.m.j.internal.DownloadSourcesJob - Downloaded sources for org.thymeleaf:thymeleaf:3.1.3.RELEASE
2025-08-17 12:01:54,010 [Worker-13: Download sources and javadoc] INFO  o.e.m.c.i.e.AbstractTransferListenerAdapter - Downloading https://repo.maven.apache.org/maven2/org/thymeleaf/extras/thymeleaf-extras-springsecurity6/3.1.3.RELEASE/thymeleaf-extras-springsecurity6-3.1.3.RELEASE-sources.jar
2025-08-17 12:01:54,365 [Worker-13: Download sources and javadoc] INFO  o.e.m.c.i.e.AbstractTransferListenerAdapter - Downloaded https://repo.maven.apache.org/maven2/org/thymeleaf/extras/thymeleaf-extras-springsecurity6/3.1.3.RELEASE/thymeleaf-extras-springsecurity6-3.1.3.RELEASE-sources.jar
2025-08-17 12:01:54,368 [Worker-13: Download sources and javadoc] INFO  o.e.m.j.internal.DownloadSourcesJob - Downloaded sources for org.thymeleaf.extras:thymeleaf-extras-springsecurity6:3.1.3.RELEASE
2025-08-17 12:01:54,373 [Worker-13: Download sources and javadoc] INFO  o.e.m.j.internal.DownloadSourcesJob - Downloaded sources for org.springframework.boot:spring-boot-starter-security:3.5.3
2025-08-17 12:01:54,379 [Worker-13: Download sources and javadoc] INFO  o.e.m.j.internal.DownloadSourcesJob - Downloaded sources for org.springframework:spring-aop:6.2.8
2025-08-17 12:01:54,383 [Worker-13: Download sources and javadoc] INFO  o.e.m.j.internal.DownloadSourcesJob - Downloaded sources for org.springframework:spring-beans:6.2.8
2025-08-17 12:01:54,389 [Worker-13: Download sources and javadoc] INFO  o.e.m.j.internal.DownloadSourcesJob - Downloaded sources for org.springframework.security:spring-security-config:6.5.1
2025-08-17 12:01:54,400 [Worker-13: Download sources and javadoc] INFO  o.e.m.j.internal.DownloadSourcesJob - Downloaded sources for org.springframework.security:spring-security-web:6.5.1
2025-08-17 12:01:54,405 [Worker-13: Download sources and javadoc] INFO  o.e.m.j.internal.DownloadSourcesJob - Downloaded sources for org.springframework:spring-expression:6.2.8
2025-08-17 12:01:54,413 [Worker-13: Download sources and javadoc] INFO  o.e.m.j.internal.DownloadSourcesJob - Downloaded sources for org.springframework:spring-web:6.2.8
2025-08-17 12:01:54,753 [Worker-13: Download sources and javadoc] INFO  o.e.m.c.i.e.AbstractTransferListenerAdapter - Downloading https://repo.maven.apache.org/maven2/org/springframework/boot/spring-boot-starter-oauth2-client/3.5.3/spring-boot-starter-oauth2-client-3.5.3-sources.jar
2025-08-17 12:01:55,275 [Worker-13: Download sources and javadoc] INFO  o.e.m.c.i.e.AbstractTransferListenerAdapter - Downloaded https://repo.maven.apache.org/maven2/org/springframework/boot/spring-boot-starter-oauth2-client/3.5.3/spring-boot-starter-oauth2-client-3.5.3-sources.jar
2025-08-17 12:01:55,288 [Worker-13: Download sources and javadoc] INFO  o.e.m.j.internal.DownloadSourcesJob - Downloaded sources for org.springframework.boot:spring-boot-starter-oauth2-client:3.5.3
2025-08-17 12:01:55,302 [Worker-13: Download sources and javadoc] INFO  o.e.m.j.internal.DownloadSourcesJob - Downloaded sources for org.springframework.security:spring-security-core:6.5.1
2025-08-17 12:01:55,322 [Worker-13: Download sources and javadoc] INFO  o.e.m.j.internal.DownloadSourcesJob - Downloaded sources for org.springframework.security:spring-security-crypto:6.5.1
2025-08-17 12:01:56,132 [Worker-13: Download sources and javadoc] INFO  o.e.m.c.i.e.AbstractTransferListenerAdapter - Downloading https://repo.maven.apache.org/maven2/org/springframework/security/spring-security-oauth2-client/6.5.1/spring-security-oauth2-client-6.5.1-sources.jar
2025-08-17 12:01:56,586 [Worker-13: Download sources and javadoc] INFO  o.e.m.c.i.e.AbstractTransferListenerAdapter - Downloaded https://repo.maven.apache.org/maven2/org/springframework/security/spring-security-oauth2-client/6.5.1/spring-security-oauth2-client-6.5.1-sources.jar
2025-08-17 12:01:56,593 [Worker-13: Download sources and javadoc] INFO  o.e.m.j.internal.DownloadSourcesJob - Downloaded sources for org.springframework.security:spring-security-oauth2-client:6.5.1
2025-08-17 12:01:56,602 [Worker-13: Download sources and javadoc] INFO  o.e.m.j.internal.DownloadSourcesJob - Downloaded sources for org.springframework.security:spring-security-oauth2-core:6.5.1
2025-08-17 12:01:56,878 [Worker-13: Download sources and javadoc] INFO  o.e.m.c.i.e.AbstractTransferListenerAdapter - Downloading https://repo.maven.apache.org/maven2/com/nimbusds/oauth2-oidc-sdk/9.43.6/oauth2-oidc-sdk-9.43.6-sources.jar
2025-08-17 12:01:57,879 [Worker-13: Download sources and javadoc] INFO  o.e.m.c.i.e.AbstractTransferListenerAdapter - Downloaded https://repo.maven.apache.org/maven2/com/nimbusds/oauth2-oidc-sdk/9.43.6/oauth2-oidc-sdk-9.43.6-sources.jar
2025-08-17 12:01:57,884 [Worker-13: Download sources and javadoc] INFO  o.e.m.j.internal.DownloadSourcesJob - Downloaded sources for com.nimbusds:oauth2-oidc-sdk:9.43.6
2025-08-17 12:01:57,890 [Worker-13: Download sources and javadoc] INFO  o.e.m.j.internal.DownloadSourcesJob - Downloaded sources for org.springframework.security:spring-security-oauth2-jose:6.5.1
2025-08-17 12:01:57,897 [Worker-13: Download sources and javadoc] INFO  o.e.m.j.internal.DownloadSourcesJob - Downloaded sources for org.springframework.boot:spring-boot-starter-actuator:3.5.3
2025-08-17 12:01:57,903 [Worker-13: Download sources and javadoc] INFO  o.e.m.j.internal.DownloadSourcesJob - Downloaded sources for org.springframework.boot:spring-boot-actuator-autoconfigure:3.5.3
2025-08-17 12:01:57,940 [Worker-13: Download sources and javadoc] INFO  o.e.m.j.internal.DownloadSourcesJob - Downloaded sources for org.springframework.boot:spring-boot-actuator:3.5.3
2025-08-17 12:01:57,950 [Worker-13: Download sources and javadoc] INFO  o.e.m.j.internal.DownloadSourcesJob - Downloaded sources for com.fasterxml.jackson.core:jackson-databind:2.19.1
2025-08-17 12:01:57,964 [Worker-13: Download sources and javadoc] INFO  o.e.m.j.internal.DownloadSourcesJob - Downloaded sources for com.fasterxml.jackson.core:jackson-annotations:2.19.1
2025-08-17 12:01:57,969 [Worker-13: Download sources and javadoc] INFO  o.e.m.j.internal.DownloadSourcesJob - Downloaded sources for com.fasterxml.jackson.core:jackson-core:2.19.1
2025-08-17 12:01:57,973 [Worker-13: Download sources and javadoc] INFO  o.e.m.j.internal.DownloadSourcesJob - Downloaded sources for com.fasterxml.jackson.datatype:jackson-datatype-jsr310:2.19.1
2025-08-17 12:01:57,979 [Worker-13: Download sources and javadoc] INFO  o.e.m.j.internal.DownloadSourcesJob - Downloaded sources for io.micrometer:micrometer-observation:1.15.1
2025-08-17 12:01:57,983 [Worker-13: Download sources and javadoc] INFO  o.e.m.j.internal.DownloadSourcesJob - Downloaded sources for io.micrometer:micrometer-commons:1.15.1
2025-08-17 12:01:57,988 [Worker-13: Download sources and javadoc] INFO  o.e.m.j.internal.DownloadSourcesJob - Downloaded sources for io.micrometer:micrometer-jakarta9:1.15.1
2025-08-17 12:01:57,995 [Worker-13: Download sources and javadoc] INFO  o.e.m.j.internal.DownloadSourcesJob - Downloaded sources for io.micrometer:micrometer-registry-prometheus:1.15.1
2025-08-17 12:01:58,000 [Worker-13: Download sources and javadoc] INFO  o.e.m.j.internal.DownloadSourcesJob - Downloaded sources for io.micrometer:micrometer-core:1.15.1
2025-08-17 12:01:58,005 [Worker-13: Download sources and javadoc] INFO  o.e.m.j.internal.DownloadSourcesJob - Downloaded sources for io.prometheus:prometheus-metrics-core:1.3.8
2025-08-17 12:01:58,010 [Worker-13: Download sources and javadoc] INFO  o.e.m.j.internal.DownloadSourcesJob - Downloaded sources for io.prometheus:prometheus-metrics-model:1.3.8
2025-08-17 12:01:58,014 [Worker-13: Download sources and javadoc] INFO  o.e.m.j.internal.DownloadSourcesJob - Downloaded sources for io.prometheus:prometheus-metrics-config:1.3.8
2025-08-17 12:01:58,018 [Worker-13: Download sources and javadoc] INFO  o.e.m.j.internal.DownloadSourcesJob - Downloaded sources for io.prometheus:prometheus-metrics-tracer-common:1.3.8
2025-08-17 12:01:58,022 [Worker-13: Download sources and javadoc] INFO  o.e.m.j.internal.DownloadSourcesJob - Downloaded sources for io.prometheus:prometheus-metrics-exposition-formats:1.3.8
2025-08-17 12:01:58,027 [Worker-13: Download sources and javadoc] INFO  o.e.m.j.internal.DownloadSourcesJob - Downloaded sources for io.prometheus:prometheus-metrics-exposition-formats-no-protobuf:1.3.8
2025-08-17 12:01:58,031 [Worker-13: Download sources and javadoc] INFO  o.e.m.j.internal.DownloadSourcesJob - Downloaded sources for io.prometheus:prometheus-metrics-exposition-textformats:1.3.8
2025-08-17 12:01:58,035 [Worker-13: Download sources and javadoc] INFO  o.e.m.j.internal.DownloadSourcesJob - Downloaded sources for com.google.protobuf:protobuf-java:4.31.0
2025-08-17 12:01:58,042 [Worker-13: Download sources and javadoc] INFO  o.e.m.j.internal.DownloadSourcesJob - Downloaded sources for io.micrometer:micrometer-tracing-bridge-otel:1.5.1
2025-08-17 12:01:58,054 [Worker-13: Download sources and javadoc] INFO  o.e.m.j.internal.DownloadSourcesJob - Downloaded sources for io.micrometer:micrometer-tracing:1.5.1
2025-08-17 12:01:58,072 [Worker-13: Download sources and javadoc] INFO  o.e.m.j.internal.DownloadSourcesJob - Downloaded sources for io.micrometer:context-propagation:1.1.3
2025-08-17 12:01:58,080 [Worker-13: Download sources and javadoc] INFO  o.e.m.j.internal.DownloadSourcesJob - Downloaded sources for io.opentelemetry:opentelemetry-api:1.49.0
2025-08-17 12:01:58,085 [Worker-13: Download sources and javadoc] INFO  o.e.m.j.internal.DownloadSourcesJob - Downloaded sources for io.opentelemetry:opentelemetry-context:1.49.0
2025-08-17 12:01:58,091 [Worker-13: Download sources and javadoc] INFO  o.e.m.j.internal.DownloadSourcesJob - Downloaded sources for io.opentelemetry.semconv:opentelemetry-semconv:1.32.0
2025-08-17 12:01:58,097 [Worker-13: Download sources and javadoc] INFO  o.e.m.j.internal.DownloadSourcesJob - Downloaded sources for io.opentelemetry:opentelemetry-sdk-common:1.49.0
2025-08-17 12:01:58,104 [Worker-13: Download sources and javadoc] INFO  o.e.m.j.internal.DownloadSourcesJob - Downloaded sources for io.opentelemetry:opentelemetry-sdk-trace:1.49.0
2025-08-17 12:01:58,114 [Worker-13: Download sources and javadoc] INFO  o.e.m.j.internal.DownloadSourcesJob - Downloaded sources for io.opentelemetry:opentelemetry-sdk:1.49.0
2025-08-17 12:01:58,121 [Worker-13: Download sources and javadoc] INFO  o.e.m.j.internal.DownloadSourcesJob - Downloaded sources for io.opentelemetry:opentelemetry-sdk-metrics:1.49.0
2025-08-17 12:01:58,126 [Worker-13: Download sources and javadoc] INFO  o.e.m.j.internal.DownloadSourcesJob - Downloaded sources for io.opentelemetry:opentelemetry-sdk-logs:1.49.0
2025-08-17 12:01:58,133 [Worker-13: Download sources and javadoc] INFO  o.e.m.j.internal.DownloadSourcesJob - Downloaded sources for io.opentelemetry:opentelemetry-extension-trace-propagators:1.49.0
2025-08-17 12:01:58,138 [Worker-13: Download sources and javadoc] INFO  o.e.m.j.internal.DownloadSourcesJob - Downloaded sources for io.opentelemetry:opentelemetry-exporter-zipkin:1.49.0
2025-08-17 12:01:58,147 [Worker-13: Download sources and javadoc] INFO  o.e.m.j.internal.DownloadSourcesJob - Downloaded sources for io.zipkin.reporter2:zipkin-reporter:3.5.1
2025-08-17 12:01:58,152 [Worker-13: Download sources and javadoc] INFO  o.e.m.j.internal.DownloadSourcesJob - Downloaded sources for io.opentelemetry:opentelemetry-exporter-common:1.49.0
2025-08-17 12:01:58,158 [Worker-13: Download sources and javadoc] INFO  o.e.m.j.internal.DownloadSourcesJob - Downloaded sources for io.opentelemetry:opentelemetry-sdk-extension-autoconfigure-spi:1.49.0
2025-08-17 12:01:58,170 [Worker-13: Download sources and javadoc] INFO  o.e.m.j.internal.DownloadSourcesJob - Downloaded sources for io.zipkin.reporter2:zipkin-sender-okhttp3:3.5.1
2025-08-17 12:01:59,008 [Worker-13: Download sources and javadoc] INFO  o.e.m.c.i.e.AbstractTransferListenerAdapter - Downloaded https://repo.maven.apache.org/maven2/org/webjars/bootstrap/5.3.7/bootstrap-5.3.7-sources.jar
2025-08-17 12:01:59,016 [Worker-13: Download sources and javadoc] ERROR o.e.m.j.internal.DownloadSourcesJob - Could not download sources for org.webjars:bootstrap:5.3.7
org.eclipse.core.runtime.CoreException: Could not resolve artifact org.webjars:bootstrap:jar:sources:5.3.7
	at org.eclipse.m2e.core.internal.embedder.MavenImpl.lambda$6(MavenImpl.java:608) ~[na:na]
	at org.eclipse.m2e.core.internal.embedder.MavenExecutionContext.executeBare(MavenExecutionContext.java:350) ~[na:na]
	at org.eclipse.m2e.core.internal.embedder.MavenExecutionContext.execute(MavenExecutionContext.java:219) ~[na:na]
	at org.eclipse.m2e.core.internal.embedder.MavenExecutionContext.execute(MavenExecutionContext.java:205) ~[na:na]
	at org.eclipse.m2e.core.internal.embedder.MavenImpl.resolve(MavenImpl.java:577) ~[na:na]
	at org.eclipse.m2e.core.internal.embedder.MavenImpl.resolve(MavenImpl.java:562) ~[na:na]
	at org.eclipse.m2e.jdt.internal.DownloadSourcesJob.download(DownloadSourcesJob.java:308) ~[na:na]
	at org.eclipse.m2e.jdt.internal.DownloadSourcesJob.downloadAttachments(DownloadSourcesJob.java:282) ~[na:na]
	at org.eclipse.m2e.jdt.internal.DownloadSourcesJob.downloadMaven(DownloadSourcesJob.java:252) ~[na:na]
	at org.eclipse.m2e.jdt.internal.DownloadSourcesJob.downloadFilesAndPopulateToUpdate(DownloadSourcesJob.java:220) ~[na:na]
	at org.eclipse.m2e.jdt.internal.DownloadSourcesJob.lambda$0(DownloadSourcesJob.java:149) ~[na:na]
	at org.eclipse.m2e.core.internal.embedder.MavenExecutionContext.executeBare(MavenExecutionContext.java:350) ~[na:na]
	at org.eclipse.m2e.core.internal.embedder.MavenExecutionContext.execute(MavenExecutionContext.java:262) ~[na:na]
	at org.eclipse.m2e.core.internal.embedder.MavenExecutionContext.execute(MavenExecutionContext.java:205) ~[na:na]
	at org.eclipse.m2e.core.embedder.IMaven.execute(IMaven.java:270) ~[na:na]
	at org.eclipse.m2e.jdt.internal.DownloadSourcesJob.run(DownloadSourcesJob.java:149) ~[na:na]
	at org.eclipse.core.internal.jobs.Worker.run(Worker.java:63) ~[org.eclipse.core.jobs_3.13.100.v20220817-1539.jar:na]
2025-08-17 12:01:59,586 [Worker-13: Download sources and javadoc] INFO  o.e.m.c.i.e.AbstractTransferListenerAdapter - Downloaded https://repo.maven.apache.org/maven2/org/webjars/font-awesome/6.7.2/font-awesome-6.7.2-sources.jar
2025-08-17 12:01:59,600 [Worker-13: Download sources and javadoc] ERROR o.e.m.j.internal.DownloadSourcesJob - Could not download sources for org.webjars:font-awesome:6.7.2
org.eclipse.core.runtime.CoreException: Could not resolve artifact org.webjars:font-awesome:jar:sources:6.7.2
	at org.eclipse.m2e.core.internal.embedder.MavenImpl.lambda$6(MavenImpl.java:608) ~[na:na]
	at org.eclipse.m2e.core.internal.embedder.MavenExecutionContext.executeBare(MavenExecutionContext.java:350) ~[na:na]
	at org.eclipse.m2e.core.internal.embedder.MavenExecutionContext.execute(MavenExecutionContext.java:219) ~[na:na]
	at org.eclipse.m2e.core.internal.embedder.MavenExecutionContext.execute(MavenExecutionContext.java:205) ~[na:na]
	at org.eclipse.m2e.core.internal.embedder.MavenImpl.resolve(MavenImpl.java:577) ~[na:na]
	at org.eclipse.m2e.core.internal.embedder.MavenImpl.resolve(MavenImpl.java:562) ~[na:na]
	at org.eclipse.m2e.jdt.internal.DownloadSourcesJob.download(DownloadSourcesJob.java:308) ~[na:na]
	at org.eclipse.m2e.jdt.internal.DownloadSourcesJob.downloadAttachments(DownloadSourcesJob.java:282) ~[na:na]
	at org.eclipse.m2e.jdt.internal.DownloadSourcesJob.downloadMaven(DownloadSourcesJob.java:252) ~[na:na]
	at org.eclipse.m2e.jdt.internal.DownloadSourcesJob.downloadFilesAndPopulateToUpdate(DownloadSourcesJob.java:220) ~[na:na]
	at org.eclipse.m2e.jdt.internal.DownloadSourcesJob.lambda$0(DownloadSourcesJob.java:149) ~[na:na]
	at org.eclipse.m2e.core.internal.embedder.MavenExecutionContext.executeBare(MavenExecutionContext.java:350) ~[na:na]
	at org.eclipse.m2e.core.internal.embedder.MavenExecutionContext.execute(MavenExecutionContext.java:262) ~[na:na]
	at org.eclipse.m2e.core.internal.embedder.MavenExecutionContext.execute(MavenExecutionContext.java:205) ~[na:na]
	at org.eclipse.m2e.core.embedder.IMaven.execute(IMaven.java:270) ~[na:na]
	at org.eclipse.m2e.jdt.internal.DownloadSourcesJob.run(DownloadSourcesJob.java:149) ~[na:na]
	at org.eclipse.core.internal.jobs.Worker.run(Worker.java:63) ~[org.eclipse.core.jobs_3.13.100.v20220817-1539.jar:na]
2025-08-17 12:01:59,941 [Worker-13: Download sources and javadoc] INFO  o.e.m.c.i.e.AbstractTransferListenerAdapter - Downloaded https://repo.maven.apache.org/maven2/org/webjars/npm/alpinejs/3.14.9/alpinejs-3.14.9-sources.jar
2025-08-17 12:01:59,953 [Worker-13: Download sources and javadoc] ERROR o.e.m.j.internal.DownloadSourcesJob - Could not download sources for org.webjars.npm:alpinejs:3.14.9
org.eclipse.core.runtime.CoreException: Could not resolve artifact org.webjars.npm:alpinejs:jar:sources:3.14.9
	at org.eclipse.m2e.core.internal.embedder.MavenImpl.lambda$6(MavenImpl.java:608) ~[na:na]
	at org.eclipse.m2e.core.internal.embedder.MavenExecutionContext.executeBare(MavenExecutionContext.java:350) ~[na:na]
	at org.eclipse.m2e.core.internal.embedder.MavenExecutionContext.execute(MavenExecutionContext.java:219) ~[na:na]
	at org.eclipse.m2e.core.internal.embedder.MavenExecutionContext.execute(MavenExecutionContext.java:205) ~[na:na]
	at org.eclipse.m2e.core.internal.embedder.MavenImpl.resolve(MavenImpl.java:577) ~[na:na]
	at org.eclipse.m2e.core.internal.embedder.MavenImpl.resolve(MavenImpl.java:562) ~[na:na]
	at org.eclipse.m2e.jdt.internal.DownloadSourcesJob.download(DownloadSourcesJob.java:308) ~[na:na]
	at org.eclipse.m2e.jdt.internal.DownloadSourcesJob.downloadAttachments(DownloadSourcesJob.java:282) ~[na:na]
	at org.eclipse.m2e.jdt.internal.DownloadSourcesJob.downloadMaven(DownloadSourcesJob.java:252) ~[na:na]
	at org.eclipse.m2e.jdt.internal.DownloadSourcesJob.downloadFilesAndPopulateToUpdate(DownloadSourcesJob.java:220) ~[na:na]
	at org.eclipse.m2e.jdt.internal.DownloadSourcesJob.lambda$0(DownloadSourcesJob.java:149) ~[na:na]
	at org.eclipse.m2e.core.internal.embedder.MavenExecutionContext.executeBare(MavenExecutionContext.java:350) ~[na:na]
	at org.eclipse.m2e.core.internal.embedder.MavenExecutionContext.execute(MavenExecutionContext.java:262) ~[na:na]
	at org.eclipse.m2e.core.internal.embedder.MavenExecutionContext.execute(MavenExecutionContext.java:205) ~[na:na]
	at org.eclipse.m2e.core.embedder.IMaven.execute(IMaven.java:270) ~[na:na]
	at org.eclipse.m2e.jdt.internal.DownloadSourcesJob.run(DownloadSourcesJob.java:149) ~[na:na]
	at org.eclipse.core.internal.jobs.Worker.run(Worker.java:63) ~[org.eclipse.core.jobs_3.13.100.v20220817-1539.jar:na]
2025-08-17 12:01:59,967 [Worker-13: Download sources and javadoc] INFO  o.e.m.j.internal.DownloadSourcesJob - Downloaded sources for org.springframework.boot:spring-boot-devtools:3.5.3
2025-08-17 12:01:59,976 [Worker-13: Download sources and javadoc] INFO  o.e.m.j.internal.DownloadSourcesJob - Downloaded sources for org.springframework.boot:spring-boot-configuration-processor:3.5.3
2025-08-17 12:01:59,985 [Worker-13: Download sources and javadoc] INFO  o.e.m.j.internal.DownloadSourcesJob - Downloaded sources for org.springframework.boot:spring-boot-starter-test:3.5.3
2025-08-17 12:01:59,990 [Worker-13: Download sources and javadoc] INFO  o.e.m.j.internal.DownloadSourcesJob - Downloaded sources for org.springframework.boot:spring-boot-test:3.5.3
2025-08-17 12:01:59,995 [Worker-13: Download sources and javadoc] INFO  o.e.m.j.internal.DownloadSourcesJob - Downloaded sources for org.springframework.boot:spring-boot-test-autoconfigure:3.5.3
2025-08-17 12:02:00,000 [Worker-13: Download sources and javadoc] INFO  o.e.m.j.internal.DownloadSourcesJob - Downloaded sources for org.springframework:spring-core:6.2.8
2025-08-17 12:02:00,009 [Worker-13: Download sources and javadoc] INFO  o.e.m.j.internal.DownloadSourcesJob - Downloaded sources for org.springframework:spring-jcl:6.2.8
2025-08-17 12:02:00,017 [Worker-13: Download sources and javadoc] INFO  o.e.m.j.internal.DownloadSourcesJob - Downloaded sources for org.springframework:spring-test:6.2.8
2025-08-17 12:02:00,024 [Worker-13: Download sources and javadoc] INFO  o.e.m.j.internal.DownloadSourcesJob - Downloaded sources for org.xmlunit:xmlunit-core:2.10.2
2025-08-17 12:02:00,030 [Worker-13: Download sources and javadoc] INFO  o.e.m.j.internal.DownloadSourcesJob - Downloaded sources for org.springframework.security:spring-security-test:6.5.1
2025-08-17 12:08:26,408 [Worker-1: Building] ERROR o.e.m.c.i.p.r.ProjectRegistryManager - Could not read pom.xml
org.eclipse.core.runtime.CoreException: Could not read pom.xml
	at org.eclipse.m2e.core.internal.IMavenToolbox.readModel(IMavenToolbox.java:134) ~[na:na]
	at org.eclipse.m2e.core.internal.project.registry.ProjectRegistryManager.refreshPhase2(ProjectRegistryManager.java:571) ~[na:na]
	at org.eclipse.m2e.core.internal.project.registry.ProjectRegistryManager.refresh(ProjectRegistryManager.java:525) ~[na:na]
	at org.eclipse.m2e.core.internal.project.registry.ProjectRegistryManager.refresh(ProjectRegistryManager.java:367) ~[na:na]
	at org.eclipse.m2e.core.internal.project.registry.ProjectRegistryManager.refresh(ProjectRegistryManager.java:321) ~[na:na]
	at org.eclipse.m2e.core.internal.builder.MavenBuilder$BuildMethod.getProjectFacade(MavenBuilder.java:150) ~[na:na]
	at org.eclipse.m2e.core.internal.builder.MavenBuilder$BuildMethod.lambda$0(MavenBuilder.java:88) ~[na:na]
	at org.eclipse.m2e.core.internal.embedder.MavenExecutionContext.executeBare(MavenExecutionContext.java:350) ~[na:na]
	at org.eclipse.m2e.core.internal.embedder.MavenExecutionContext.execute(MavenExecutionContext.java:262) ~[na:na]
	at org.eclipse.m2e.core.internal.embedder.MavenExecutionContext.execute(MavenExecutionContext.java:205) ~[na:na]
	at org.eclipse.m2e.core.internal.builder.MavenBuilder$BuildMethod.execute(MavenBuilder.java:87) ~[na:na]
	at org.eclipse.m2e.core.internal.builder.MavenBuilder.build(MavenBuilder.java:197) ~[na:na]
	at org.eclipse.core.internal.events.BuildManager$2.run(BuildManager.java:1024) ~[na:na]
	at org.eclipse.core.runtime.SafeRunner.run(SafeRunner.java:45) ~[org.eclipse.equinox.common_3.16.200.v20220817-1601.jar:na]
	at org.eclipse.core.internal.events.BuildManager.basicBuild(BuildManager.java:254) ~[na:na]
	at org.eclipse.core.internal.events.BuildManager.basicBuild(BuildManager.java:311) ~[na:na]
	at org.eclipse.core.internal.events.BuildManager$1.run(BuildManager.java:400) ~[na:na]
	at org.eclipse.core.runtime.SafeRunner.run(SafeRunner.java:45) ~[org.eclipse.equinox.common_3.16.200.v20220817-1601.jar:na]
	at org.eclipse.core.internal.events.BuildManager.basicBuild(BuildManager.java:403) ~[na:na]
	at org.eclipse.core.internal.events.BuildManager.basicBuildLoop(BuildManager.java:514) ~[na:na]
	at org.eclipse.core.internal.events.BuildManager.basicBuildLoop(BuildManager.java:462) ~[na:na]
	at org.eclipse.core.internal.events.BuildManager.build(BuildManager.java:544) ~[na:na]
	at org.eclipse.core.internal.events.AutoBuildJob.doBuild(AutoBuildJob.java:161) ~[na:na]
	at org.eclipse.core.internal.events.AutoBuildJob.run(AutoBuildJob.java:255) ~[na:na]
	at org.eclipse.core.internal.jobs.Worker.run(Worker.java:63) ~[org.eclipse.core.jobs_3.13.100.v20220817-1539.jar:na]
Caused by: org.apache.maven.model.io.ModelParseException: Unrecognised tag: 'groupId' (position: START_TAG seen ...</dependency>\n\n            <groupId>... @53:22) 
	at org.apache.maven.model.io.DefaultModelReader.read(DefaultModelReader.java:117) ~[na:na]
	at org.apache.maven.model.io.DefaultModelReader.read(DefaultModelReader.java:85) ~[na:na]
	at org.eclipse.m2e.core.internal.IMavenToolbox.readModel(IMavenToolbox.java:132) ~[na:na]
	... 24 common frames omitted
Caused by: org.codehaus.plexus.util.xml.pull.XmlPullParserException: Unrecognised tag: 'groupId' (position: START_TAG seen ...</dependency>\n\n            <groupId>... @53:22) 
	at org.apache.maven.model.io.xpp3.MavenXpp3Reader.checkUnknownElement(MavenXpp3Reader.java:178) ~[na:na]
	at org.apache.maven.model.io.xpp3.MavenXpp3Reader.parseModel(MavenXpp3Reader.java:2243) ~[na:na]
	at org.apache.maven.model.io.xpp3.MavenXpp3Reader.read(MavenXpp3Reader.java:3872) ~[na:na]
	at org.apache.maven.model.io.xpp3.MavenXpp3Reader.read(MavenXpp3Reader.java:595) ~[na:na]
	at org.apache.maven.model.io.DefaultModelReader.read(DefaultModelReader.java:112) ~[na:na]
	... 26 common frames omitted
2025-08-17 12:08:34,628 [Worker-20: Building] INFO  o.e.m.c.i.l.LifecycleMappingFactory - Using org.eclipse.m2e.jdt.JarLifecycleMapping lifecycle mapping for MavenProject: com.sivalabs.bookstore:api-gateway:0.0.1-SNAPSHOT @ D:\Eclipse_workspace\book store\api-gateway\pom.xml.
2025-08-17 12:08:40,164 [Worker-21: Download sources and javadoc] INFO  o.e.m.c.i.e.AbstractTransferListenerAdapter - Downloaded https://repo.spring.io/milestone/org/springframework/cloud/spring-cloud-starter-gateway-server-webflux/4.3.0/spring-cloud-starter-gateway-server-webflux-4.3.0-javadoc.jar
2025-08-17 12:08:40,974 [Worker-21: Download sources and javadoc] INFO  o.e.m.c.i.e.AbstractTransferListenerAdapter - Downloading https://repo.maven.apache.org/maven2/org/springframework/cloud/spring-cloud-starter-gateway-server-webflux/4.3.0/spring-cloud-starter-gateway-server-webflux-4.3.0-javadoc.jar
2025-08-17 12:08:41,328 [Worker-21: Download sources and javadoc] INFO  o.e.m.c.i.e.AbstractTransferListenerAdapter - Downloaded https://repo.maven.apache.org/maven2/org/springframework/cloud/spring-cloud-starter-gateway-server-webflux/4.3.0/spring-cloud-starter-gateway-server-webflux-4.3.0-javadoc.jar
2025-08-17 12:08:41,339 [Worker-21: Download sources and javadoc] INFO  o.e.m.j.internal.DownloadSourcesJob - Downloaded javadoc for org.springframework.cloud:spring-cloud-starter-gateway-server-webflux:4.3.0
2025-08-17 12:08:42,591 [Worker-21: Download sources and javadoc] INFO  o.e.m.c.i.e.AbstractTransferListenerAdapter - Downloaded https://repo.spring.io/milestone/org/webjars/swagger-ui/5.21.0/swagger-ui-5.21.0-javadoc.jar
2025-08-17 12:08:43,048 [Worker-21: Download sources and javadoc] INFO  o.e.m.c.i.e.AbstractTransferListenerAdapter - Downloaded https://repo.maven.apache.org/maven2/org/webjars/swagger-ui/5.21.0/swagger-ui-5.21.0-javadoc.jar
2025-08-17 12:08:43,058 [Worker-21: Download sources and javadoc] ERROR o.e.m.j.internal.DownloadSourcesJob - Could not download javadoc for org.webjars:swagger-ui:5.21.0
org.eclipse.core.runtime.CoreException: Could not resolve artifact org.webjars:swagger-ui:jar:javadoc:5.21.0
	at org.eclipse.m2e.core.internal.embedder.MavenImpl.lambda$6(MavenImpl.java:608) ~[na:na]
	at org.eclipse.m2e.core.internal.embedder.MavenExecutionContext.executeBare(MavenExecutionContext.java:350) ~[na:na]
	at org.eclipse.m2e.core.internal.embedder.MavenExecutionContext.execute(MavenExecutionContext.java:219) ~[na:na]
	at org.eclipse.m2e.core.internal.embedder.MavenExecutionContext.execute(MavenExecutionContext.java:205) ~[na:na]
	at org.eclipse.m2e.core.internal.embedder.MavenImpl.resolve(MavenImpl.java:577) ~[na:na]
	at org.eclipse.m2e.core.internal.embedder.MavenImpl.resolve(MavenImpl.java:562) ~[na:na]
	at org.eclipse.m2e.jdt.internal.DownloadSourcesJob.download(DownloadSourcesJob.java:308) ~[na:na]
	at org.eclipse.m2e.jdt.internal.DownloadSourcesJob.downloadAttachments(DownloadSourcesJob.java:294) ~[na:na]
	at org.eclipse.m2e.jdt.internal.DownloadSourcesJob.downloadMaven(DownloadSourcesJob.java:252) ~[na:na]
	at org.eclipse.m2e.jdt.internal.DownloadSourcesJob.downloadFilesAndPopulateToUpdate(DownloadSourcesJob.java:220) ~[na:na]
	at org.eclipse.m2e.jdt.internal.DownloadSourcesJob.lambda$0(DownloadSourcesJob.java:149) ~[na:na]
	at org.eclipse.m2e.core.internal.embedder.MavenExecutionContext.executeBare(MavenExecutionContext.java:350) ~[na:na]
	at org.eclipse.m2e.core.internal.embedder.MavenExecutionContext.execute(MavenExecutionContext.java:262) ~[na:na]
	at org.eclipse.m2e.core.internal.embedder.MavenExecutionContext.execute(MavenExecutionContext.java:205) ~[na:na]
	at org.eclipse.m2e.core.embedder.IMaven.execute(IMaven.java:270) ~[na:na]
	at org.eclipse.m2e.jdt.internal.DownloadSourcesJob.run(DownloadSourcesJob.java:149) ~[na:na]
	at org.eclipse.core.internal.jobs.Worker.run(Worker.java:63) ~[org.eclipse.core.jobs_3.13.100.v20220817-1539.jar:na]
2025-08-17 12:11:56,356 [Worker-1: Updating Maven Project] INFO  o.e.m.c.i.p.ProjectConfigurationManager - Update started
2025-08-17 12:11:58,466 [Worker-1: Updating Maven Project] INFO  o.e.m.c.i.l.LifecycleMappingFactory - Using org.eclipse.m2e.jdt.JarLifecycleMapping lifecycle mapping for MavenProject: com.sivalabs:catalog-service:0.0.1-SNAPSHOT @ D:\Eclipse_workspace\book store\catalog-service\pom.xml.
2025-08-17 12:11:59,559 [Worker-1: Updating Maven Project] INFO  o.e.m.c.i.l.LifecycleMappingFactory - Using org.eclipse.m2e.jdt.JarLifecycleMapping lifecycle mapping for MavenProject: com.sivalabs:notification-service:0.0.1-SNAPSHOT @ D:\Eclipse_workspace\book store\notification-service\pom.xml.
2025-08-17 12:11:59,818 [Worker-1: Updating Maven Project] INFO  o.e.m.c.i.l.LifecycleMappingFactory - Using org.eclipse.m2e.jdt.JarLifecycleMapping lifecycle mapping for MavenProject: com.sivalabs:order-service:0.0.1-SNAPSHOT @ D:\Eclipse_workspace\book store\order-service\pom.xml.
2025-08-17 12:12:00,611 [AetherRepositoryConnector-repo.maven.apache.org-3-3] INFO  o.e.m.c.i.e.AbstractTransferListenerAdapter - Downloading https://repo.maven.apache.org/maven2/org/springframework/security/spring-security-oauth2-resource-server/6.5.1/spring-security-oauth2-resource-server-6.5.1.jar
2025-08-17 12:12:00,627 [AetherRepositoryConnector-repo.maven.apache.org-3-0] INFO  o.e.m.c.i.e.AbstractTransferListenerAdapter - Downloading https://repo.maven.apache.org/maven2/org/springframework/boot/spring-boot-starter-oauth2-resource-server/3.5.3/spring-boot-starter-oauth2-resource-server-3.5.3.jar
2025-08-17 12:12:00,627 [AetherRepositoryConnector-repo.maven.apache.org-3-1] INFO  o.e.m.c.i.e.AbstractTransferListenerAdapter - Downloading https://repo.maven.apache.org/maven2/org/springframework/security/spring-security-config/6.5.1/spring-security-config-6.5.1.jar
2025-08-17 12:12:00,690 [AetherRepositoryConnector-repo.maven.apache.org-3-4] INFO  o.e.m.c.i.e.AbstractTransferListenerAdapter - Downloading https://repo.maven.apache.org/maven2/org/springframework/security/spring-security-oauth2-core/6.5.1/spring-security-oauth2-core-6.5.1.jar
2025-08-17 12:12:00,690 [AetherRepositoryConnector-repo.maven.apache.org-3-2] INFO  o.e.m.c.i.e.AbstractTransferListenerAdapter - Downloading https://repo.maven.apache.org/maven2/org/springframework/security/spring-security-core/6.5.1/spring-security-core-6.5.1.jar
2025-08-17 12:12:01,140 [AetherRepositoryConnector-repo.maven.apache.org-3-4] INFO  o.e.m.c.i.e.AbstractTransferListenerAdapter - Downloaded https://repo.maven.apache.org/maven2/org/springframework/security/spring-security-oauth2-core/6.5.1/spring-security-oauth2-core-6.5.1.jar
2025-08-17 12:12:01,242 [AetherRepositoryConnector-repo.maven.apache.org-3-0] INFO  o.e.m.c.i.e.AbstractTransferListenerAdapter - Downloaded https://repo.maven.apache.org/maven2/org/springframework/boot/spring-boot-starter-oauth2-resource-server/3.5.3/spring-boot-starter-oauth2-resource-server-3.5.3.jar
2025-08-17 12:12:01,349 [AetherRepositoryConnector-repo.maven.apache.org-3-4] INFO  o.e.m.c.i.e.AbstractTransferListenerAdapter - Downloading https://repo.maven.apache.org/maven2/org/springframework/security/spring-security-oauth2-jose/6.5.1/spring-security-oauth2-jose-6.5.1.jar
2025-08-17 12:12:01,354 [AetherRepositoryConnector-repo.maven.apache.org-3-2] INFO  o.e.m.c.i.e.AbstractTransferListenerAdapter - Downloaded https://repo.maven.apache.org/maven2/org/springframework/security/spring-security-core/6.5.1/spring-security-core-6.5.1.jar
2025-08-17 12:12:01,355 [AetherRepositoryConnector-repo.maven.apache.org-3-3] INFO  o.e.m.c.i.e.AbstractTransferListenerAdapter - Downloaded https://repo.maven.apache.org/maven2/org/springframework/security/spring-security-oauth2-resource-server/6.5.1/spring-security-oauth2-resource-server-6.5.1.jar
2025-08-17 12:12:01,379 [AetherRepositoryConnector-repo.maven.apache.org-3-0] INFO  o.e.m.c.i.e.AbstractTransferListenerAdapter - Downloading https://repo.maven.apache.org/maven2/org/springframework/boot/spring-boot-starter-security/3.5.3/spring-boot-starter-security-3.5.3.jar
2025-08-17 12:12:01,415 [AetherRepositoryConnector-repo.maven.apache.org-3-2] INFO  o.e.m.c.i.e.AbstractTransferListenerAdapter - Downloading https://repo.maven.apache.org/maven2/org/springframework/security/spring-security-web/6.5.1/spring-security-web-6.5.1.jar
2025-08-17 12:12:01,427 [AetherRepositoryConnector-repo.maven.apache.org-3-3] INFO  o.e.m.c.i.e.AbstractTransferListenerAdapter - Downloading https://repo.maven.apache.org/maven2/io/github/resilience4j/resilience4j-spring-boot3/2.3.0/resilience4j-spring-boot3-2.3.0.jar
2025-08-17 12:12:01,433 [AetherRepositoryConnector-repo.maven.apache.org-3-1] INFO  o.e.m.c.i.e.AbstractTransferListenerAdapter - Downloaded https://repo.maven.apache.org/maven2/org/springframework/security/spring-security-config/6.5.1/spring-security-config-6.5.1.jar
2025-08-17 12:12:01,665 [AetherRepositoryConnector-repo.maven.apache.org-3-1] INFO  o.e.m.c.i.e.AbstractTransferListenerAdapter - Downloading https://repo.maven.apache.org/maven2/io/github/resilience4j/resilience4j-spring6/2.3.0/resilience4j-spring6-2.3.0.jar
2025-08-17 12:12:01,670 [AetherRepositoryConnector-repo.maven.apache.org-3-4] INFO  o.e.m.c.i.e.AbstractTransferListenerAdapter - Downloaded https://repo.maven.apache.org/maven2/org/springframework/security/spring-security-oauth2-jose/6.5.1/spring-security-oauth2-jose-6.5.1.jar
2025-08-17 12:12:01,670 [AetherRepositoryConnector-repo.maven.apache.org-3-0] INFO  o.e.m.c.i.e.AbstractTransferListenerAdapter - Downloaded https://repo.maven.apache.org/maven2/org/springframework/boot/spring-boot-starter-security/3.5.3/spring-boot-starter-security-3.5.3.jar
2025-08-17 12:12:01,671 [AetherRepositoryConnector-repo.maven.apache.org-3-3] INFO  o.e.m.c.i.e.AbstractTransferListenerAdapter - Downloaded https://repo.maven.apache.org/maven2/io/github/resilience4j/resilience4j-spring-boot3/2.3.0/resilience4j-spring-boot3-2.3.0.jar
2025-08-17 12:12:01,715 [AetherRepositoryConnector-repo.maven.apache.org-3-0] INFO  o.e.m.c.i.e.AbstractTransferListenerAdapter - Downloading https://repo.maven.apache.org/maven2/io/github/resilience4j/resilience4j-consumer/2.3.0/resilience4j-consumer-2.3.0.jar
2025-08-17 12:12:01,716 [AetherRepositoryConnector-repo.maven.apache.org-3-4] INFO  o.e.m.c.i.e.AbstractTransferListenerAdapter - Downloading https://repo.maven.apache.org/maven2/io/github/resilience4j/resilience4j-annotations/2.3.0/resilience4j-annotations-2.3.0.jar
2025-08-17 12:12:01,775 [AetherRepositoryConnector-repo.maven.apache.org-3-3] INFO  o.e.m.c.i.e.AbstractTransferListenerAdapter - Downloading https://repo.maven.apache.org/maven2/io/github/resilience4j/resilience4j-core/2.3.0/resilience4j-core-2.3.0.jar
2025-08-17 12:12:01,787 [AetherRepositoryConnector-repo.maven.apache.org-3-0] INFO  o.e.m.c.i.e.AbstractTransferListenerAdapter - Downloaded https://repo.maven.apache.org/maven2/io/github/resilience4j/resilience4j-consumer/2.3.0/resilience4j-consumer-2.3.0.jar
2025-08-17 12:12:01,791 [AetherRepositoryConnector-repo.maven.apache.org-3-2] INFO  o.e.m.c.i.e.AbstractTransferListenerAdapter - Downloaded https://repo.maven.apache.org/maven2/org/springframework/security/spring-security-web/6.5.1/spring-security-web-6.5.1.jar
2025-08-17 12:12:01,792 [AetherRepositoryConnector-repo.maven.apache.org-3-1] INFO  o.e.m.c.i.e.AbstractTransferListenerAdapter - Downloaded https://repo.maven.apache.org/maven2/io/github/resilience4j/resilience4j-spring6/2.3.0/resilience4j-spring6-2.3.0.jar
2025-08-17 12:12:01,833 [AetherRepositoryConnector-repo.maven.apache.org-3-4] INFO  o.e.m.c.i.e.AbstractTransferListenerAdapter - Downloaded https://repo.maven.apache.org/maven2/io/github/resilience4j/resilience4j-annotations/2.3.0/resilience4j-annotations-2.3.0.jar
2025-08-17 12:12:01,841 [AetherRepositoryConnector-repo.maven.apache.org-3-0] INFO  o.e.m.c.i.e.AbstractTransferListenerAdapter - Downloading https://repo.maven.apache.org/maven2/io/github/resilience4j/resilience4j-circularbuffer/2.3.0/resilience4j-circularbuffer-2.3.0.jar
2025-08-17 12:12:01,863 [AetherRepositoryConnector-repo.maven.apache.org-3-1] INFO  o.e.m.c.i.e.AbstractTransferListenerAdapter - Downloading https://repo.maven.apache.org/maven2/io/github/resilience4j/resilience4j-micrometer/2.3.0/resilience4j-micrometer-2.3.0.jar
2025-08-17 12:12:01,865 [AetherRepositoryConnector-repo.maven.apache.org-3-2] INFO  o.e.m.c.i.e.AbstractTransferListenerAdapter - Downloading https://repo.maven.apache.org/maven2/io/github/resilience4j/resilience4j-framework-common/2.3.0/resilience4j-framework-common-2.3.0.jar
2025-08-17 12:12:01,876 [AetherRepositoryConnector-repo.maven.apache.org-3-3] INFO  o.e.m.c.i.e.AbstractTransferListenerAdapter - Downloaded https://repo.maven.apache.org/maven2/io/github/resilience4j/resilience4j-core/2.3.0/resilience4j-core-2.3.0.jar
2025-08-17 12:12:01,897 [AetherRepositoryConnector-repo.maven.apache.org-3-4] INFO  o.e.m.c.i.e.AbstractTransferListenerAdapter - Downloading https://repo.maven.apache.org/maven2/io/github/resilience4j/resilience4j-bulkhead/2.3.0/resilience4j-bulkhead-2.3.0.jar
2025-08-17 12:12:01,950 [AetherRepositoryConnector-repo.maven.apache.org-3-3] INFO  o.e.m.c.i.e.AbstractTransferListenerAdapter - Downloading https://repo.maven.apache.org/maven2/io/github/resilience4j/resilience4j-circuitbreaker/2.3.0/resilience4j-circuitbreaker-2.3.0.jar
2025-08-17 12:12:01,963 [AetherRepositoryConnector-repo.maven.apache.org-3-0] INFO  o.e.m.c.i.e.AbstractTransferListenerAdapter - Downloaded https://repo.maven.apache.org/maven2/io/github/resilience4j/resilience4j-circularbuffer/2.3.0/resilience4j-circularbuffer-2.3.0.jar
2025-08-17 12:12:02,008 [AetherRepositoryConnector-repo.maven.apache.org-3-4] INFO  o.e.m.c.i.e.AbstractTransferListenerAdapter - Downloaded https://repo.maven.apache.org/maven2/io/github/resilience4j/resilience4j-bulkhead/2.3.0/resilience4j-bulkhead-2.3.0.jar
2025-08-17 12:12:02,009 [AetherRepositoryConnector-repo.maven.apache.org-3-1] INFO  o.e.m.c.i.e.AbstractTransferListenerAdapter - Downloaded https://repo.maven.apache.org/maven2/io/github/resilience4j/resilience4j-micrometer/2.3.0/resilience4j-micrometer-2.3.0.jar
2025-08-17 12:12:02,010 [AetherRepositoryConnector-repo.maven.apache.org-3-0] INFO  o.e.m.c.i.e.AbstractTransferListenerAdapter - Downloading https://repo.maven.apache.org/maven2/io/github/resilience4j/resilience4j-retry/2.3.0/resilience4j-retry-2.3.0.jar
2025-08-17 12:12:02,037 [AetherRepositoryConnector-repo.maven.apache.org-3-3] INFO  o.e.m.c.i.e.AbstractTransferListenerAdapter - Downloaded https://repo.maven.apache.org/maven2/io/github/resilience4j/resilience4j-circuitbreaker/2.3.0/resilience4j-circuitbreaker-2.3.0.jar
2025-08-17 12:12:02,054 [AetherRepositoryConnector-repo.maven.apache.org-3-4] INFO  o.e.m.c.i.e.AbstractTransferListenerAdapter - Downloading https://repo.maven.apache.org/maven2/io/github/resilience4j/resilience4j-ratelimiter/2.3.0/resilience4j-ratelimiter-2.3.0.jar
2025-08-17 12:12:02,054 [AetherRepositoryConnector-repo.maven.apache.org-3-1] INFO  o.e.m.c.i.e.AbstractTransferListenerAdapter - Downloading https://repo.maven.apache.org/maven2/io/github/resilience4j/resilience4j-timelimiter/2.3.0/resilience4j-timelimiter-2.3.0.jar
2025-08-17 12:12:02,087 [AetherRepositoryConnector-repo.maven.apache.org-3-0] INFO  o.e.m.c.i.e.AbstractTransferListenerAdapter - Downloaded https://repo.maven.apache.org/maven2/io/github/resilience4j/resilience4j-retry/2.3.0/resilience4j-retry-2.3.0.jar
2025-08-17 12:12:02,094 [AetherRepositoryConnector-repo.maven.apache.org-3-3] INFO  o.e.m.c.i.e.AbstractTransferListenerAdapter - Downloading https://repo.maven.apache.org/maven2/net/javacrumbs/shedlock/shedlock-spring/6.9.2/shedlock-spring-6.9.2.jar
2025-08-17 12:12:02,119 [AetherRepositoryConnector-repo.maven.apache.org-3-4] INFO  o.e.m.c.i.e.AbstractTransferListenerAdapter - Downloaded https://repo.maven.apache.org/maven2/io/github/resilience4j/resilience4j-ratelimiter/2.3.0/resilience4j-ratelimiter-2.3.0.jar
2025-08-17 12:12:02,119 [AetherRepositoryConnector-repo.maven.apache.org-3-1] INFO  o.e.m.c.i.e.AbstractTransferListenerAdapter - Downloaded https://repo.maven.apache.org/maven2/io/github/resilience4j/resilience4j-timelimiter/2.3.0/resilience4j-timelimiter-2.3.0.jar
2025-08-17 12:12:02,138 [AetherRepositoryConnector-repo.maven.apache.org-3-0] INFO  o.e.m.c.i.e.AbstractTransferListenerAdapter - Downloading https://repo.maven.apache.org/maven2/net/javacrumbs/shedlock/shedlock-core/6.9.2/shedlock-core-6.9.2.jar
2025-08-17 12:12:02,158 [AetherRepositoryConnector-repo.maven.apache.org-3-3] INFO  o.e.m.c.i.e.AbstractTransferListenerAdapter - Downloaded https://repo.maven.apache.org/maven2/net/javacrumbs/shedlock/shedlock-spring/6.9.2/shedlock-spring-6.9.2.jar
2025-08-17 12:12:02,174 [AetherRepositoryConnector-repo.maven.apache.org-3-4] INFO  o.e.m.c.i.e.AbstractTransferListenerAdapter - Downloading https://repo.maven.apache.org/maven2/net/javacrumbs/shedlock/shedlock-provider-jdbc-template/6.9.2/shedlock-provider-jdbc-template-6.9.2.jar
2025-08-17 12:12:02,174 [AetherRepositoryConnector-repo.maven.apache.org-3-1] INFO  o.e.m.c.i.e.AbstractTransferListenerAdapter - Downloading https://repo.maven.apache.org/maven2/org/instancio/instancio-junit/5.4.1/instancio-junit-5.4.1.jar
2025-08-17 12:12:02,198 [AetherRepositoryConnector-repo.maven.apache.org-3-0] INFO  o.e.m.c.i.e.AbstractTransferListenerAdapter - Downloaded https://repo.maven.apache.org/maven2/net/javacrumbs/shedlock/shedlock-core/6.9.2/shedlock-core-6.9.2.jar
2025-08-17 12:12:02,244 [AetherRepositoryConnector-repo.maven.apache.org-3-4] INFO  o.e.m.c.i.e.AbstractTransferListenerAdapter - Downloaded https://repo.maven.apache.org/maven2/net/javacrumbs/shedlock/shedlock-provider-jdbc-template/6.9.2/shedlock-provider-jdbc-template-6.9.2.jar
2025-08-17 12:12:02,263 [AetherRepositoryConnector-repo.maven.apache.org-3-2] INFO  o.e.m.c.i.e.AbstractTransferListenerAdapter - Downloaded https://repo.maven.apache.org/maven2/io/github/resilience4j/resilience4j-framework-common/2.3.0/resilience4j-framework-common-2.3.0.jar
2025-08-17 12:12:02,290 [AetherRepositoryConnector-repo.maven.apache.org-3-4] INFO  o.e.m.c.i.e.AbstractTransferListenerAdapter - Downloading https://repo.maven.apache.org/maven2/org/springframework/security/spring-security-test/6.5.1/spring-security-test-6.5.1.jar
2025-08-17 12:12:02,331 [AetherRepositoryConnector-repo.maven.apache.org-3-0] INFO  o.e.m.c.i.e.AbstractTransferListenerAdapter - Downloading https://repo.maven.apache.org/maven2/org/wiremock/wiremock-standalone/3.13.1/wiremock-standalone-3.13.1.jar
2025-08-17 12:12:02,611 [AetherRepositoryConnector-repo.maven.apache.org-3-4] INFO  o.e.m.c.i.e.AbstractTransferListenerAdapter - Downloaded https://repo.maven.apache.org/maven2/org/springframework/security/spring-security-test/6.5.1/spring-security-test-6.5.1.jar
2025-08-17 12:12:02,707 [AetherRepositoryConnector-repo.maven.apache.org-3-1] INFO  o.e.m.c.i.e.AbstractTransferListenerAdapter - Downloaded https://repo.maven.apache.org/maven2/org/instancio/instancio-junit/5.4.1/instancio-junit-5.4.1.jar
2025-08-17 12:12:02,712 [AetherRepositoryConnector-repo.maven.apache.org-3-3] INFO  o.e.m.c.i.e.AbstractTransferListenerAdapter - Downloading https://repo.maven.apache.org/maven2/org/instancio/instancio-core/5.4.1/instancio-core-5.4.1.jar
2025-08-17 12:12:02,866 [AetherRepositoryConnector-repo.maven.apache.org-3-4] INFO  o.e.m.c.i.e.AbstractTransferListenerAdapter - Downloading https://repo.maven.apache.org/maven2/com/github/dasniko/testcontainers-keycloak/3.8.0/testcontainers-keycloak-3.8.0.jar
2025-08-17 12:12:03,085 [AetherRepositoryConnector-repo.maven.apache.org-3-2] INFO  o.e.m.c.i.e.AbstractTransferListenerAdapter - Downloading https://repo.maven.apache.org/maven2/org/wiremock/integrations/testcontainers/wiremock-testcontainers-module/1.0-alpha-15/wiremock-testcontainers-module-1.0-alpha-15.jar
2025-08-17 12:12:03,203 [AetherRepositoryConnector-repo.maven.apache.org-3-1] INFO  o.e.m.c.i.e.AbstractTransferListenerAdapter - Downloading https://repo.maven.apache.org/maven2/io/quarkus/quarkus-junit4-mock/3.24.2/quarkus-junit4-mock-3.24.2.jar
2025-08-17 12:12:03,450 [AetherRepositoryConnector-repo.maven.apache.org-3-4] INFO  o.e.m.c.i.e.AbstractTransferListenerAdapter - Downloaded https://repo.maven.apache.org/maven2/com/github/dasniko/testcontainers-keycloak/3.8.0/testcontainers-keycloak-3.8.0.jar
2025-08-17 12:12:03,678 [AetherRepositoryConnector-repo.maven.apache.org-3-2] INFO  o.e.m.c.i.e.AbstractTransferListenerAdapter - Downloaded https://repo.maven.apache.org/maven2/org/wiremock/integrations/testcontainers/wiremock-testcontainers-module/1.0-alpha-15/wiremock-testcontainers-module-1.0-alpha-15.jar
2025-08-17 12:12:03,756 [AetherRepositoryConnector-repo.maven.apache.org-3-3] INFO  o.e.m.c.i.e.AbstractTransferListenerAdapter - Downloaded https://repo.maven.apache.org/maven2/org/instancio/instancio-core/5.4.1/instancio-core-5.4.1.jar
2025-08-17 12:12:03,868 [AetherRepositoryConnector-repo.maven.apache.org-3-1] INFO  o.e.m.c.i.e.AbstractTransferListenerAdapter - Downloaded https://repo.maven.apache.org/maven2/io/quarkus/quarkus-junit4-mock/3.24.2/quarkus-junit4-mock-3.24.2.jar
2025-08-17 12:12:04,003 [AetherRepositoryConnector-repo.maven.apache.org-3-2] INFO  o.e.m.c.i.e.AbstractTransferListenerAdapter - Downloading https://repo.maven.apache.org/maven2/org/keycloak/keycloak-client-common-synced/26.0.5/keycloak-client-common-synced-26.0.5.jar
2025-08-17 12:12:04,003 [AetherRepositoryConnector-repo.maven.apache.org-3-4] INFO  o.e.m.c.i.e.AbstractTransferListenerAdapter - Downloading https://repo.maven.apache.org/maven2/org/keycloak/keycloak-admin-client/26.0.5/keycloak-admin-client-26.0.5.jar
2025-08-17 12:12:04,128 [AetherRepositoryConnector-repo.maven.apache.org-3-3] INFO  o.e.m.c.i.e.AbstractTransferListenerAdapter - Downloading https://repo.maven.apache.org/maven2/com/fasterxml/jackson/jakarta/rs/jackson-jakarta-rs-base/2.19.1/jackson-jakarta-rs-base-2.19.1.jar
2025-08-17 12:12:04,239 [AetherRepositoryConnector-repo.maven.apache.org-3-1] INFO  o.e.m.c.i.e.AbstractTransferListenerAdapter - Downloading https://repo.maven.apache.org/maven2/com/fasterxml/jackson/jakarta/rs/jackson-jakarta-rs-json-provider/2.19.1/jackson-jakarta-rs-json-provider-2.19.1.jar
2025-08-17 12:12:04,741 [AetherRepositoryConnector-repo.maven.apache.org-3-4] INFO  o.e.m.c.i.e.AbstractTransferListenerAdapter - Downloaded https://repo.maven.apache.org/maven2/org/keycloak/keycloak-admin-client/26.0.5/keycloak-admin-client-26.0.5.jar
2025-08-17 12:12:04,752 [AetherRepositoryConnector-repo.maven.apache.org-3-3] INFO  o.e.m.c.i.e.AbstractTransferListenerAdapter - Downloaded https://repo.maven.apache.org/maven2/com/fasterxml/jackson/jakarta/rs/jackson-jakarta-rs-base/2.19.1/jackson-jakarta-rs-base-2.19.1.jar
2025-08-17 12:12:04,840 [AetherRepositoryConnector-repo.maven.apache.org-3-1] INFO  o.e.m.c.i.e.AbstractTransferListenerAdapter - Downloaded https://repo.maven.apache.org/maven2/com/fasterxml/jackson/jakarta/rs/jackson-jakarta-rs-json-provider/2.19.1/jackson-jakarta-rs-json-provider-2.19.1.jar
2025-08-17 12:12:04,900 [AetherRepositoryConnector-repo.maven.apache.org-3-2] INFO  o.e.m.c.i.e.AbstractTransferListenerAdapter - Downloaded https://repo.maven.apache.org/maven2/org/keycloak/keycloak-client-common-synced/26.0.5/keycloak-client-common-synced-26.0.5.jar
2025-08-17 12:12:05,039 [AetherRepositoryConnector-repo.maven.apache.org-3-4] INFO  o.e.m.c.i.e.AbstractTransferListenerAdapter - Downloading https://repo.maven.apache.org/maven2/com/fasterxml/jackson/module/jackson-module-jakarta-xmlbind-annotations/2.19.1/jackson-module-jakarta-xmlbind-annotations-2.19.1.jar
2025-08-17 12:12:05,423 [AetherRepositoryConnector-repo.maven.apache.org-3-4] INFO  o.e.m.c.i.e.AbstractTransferListenerAdapter - Downloaded https://repo.maven.apache.org/maven2/com/fasterxml/jackson/module/jackson-module-jakarta-xmlbind-annotations/2.19.1/jackson-module-jakarta-xmlbind-annotations-2.19.1.jar
2025-08-17 12:12:07,454 [AetherRepositoryConnector-repo.maven.apache.org-3-0] INFO  o.e.m.c.i.e.AbstractTransferListenerAdapter - Downloaded https://repo.maven.apache.org/maven2/org/wiremock/wiremock-standalone/3.13.1/wiremock-standalone-3.13.1.jar
2025-08-17 12:12:07,632 [Worker-1: Updating Maven Project] INFO  o.e.m.c.i.l.LifecycleMappingFactory - Using org.eclipse.m2e.jdt.JarLifecycleMapping lifecycle mapping for MavenProject: com.sivalabs.bookstore:api-gateway:0.0.1-SNAPSHOT @ D:\Eclipse_workspace\book store\api-gateway\pom.xml.
2025-08-17 12:12:08,036 [Worker-1: Updating Maven Project] INFO  o.e.m.c.i.l.LifecycleMappingFactory - Using org.eclipse.m2e.jdt.JarLifecycleMapping lifecycle mapping for MavenProject: com.sivalabs:bookstore-webapp:0.0.1-SNAPSHOT @ D:\Eclipse_workspace\book store\bookstore-webapp\pom.xml.
2025-08-17 12:12:08,324 [AetherRepositoryConnector-repo.maven.apache.org-4-0] INFO  o.e.m.c.i.e.AbstractTransferListenerAdapter - Downloading https://repo.maven.apache.org/maven2/org/springframework/boot/spring-boot-starter-thymeleaf/3.5.3/spring-boot-starter-thymeleaf-3.5.3.jar
2025-08-17 12:12:08,368 [AetherRepositoryConnector-repo.maven.apache.org-4-1] INFO  o.e.m.c.i.e.AbstractTransferListenerAdapter - Downloading https://repo.maven.apache.org/maven2/org/thymeleaf/thymeleaf-spring6/3.1.3.RELEASE/thymeleaf-spring6-3.1.3.RELEASE.jar
2025-08-17 12:12:08,402 [AetherRepositoryConnector-repo.maven.apache.org-4-4] INFO  o.e.m.c.i.e.AbstractTransferListenerAdapter - Downloading https://repo.maven.apache.org/maven2/org/thymeleaf/thymeleaf/3.1.3.RELEASE/thymeleaf-3.1.3.RELEASE.jar
2025-08-17 12:12:08,421 [AetherRepositoryConnector-repo.maven.apache.org-4-2] INFO  o.e.m.c.i.e.AbstractTransferListenerAdapter - Downloading https://repo.maven.apache.org/maven2/nz/net/ultraq/thymeleaf/thymeleaf-layout-dialect/3.4.0/thymeleaf-layout-dialect-3.4.0.jar
2025-08-17 12:12:08,650 [AetherRepositoryConnector-repo.maven.apache.org-4-3] INFO  o.e.m.c.i.e.AbstractTransferListenerAdapter - Downloading https://repo.maven.apache.org/maven2/nz/net/ultraq/groovy/groovy-extensions/2.3.3/groovy-extensions-2.3.3.jar
2025-08-17 12:12:08,658 [AetherRepositoryConnector-repo.maven.apache.org-4-1] INFO  o.e.m.c.i.e.AbstractTransferListenerAdapter - Downloaded https://repo.maven.apache.org/maven2/org/thymeleaf/thymeleaf-spring6/3.1.3.RELEASE/thymeleaf-spring6-3.1.3.RELEASE.jar
2025-08-17 12:12:08,659 [AetherRepositoryConnector-repo.maven.apache.org-4-0] INFO  o.e.m.c.i.e.AbstractTransferListenerAdapter - Downloaded https://repo.maven.apache.org/maven2/org/springframework/boot/spring-boot-starter-thymeleaf/3.5.3/spring-boot-starter-thymeleaf-3.5.3.jar
2025-08-17 12:12:08,739 [AetherRepositoryConnector-repo.maven.apache.org-4-1] INFO  o.e.m.c.i.e.AbstractTransferListenerAdapter - Downloading https://repo.maven.apache.org/maven2/org/thymeleaf/extras/thymeleaf-extras-springsecurity6/3.1.3.RELEASE/thymeleaf-extras-springsecurity6-3.1.3.RELEASE.jar
2025-08-17 12:12:08,739 [AetherRepositoryConnector-repo.maven.apache.org-4-0] INFO  o.e.m.c.i.e.AbstractTransferListenerAdapter - Downloading https://repo.maven.apache.org/maven2/org/springframework/boot/spring-boot-starter-oauth2-client/3.5.3/spring-boot-starter-oauth2-client-3.5.3.jar
2025-08-17 12:12:08,753 [AetherRepositoryConnector-repo.maven.apache.org-4-4] INFO  o.e.m.c.i.e.AbstractTransferListenerAdapter - Downloaded https://repo.maven.apache.org/maven2/org/thymeleaf/thymeleaf/3.1.3.RELEASE/thymeleaf-3.1.3.RELEASE.jar
2025-08-17 12:12:08,830 [AetherRepositoryConnector-repo.maven.apache.org-4-4] INFO  o.e.m.c.i.e.AbstractTransferListenerAdapter - Downloading https://repo.maven.apache.org/maven2/org/springframework/security/spring-security-oauth2-client/6.5.1/spring-security-oauth2-client-6.5.1.jar
2025-08-17 12:12:08,839 [AetherRepositoryConnector-repo.maven.apache.org-4-1] INFO  o.e.m.c.i.e.AbstractTransferListenerAdapter - Downloaded https://repo.maven.apache.org/maven2/org/thymeleaf/extras/thymeleaf-extras-springsecurity6/3.1.3.RELEASE/thymeleaf-extras-springsecurity6-3.1.3.RELEASE.jar
2025-08-17 12:12:08,933 [AetherRepositoryConnector-repo.maven.apache.org-4-1] INFO  o.e.m.c.i.e.AbstractTransferListenerAdapter - Downloading https://repo.maven.apache.org/maven2/com/nimbusds/oauth2-oidc-sdk/9.43.6/oauth2-oidc-sdk-9.43.6.jar
2025-08-17 12:12:09,107 [AetherRepositoryConnector-repo.maven.apache.org-4-4] INFO  o.e.m.c.i.e.AbstractTransferListenerAdapter - Downloaded https://repo.maven.apache.org/maven2/org/springframework/security/spring-security-oauth2-client/6.5.1/spring-security-oauth2-client-6.5.1.jar
2025-08-17 12:12:09,110 [AetherRepositoryConnector-repo.maven.apache.org-4-0] INFO  o.e.m.c.i.e.AbstractTransferListenerAdapter - Downloaded https://repo.maven.apache.org/maven2/org/springframework/boot/spring-boot-starter-oauth2-client/3.5.3/spring-boot-starter-oauth2-client-3.5.3.jar
2025-08-17 12:12:09,114 [AetherRepositoryConnector-repo.maven.apache.org-4-2] INFO  o.e.m.c.i.e.AbstractTransferListenerAdapter - Downloaded https://repo.maven.apache.org/maven2/nz/net/ultraq/thymeleaf/thymeleaf-layout-dialect/3.4.0/thymeleaf-layout-dialect-3.4.0.jar
2025-08-17 12:12:09,114 [AetherRepositoryConnector-repo.maven.apache.org-4-3] INFO  o.e.m.c.i.e.AbstractTransferListenerAdapter - Downloaded https://repo.maven.apache.org/maven2/nz/net/ultraq/groovy/groovy-extensions/2.3.3/groovy-extensions-2.3.3.jar
2025-08-17 12:12:09,151 [AetherRepositoryConnector-repo.maven.apache.org-4-4] INFO  o.e.m.c.i.e.AbstractTransferListenerAdapter - Downloading https://repo.maven.apache.org/maven2/org/webjars/bootstrap/5.3.7/bootstrap-5.3.7.jar
2025-08-17 12:12:09,758 [AetherRepositoryConnector-repo.maven.apache.org-4-0] INFO  o.e.m.c.i.e.AbstractTransferListenerAdapter - Downloading https://repo.maven.apache.org/maven2/org/webjars/font-awesome/6.7.2/font-awesome-6.7.2.jar
2025-08-17 12:12:09,758 [AetherRepositoryConnector-repo.maven.apache.org-4-2] INFO  o.e.m.c.i.e.AbstractTransferListenerAdapter - Downloading https://repo.maven.apache.org/maven2/org/webjars/npm/alpinejs/3.14.9/alpinejs-3.14.9.jar
2025-08-17 12:12:09,911 [AetherRepositoryConnector-repo.maven.apache.org-4-1] INFO  o.e.m.c.i.e.AbstractTransferListenerAdapter - Downloaded https://repo.maven.apache.org/maven2/com/nimbusds/oauth2-oidc-sdk/9.43.6/oauth2-oidc-sdk-9.43.6.jar
2025-08-17 12:12:10,660 [AetherRepositoryConnector-repo.maven.apache.org-4-4] INFO  o.e.m.c.i.e.AbstractTransferListenerAdapter - Downloaded https://repo.maven.apache.org/maven2/org/webjars/bootstrap/5.3.7/bootstrap-5.3.7.jar
2025-08-17 12:12:10,711 [AetherRepositoryConnector-repo.maven.apache.org-4-2] INFO  o.e.m.c.i.e.AbstractTransferListenerAdapter - Downloaded https://repo.maven.apache.org/maven2/org/webjars/npm/alpinejs/3.14.9/alpinejs-3.14.9.jar
2025-08-17 12:12:12,070 [AetherRepositoryConnector-repo.maven.apache.org-4-0] INFO  o.e.m.c.i.e.AbstractTransferListenerAdapter - Downloaded https://repo.maven.apache.org/maven2/org/webjars/font-awesome/6.7.2/font-awesome-6.7.2.jar
2025-08-17 12:12:14,054 [Worker-20: Download sources and javadoc] INFO  o.e.m.c.i.e.AbstractTransferListenerAdapter - Downloading https://repo.maven.apache.org/maven2/org/springframework/boot/spring-boot-starter-jdbc/3.5.3/spring-boot-starter-jdbc-3.5.3-sources.jar
2025-08-17 12:12:14,514 [Worker-20: Download sources and javadoc] INFO  o.e.m.c.i.e.AbstractTransferListenerAdapter - Downloaded https://repo.maven.apache.org/maven2/org/springframework/boot/spring-boot-starter-jdbc/3.5.3/spring-boot-starter-jdbc-3.5.3-sources.jar
2025-08-17 12:12:14,518 [Worker-20: Download sources and javadoc] INFO  o.e.m.j.internal.DownloadSourcesJob - Downloaded sources for org.springframework.boot:spring-boot-starter-jdbc:3.5.3
2025-08-17 12:12:14,727 [Worker-20: Download sources and javadoc] INFO  o.e.m.c.i.e.AbstractTransferListenerAdapter - Downloading https://repo.maven.apache.org/maven2/com/zaxxer/HikariCP/6.3.0/HikariCP-6.3.0-sources.jar
2025-08-17 12:12:14,923 [Worker-20: Download sources and javadoc] INFO  o.e.m.c.i.e.AbstractTransferListenerAdapter - Downloaded https://repo.maven.apache.org/maven2/com/zaxxer/HikariCP/6.3.0/HikariCP-6.3.0-sources.jar
2025-08-17 12:12:14,926 [Worker-20: Download sources and javadoc] INFO  o.e.m.j.internal.DownloadSourcesJob - Downloaded sources for com.zaxxer:HikariCP:6.3.0
2025-08-17 12:12:15,116 [Worker-20: Download sources and javadoc] INFO  o.e.m.c.i.e.AbstractTransferListenerAdapter - Downloading https://repo.maven.apache.org/maven2/org/hibernate/orm/hibernate-core/6.6.18.Final/hibernate-core-6.6.18.Final-sources.jar
2025-08-17 12:12:15,267 [Worker-1: Updating Maven Project] INFO  o.e.m.j.i.AbstractJavaProjectConfigurator - Adding source folder /api-gateway/src/main/java
2025-08-17 12:12:15,268 [Worker-1: Updating Maven Project] INFO  o.e.m.j.i.AbstractJavaProjectConfigurator - Adding resource folder /api-gateway/src/main/resources
2025-08-17 12:12:15,273 [Worker-1: Updating Maven Project] INFO  o.e.m.j.i.AbstractJavaProjectConfigurator - Adding resource folder /api-gateway/src/main/resources
2025-08-17 12:12:15,274 [Worker-1: Updating Maven Project] INFO  o.e.m.j.i.AbstractJavaProjectConfigurator - Adding source folder /api-gateway/src/test/java
2025-08-17 12:12:17,074 [Worker-20: Download sources and javadoc] INFO  o.e.m.c.i.e.AbstractTransferListenerAdapter - Downloaded https://repo.maven.apache.org/maven2/org/hibernate/orm/hibernate-core/6.6.18.Final/hibernate-core-6.6.18.Final-sources.jar
2025-08-17 12:12:17,078 [Worker-20: Download sources and javadoc] INFO  o.e.m.j.internal.DownloadSourcesJob - Downloaded sources for org.hibernate.orm:hibernate-core:6.6.18.Final
2025-08-17 12:12:17,288 [Worker-20: Download sources and javadoc] INFO  o.e.m.c.i.e.AbstractTransferListenerAdapter - Downloading https://repo.maven.apache.org/maven2/org/springframework/data/spring-data-jpa/3.5.1/spring-data-jpa-3.5.1-sources.jar
2025-08-17 12:12:17,632 [Worker-1: Updating Maven Project] INFO  o.e.m.j.i.AbstractJavaProjectConfigurator - Adding source folder /bookstore-webapp/src/main/java
2025-08-17 12:12:17,632 [Worker-1: Updating Maven Project] INFO  o.e.m.j.i.AbstractJavaProjectConfigurator - Adding resource folder /bookstore-webapp/src/main/resources
2025-08-17 12:12:17,637 [Worker-1: Updating Maven Project] INFO  o.e.m.j.i.AbstractJavaProjectConfigurator - Adding resource folder /bookstore-webapp/src/main/resources
2025-08-17 12:12:17,638 [Worker-1: Updating Maven Project] INFO  o.e.m.j.i.AbstractJavaProjectConfigurator - Adding source folder /bookstore-webapp/src/test/java
2025-08-17 12:12:17,864 [Worker-20: Download sources and javadoc] INFO  o.e.m.c.i.e.AbstractTransferListenerAdapter - Downloaded https://repo.maven.apache.org/maven2/org/springframework/data/spring-data-jpa/3.5.1/spring-data-jpa-3.5.1-sources.jar
2025-08-17 12:12:17,869 [Worker-20: Download sources and javadoc] INFO  o.e.m.j.internal.DownloadSourcesJob - Downloaded sources for org.springframework.data:spring-data-jpa:3.5.1
2025-08-17 12:12:18,118 [Worker-20: Download sources and javadoc] INFO  o.e.m.c.i.e.AbstractTransferListenerAdapter - Downloading https://repo.maven.apache.org/maven2/org/springframework/data/spring-data-commons/3.5.1/spring-data-commons-3.5.1-sources.jar
2025-08-17 12:12:18,464 [Worker-20: Download sources and javadoc] INFO  o.e.m.c.i.e.AbstractTransferListenerAdapter - Downloaded https://repo.maven.apache.org/maven2/org/springframework/data/spring-data-commons/3.5.1/spring-data-commons-3.5.1-sources.jar
2025-08-17 12:12:18,477 [Worker-20: Download sources and javadoc] INFO  o.e.m.j.internal.DownloadSourcesJob - Downloaded sources for org.springframework.data:spring-data-commons:3.5.1
2025-08-17 12:12:18,961 [Worker-20: Download sources and javadoc] INFO  o.e.m.c.i.e.AbstractTransferListenerAdapter - Downloading https://repo.maven.apache.org/maven2/org/springframework/spring-orm/6.2.8/spring-orm-6.2.8-sources.jar
2025-08-17 12:12:18,998 [Worker-1: Updating Maven Project] INFO  o.e.m.j.i.AbstractJavaProjectConfigurator - Adding source folder /catalog-service/src/main/java
2025-08-17 12:12:18,999 [Worker-1: Updating Maven Project] INFO  o.e.m.j.i.AbstractJavaProjectConfigurator - Adding resource folder /catalog-service/src/main/resources
2025-08-17 12:12:19,003 [Worker-1: Updating Maven Project] INFO  o.e.m.j.i.AbstractJavaProjectConfigurator - Adding resource folder /catalog-service/src/main/resources
2025-08-17 12:12:19,004 [Worker-1: Updating Maven Project] INFO  o.e.m.j.i.AbstractJavaProjectConfigurator - Adding source folder /catalog-service/src/test/java
2025-08-17 12:12:19,005 [Worker-1: Updating Maven Project] INFO  o.e.m.j.i.AbstractJavaProjectConfigurator - Adding resource folder /catalog-service/src/test/resources
2025-08-17 12:12:19,333 [Worker-20: Download sources and javadoc] INFO  o.e.m.c.i.e.AbstractTransferListenerAdapter - Downloaded https://repo.maven.apache.org/maven2/org/springframework/spring-orm/6.2.8/spring-orm-6.2.8-sources.jar
2025-08-17 12:12:19,337 [Worker-20: Download sources and javadoc] INFO  o.e.m.j.internal.DownloadSourcesJob - Downloaded sources for org.springframework:spring-orm:6.2.8
2025-08-17 12:12:19,597 [Worker-20: Download sources and javadoc] INFO  o.e.m.c.i.e.AbstractTransferListenerAdapter - Downloading https://repo.maven.apache.org/maven2/org/springframework/spring-aspects/6.2.8/spring-aspects-6.2.8-sources.jar
2025-08-17 12:12:19,677 [Worker-20: Download sources and javadoc] INFO  o.e.m.c.i.e.AbstractTransferListenerAdapter - Downloaded https://repo.maven.apache.org/maven2/org/springframework/spring-aspects/6.2.8/spring-aspects-6.2.8-sources.jar
2025-08-17 12:12:19,681 [Worker-20: Download sources and javadoc] INFO  o.e.m.j.internal.DownloadSourcesJob - Downloaded sources for org.springframework:spring-aspects:6.2.8
2025-08-17 12:12:20,083 [Worker-20: Download sources and javadoc] INFO  o.e.m.c.i.e.AbstractTransferListenerAdapter - Downloading https://repo.maven.apache.org/maven2/org/springframework/boot/spring-boot-starter-tomcat/3.5.3/spring-boot-starter-tomcat-3.5.3-sources.jar
2025-08-17 12:12:20,166 [Worker-20: Download sources and javadoc] INFO  o.e.m.c.i.e.AbstractTransferListenerAdapter - Downloaded https://repo.maven.apache.org/maven2/org/springframework/boot/spring-boot-starter-tomcat/3.5.3/spring-boot-starter-tomcat-3.5.3-sources.jar
2025-08-17 12:12:20,170 [Worker-20: Download sources and javadoc] INFO  o.e.m.j.internal.DownloadSourcesJob - Downloaded sources for org.springframework.boot:spring-boot-starter-tomcat:3.5.3
2025-08-17 12:12:20,491 [Worker-20: Download sources and javadoc] INFO  o.e.m.c.i.e.AbstractTransferListenerAdapter - Downloading https://repo.maven.apache.org/maven2/org/apache/tomcat/embed/tomcat-embed-core/10.1.42/tomcat-embed-core-10.1.42-sources.jar
2025-08-17 12:12:20,534 [Worker-1: Updating Maven Project] INFO  o.e.m.j.i.AbstractJavaProjectConfigurator - Adding source folder /notification-service/src/main/java
2025-08-17 12:12:20,534 [Worker-1: Updating Maven Project] INFO  o.e.m.j.i.AbstractJavaProjectConfigurator - Adding resource folder /notification-service/src/main/resources
2025-08-17 12:12:20,541 [Worker-1: Updating Maven Project] INFO  o.e.m.j.i.AbstractJavaProjectConfigurator - Adding resource folder /notification-service/src/main/resources
2025-08-17 12:12:20,542 [Worker-1: Updating Maven Project] INFO  o.e.m.j.i.AbstractJavaProjectConfigurator - Adding source folder /notification-service/src/test/java
2025-08-17 12:12:21,550 [Worker-1: Updating Maven Project] INFO  o.e.m.j.i.AbstractJavaProjectConfigurator - Adding source folder /order-service/src/main/java
2025-08-17 12:12:21,550 [Worker-1: Updating Maven Project] INFO  o.e.m.j.i.AbstractJavaProjectConfigurator - Adding resource folder /order-service/src/main/resources
2025-08-17 12:12:21,556 [Worker-1: Updating Maven Project] INFO  o.e.m.j.i.AbstractJavaProjectConfigurator - Adding resource folder /order-service/src/main/resources
2025-08-17 12:12:21,557 [Worker-1: Updating Maven Project] INFO  o.e.m.j.i.AbstractJavaProjectConfigurator - Adding source folder /order-service/src/test/java
2025-08-17 12:12:21,557 [Worker-1: Updating Maven Project] INFO  o.e.m.j.i.AbstractJavaProjectConfigurator - Adding resource folder /order-service/src/test/resources
2025-08-17 12:12:23,805 [Worker-1: Updating Maven Project] INFO  o.e.m.c.i.p.ProjectConfigurationManager - Update completed: 27 sec
2025-08-17 12:12:23,944 [Worker-20: Download sources and javadoc] INFO  o.e.m.c.i.e.AbstractTransferListenerAdapter - Downloaded https://repo.maven.apache.org/maven2/org/apache/tomcat/embed/tomcat-embed-core/10.1.42/tomcat-embed-core-10.1.42-sources.jar
2025-08-17 12:12:23,950 [Worker-20: Download sources and javadoc] INFO  o.e.m.j.internal.DownloadSourcesJob - Downloaded sources for org.apache.tomcat.embed:tomcat-embed-core:10.1.42
2025-08-17 12:12:24,177 [Worker-20: Download sources and javadoc] INFO  o.e.m.c.i.e.AbstractTransferListenerAdapter - Downloading https://repo.maven.apache.org/maven2/org/apache/tomcat/embed/tomcat-embed-websocket/10.1.42/tomcat-embed-websocket-10.1.42-sources.jar
2025-08-17 12:12:24,355 [Worker-24: Building] INFO  o.e.m.c.i.embedder.EclipseLogger - dotGitDirectory is null, aborting execution!
2025-08-17 12:12:24,382 [Worker-24: Building] INFO  o.e.m.c.i.embedder.EclipseLogger - Writing properties file [D:\Eclipse_workspace\book store\api-gateway\target\classes\git.properties] (for project api-gateway)...
2025-08-17 12:12:24,418 [Worker-20: Download sources and javadoc] INFO  o.e.m.c.i.e.AbstractTransferListenerAdapter - Downloaded https://repo.maven.apache.org/maven2/org/apache/tomcat/embed/tomcat-embed-websocket/10.1.42/tomcat-embed-websocket-10.1.42-sources.jar
2025-08-17 12:12:24,427 [Worker-20: Download sources and javadoc] INFO  o.e.m.j.internal.DownloadSourcesJob - Downloaded sources for org.apache.tomcat.embed:tomcat-embed-websocket:10.1.42
2025-08-17 12:12:24,488 [Worker-24: Building] INFO  o.a.m.s.f.DefaultMavenResourcesFiltering - Copying 1 resource from src\main\resources to target\classes
2025-08-17 12:12:24,611 [Worker-20: Download sources and javadoc] INFO  o.e.m.c.i.e.AbstractTransferListenerAdapter - Downloading https://repo.maven.apache.org/maven2/org/springframework/spring-webmvc/6.2.8/spring-webmvc-6.2.8-sources.jar
2025-08-17 12:12:24,687 [Worker-24: Building] INFO  o.a.m.s.f.DefaultMavenResourcesFiltering - Copying 1 resource from src\main\resources to target\classes
2025-08-17 12:12:24,942 [Worker-24: Building] INFO  o.e.m.c.i.e.AbstractTransferListenerAdapter - Downloading https://repo.maven.apache.org/maven2/com/diffplug/spotless/spotless-lib/3.3.1/spotless-lib-3.3.1.pom
2025-08-17 12:12:25,241 [Worker-20: Download sources and javadoc] INFO  o.e.m.c.i.e.AbstractTransferListenerAdapter - Downloaded https://repo.maven.apache.org/maven2/org/springframework/spring-webmvc/6.2.8/spring-webmvc-6.2.8-sources.jar
2025-08-17 12:12:25,254 [Worker-20: Download sources and javadoc] INFO  o.e.m.j.internal.DownloadSourcesJob - Downloaded sources for org.springframework:spring-webmvc:6.2.8
2025-08-17 12:12:25,270 [Worker-24: Building] INFO  o.e.m.c.i.e.AbstractTransferListenerAdapter - Downloaded https://repo.maven.apache.org/maven2/com/diffplug/spotless/spotless-lib/3.3.1/spotless-lib-3.3.1.pom
2025-08-17 12:12:25,323 [Worker-24: Building] INFO  o.e.m.c.i.e.AbstractTransferListenerAdapter - Downloading https://repo.maven.apache.org/maven2/com/diffplug/spotless/spotless-lib-extra/3.3.1/spotless-lib-extra-3.3.1.pom
2025-08-17 12:12:25,508 [Worker-20: Download sources and javadoc] INFO  o.e.m.c.i.e.AbstractTransferListenerAdapter - Downloading https://repo.maven.apache.org/maven2/org/springdoc/springdoc-openapi-starter-webmvc-api/2.8.9/springdoc-openapi-starter-webmvc-api-2.8.9-sources.jar
2025-08-17 12:12:25,624 [Worker-24: Building] INFO  o.e.m.c.i.e.AbstractTransferListenerAdapter - Downloaded https://repo.maven.apache.org/maven2/com/diffplug/spotless/spotless-lib-extra/3.3.1/spotless-lib-extra-3.3.1.pom
2025-08-17 12:12:25,705 [Worker-24: Building] INFO  o.e.m.c.i.e.AbstractTransferListenerAdapter - Downloading https://repo.maven.apache.org/maven2/dev/equo/ide/solstice/1.8.1/solstice-1.8.1.pom
2025-08-17 12:12:25,904 [Worker-20: Download sources and javadoc] INFO  o.e.m.c.i.e.AbstractTransferListenerAdapter - Downloaded https://repo.maven.apache.org/maven2/org/springdoc/springdoc-openapi-starter-webmvc-api/2.8.9/springdoc-openapi-starter-webmvc-api-2.8.9-sources.jar
2025-08-17 12:12:25,908 [Worker-20: Download sources and javadoc] INFO  o.e.m.j.internal.DownloadSourcesJob - Downloaded sources for org.springdoc:springdoc-openapi-starter-webmvc-api:2.8.9
2025-08-17 12:12:26,261 [Worker-24: Building] INFO  o.e.m.c.i.e.AbstractTransferListenerAdapter - Downloaded https://repo.maven.apache.org/maven2/dev/equo/ide/solstice/1.8.1/solstice-1.8.1.pom
2025-08-17 12:12:26,313 [Worker-24: Building] INFO  o.e.m.c.i.e.AbstractTransferListenerAdapter - Downloading https://repo.maven.apache.org/maven2/com/diffplug/durian/durian-swt.os/4.3.0/durian-swt.os-4.3.0.pom
2025-08-17 12:12:26,376 [Worker-24: Building] INFO  o.e.m.c.i.e.AbstractTransferListenerAdapter - Downloaded https://repo.maven.apache.org/maven2/com/diffplug/durian/durian-swt.os/4.3.0/durian-swt.os-4.3.0.pom
2025-08-17 12:12:26,468 [Worker-24: Building] INFO  o.e.m.c.i.e.AbstractTransferListenerAdapter - Downloading https://repo.maven.apache.org/maven2/org/eclipse/platform/org.eclipse.osgi/3.23.100/org.eclipse.osgi-3.23.100.pom
2025-08-17 12:12:26,524 [Worker-24: Building] INFO  o.e.m.c.i.e.AbstractTransferListenerAdapter - Downloaded https://repo.maven.apache.org/maven2/org/eclipse/platform/org.eclipse.osgi/3.23.100/org.eclipse.osgi-3.23.100.pom
2025-08-17 12:12:26,552 [Worker-20: Download sources and javadoc] INFO  o.e.m.c.i.e.AbstractTransferListenerAdapter - Downloading https://repo.maven.apache.org/maven2/org/checkerframework/checker-qual/3.49.3/checker-qual-3.49.3-sources.jar
2025-08-17 12:12:26,582 [Worker-24: Building] INFO  o.e.m.c.i.e.AbstractTransferListenerAdapter - Downloading https://repo.maven.apache.org/maven2/org/codehaus/plexus/plexus-resources/1.3.0/plexus-resources-1.3.0.pom
2025-08-17 12:12:26,665 [Worker-24: Building] INFO  o.e.m.c.i.e.AbstractTransferListenerAdapter - Downloaded https://repo.maven.apache.org/maven2/org/codehaus/plexus/plexus-resources/1.3.0/plexus-resources-1.3.0.pom
2025-08-17 12:12:26,754 [Worker-20: Download sources and javadoc] INFO  o.e.m.c.i.e.AbstractTransferListenerAdapter - Downloaded https://repo.maven.apache.org/maven2/org/checkerframework/checker-qual/3.49.3/checker-qual-3.49.3-sources.jar
2025-08-17 12:12:26,758 [Worker-20: Download sources and javadoc] INFO  o.e.m.j.internal.DownloadSourcesJob - Downloaded sources for org.checkerframework:checker-qual:3.49.3
2025-08-17 12:12:26,846 [AetherRepositoryConnector-repo.maven.apache.org-5-0] INFO  o.e.m.c.i.e.AbstractTransferListenerAdapter - Downloading https://repo.maven.apache.org/maven2/com/diffplug/spotless/spotless-lib/3.3.1/spotless-lib-3.3.1.jar
2025-08-17 12:12:26,950 [AetherRepositoryConnector-repo.maven.apache.org-5-2] INFO  o.e.m.c.i.e.AbstractTransferListenerAdapter - Downloading https://repo.maven.apache.org/maven2/dev/equo/ide/solstice/1.8.1/solstice-1.8.1.jar
2025-08-17 12:12:26,951 [AetherRepositoryConnector-repo.maven.apache.org-5-3] INFO  o.e.m.c.i.e.AbstractTransferListenerAdapter - Downloading https://repo.maven.apache.org/maven2/com/diffplug/durian/durian-swt.os/4.3.0/durian-swt.os-4.3.0.jar
2025-08-17 12:12:26,952 [AetherRepositoryConnector-repo.maven.apache.org-5-4] INFO  o.e.m.c.i.e.AbstractTransferListenerAdapter - Downloading https://repo.maven.apache.org/maven2/org/eclipse/platform/org.eclipse.osgi/3.23.100/org.eclipse.osgi-3.23.100.jar
2025-08-17 12:12:27,114 [AetherRepositoryConnector-repo.maven.apache.org-5-3] INFO  o.e.m.c.i.e.AbstractTransferListenerAdapter - Downloaded https://repo.maven.apache.org/maven2/com/diffplug/durian/durian-swt.os/4.3.0/durian-swt.os-4.3.0.jar
2025-08-17 12:12:27,158 [Worker-20: Download sources and javadoc] INFO  o.e.m.c.i.e.AbstractTransferListenerAdapter - Downloading https://repo.maven.apache.org/maven2/org/testcontainers/jdbc/1.21.2/jdbc-1.21.2-sources.jar
2025-08-17 12:12:27,488 [AetherRepositoryConnector-repo.maven.apache.org-5-1] INFO  o.e.m.c.i.e.AbstractTransferListenerAdapter - Downloading https://repo.maven.apache.org/maven2/com/diffplug/spotless/spotless-lib-extra/3.3.1/spotless-lib-extra-3.3.1.jar
2025-08-17 12:12:27,494 [Worker-20: Download sources and javadoc] INFO  o.e.m.c.i.e.AbstractTransferListenerAdapter - Downloaded https://repo.maven.apache.org/maven2/org/testcontainers/jdbc/1.21.2/jdbc-1.21.2-sources.jar
2025-08-17 12:12:27,497 [AetherRepositoryConnector-repo.maven.apache.org-5-3] INFO  o.e.m.c.i.e.AbstractTransferListenerAdapter - Downloading https://repo.maven.apache.org/maven2/org/codehaus/plexus/plexus-resources/1.3.0/plexus-resources-1.3.0.jar
2025-08-17 12:12:27,499 [Worker-20: Download sources and javadoc] INFO  o.e.m.j.internal.DownloadSourcesJob - Downloaded sources for org.testcontainers:jdbc:1.21.2
2025-08-17 12:12:27,502 [AetherRepositoryConnector-repo.maven.apache.org-5-2] INFO  o.e.m.c.i.e.AbstractTransferListenerAdapter - Downloaded https://repo.maven.apache.org/maven2/dev/equo/ide/solstice/1.8.1/solstice-1.8.1.jar
2025-08-17 12:12:27,564 [AetherRepositoryConnector-repo.maven.apache.org-5-0] INFO  o.e.m.c.i.e.AbstractTransferListenerAdapter - Downloaded https://repo.maven.apache.org/maven2/com/diffplug/spotless/spotless-lib/3.3.1/spotless-lib-3.3.1.jar
2025-08-17 12:12:27,565 [AetherRepositoryConnector-repo.maven.apache.org-5-3] INFO  o.e.m.c.i.e.AbstractTransferListenerAdapter - Downloaded https://repo.maven.apache.org/maven2/org/codehaus/plexus/plexus-resources/1.3.0/plexus-resources-1.3.0.jar
2025-08-17 12:12:27,697 [Worker-20: Download sources and javadoc] INFO  o.e.m.c.i.e.AbstractTransferListenerAdapter - Downloading https://repo.maven.apache.org/maven2/org/testcontainers/database-commons/1.21.2/database-commons-1.21.2-sources.jar
2025-08-17 12:12:27,874 [AetherRepositoryConnector-repo.maven.apache.org-5-4] INFO  o.e.m.c.i.e.AbstractTransferListenerAdapter - Downloaded https://repo.maven.apache.org/maven2/org/eclipse/platform/org.eclipse.osgi/3.23.100/org.eclipse.osgi-3.23.100.jar
2025-08-17 12:12:27,877 [AetherRepositoryConnector-repo.maven.apache.org-5-1] INFO  o.e.m.c.i.e.AbstractTransferListenerAdapter - Downloaded https://repo.maven.apache.org/maven2/com/diffplug/spotless/spotless-lib-extra/3.3.1/spotless-lib-extra-3.3.1.jar
2025-08-17 12:12:28,044 [Worker-20: Download sources and javadoc] INFO  o.e.m.c.i.e.AbstractTransferListenerAdapter - Downloaded https://repo.maven.apache.org/maven2/org/testcontainers/database-commons/1.21.2/database-commons-1.21.2-sources.jar
2025-08-17 12:12:28,049 [Worker-20: Download sources and javadoc] INFO  o.e.m.j.internal.DownloadSourcesJob - Downloaded sources for org.testcontainers:database-commons:1.21.2
2025-08-17 12:12:28,733 [Worker-20: Download sources and javadoc] INFO  o.e.m.c.i.e.AbstractTransferListenerAdapter - Downloading https://repo.maven.apache.org/maven2/org/apache/groovy/groovy-xml/4.0.27/groovy-xml-4.0.27-sources.jar
2025-08-17 12:12:29,017 [Worker-24: Building] INFO  o.e.m.c.i.e.AbstractTransferListenerAdapter - Downloading https://repo.maven.apache.org/maven2/com/google/googlejavaformat/google-java-format/1.24.0/google-java-format-1.24.0.pom
2025-08-17 12:12:29,085 [Worker-24: Building] INFO  o.e.m.c.i.e.AbstractTransferListenerAdapter - Downloaded https://repo.maven.apache.org/maven2/com/google/googlejavaformat/google-java-format/1.24.0/google-java-format-1.24.0.pom
2025-08-17 12:12:29,106 [Worker-20: Download sources and javadoc] INFO  o.e.m.c.i.e.AbstractTransferListenerAdapter - Downloaded https://repo.maven.apache.org/maven2/org/apache/groovy/groovy-xml/4.0.27/groovy-xml-4.0.27-sources.jar
2025-08-17 12:12:29,139 [Worker-20: Download sources and javadoc] INFO  o.e.m.j.internal.DownloadSourcesJob - Downloaded sources for org.apache.groovy:groovy-xml:4.0.27
2025-08-17 12:12:29,152 [Worker-24: Building] INFO  o.e.m.c.i.e.AbstractTransferListenerAdapter - Downloading https://repo.maven.apache.org/maven2/com/google/googlejavaformat/google-java-format-parent/1.24.0/google-java-format-parent-1.24.0.pom
2025-08-17 12:12:29,341 [Worker-20: Download sources and javadoc] INFO  o.e.m.c.i.e.AbstractTransferListenerAdapter - Downloading https://repo.maven.apache.org/maven2/io/rest-assured/json-path/5.5.5/json-path-5.5.5-sources.jar
2025-08-17 12:12:29,455 [Worker-24: Building] INFO  o.e.m.c.i.e.AbstractTransferListenerAdapter - Downloaded https://repo.maven.apache.org/maven2/com/google/googlejavaformat/google-java-format-parent/1.24.0/google-java-format-parent-1.24.0.pom
2025-08-17 12:12:29,461 [Worker-20: Download sources and javadoc] INFO  o.e.m.c.i.e.AbstractTransferListenerAdapter - Downloaded https://repo.maven.apache.org/maven2/io/rest-assured/json-path/5.5.5/json-path-5.5.5-sources.jar
2025-08-17 12:12:29,477 [Worker-20: Download sources and javadoc] INFO  o.e.m.j.internal.DownloadSourcesJob - Downloaded sources for io.rest-assured:json-path:5.5.5
2025-08-17 12:12:29,906 [Worker-24: Building] INFO  o.e.m.c.i.e.AbstractTransferListenerAdapter - Downloading https://repo.maven.apache.org/maven2/com/google/googlejavaformat/google-java-format/1.24.0/google-java-format-1.24.0.jar
2025-08-17 12:12:29,916 [Worker-20: Download sources and javadoc] INFO  o.e.m.c.i.e.AbstractTransferListenerAdapter - Downloading https://repo.maven.apache.org/maven2/org/apache/groovy/groovy-json/4.0.27/groovy-json-4.0.27-sources.jar
2025-08-17 12:12:30,274 [Worker-24: Building] INFO  o.e.m.c.i.e.AbstractTransferListenerAdapter - Downloaded https://repo.maven.apache.org/maven2/com/google/googlejavaformat/google-java-format/1.24.0/google-java-format-1.24.0.jar
2025-08-17 12:12:30,319 [Worker-20: Download sources and javadoc] INFO  o.e.m.c.i.e.AbstractTransferListenerAdapter - Downloaded https://repo.maven.apache.org/maven2/org/apache/groovy/groovy-json/4.0.27/groovy-json-4.0.27-sources.jar
2025-08-17 12:12:30,324 [Worker-20: Download sources and javadoc] INFO  o.e.m.j.internal.DownloadSourcesJob - Downloaded sources for org.apache.groovy:groovy-json:4.0.27
2025-08-17 12:12:31,019 [Worker-24: Building] INFO  o.e.m.c.i.embedder.EclipseLogger - Index file does not exist. Fallback to an empty index
2025-08-17 12:12:33,175 [Worker-24: Building] INFO  o.e.m.c.i.embedder.EclipseLogger - Spotless.Java is keeping 3 files clean - 3 needs changes to be clean, 0 were already clean, 0 were skipped because caching determined they were already clean
2025-08-17 12:12:33,495 [Worker-24: Building] INFO  o.a.m.s.f.DefaultMavenResourcesFiltering - skip non existing resourceDirectory D:\Eclipse_workspace\book store\api-gateway\src\test\resources
2025-08-17 12:12:35,236 [Worker-24: Building] INFO  o.e.m.c.i.embedder.EclipseLogger - dotGitDirectory is null, aborting execution!
2025-08-17 12:12:35,237 [Worker-24: Building] INFO  o.e.m.c.i.embedder.EclipseLogger - Writing properties file [D:\Eclipse_workspace\book store\bookstore-webapp\target\classes\git.properties] (for project bookstore-webapp)...
2025-08-17 12:12:35,878 [Worker-24: Building] INFO  o.a.m.s.f.DefaultMavenResourcesFiltering - Copying 1 resource from src\main\resources to target\classes
2025-08-17 12:12:35,926 [Worker-24: Building] INFO  o.a.m.s.f.DefaultMavenResourcesFiltering - Copying 13 resources from src\main\resources to target\classes
2025-08-17 12:12:36,398 [Worker-24: Building] INFO  o.e.m.c.i.embedder.EclipseLogger - Index file does not exist. Fallback to an empty index
2025-08-17 12:12:37,559 [Worker-24: Building] INFO  o.e.m.c.i.embedder.EclipseLogger - Spotless.Java is keeping 19 files clean - 19 needs changes to be clean, 0 were already clean, 0 were skipped because caching determined they were already clean
2025-08-17 12:12:37,620 [Worker-24: Building] INFO  o.a.m.s.f.DefaultMavenResourcesFiltering - skip non existing resourceDirectory D:\Eclipse_workspace\book store\bookstore-webapp\src\test\resources
2025-08-17 12:12:37,763 [Worker-20: Download sources and javadoc] INFO  o.e.m.c.i.e.AbstractTransferListenerAdapter - Downloading https://repo.maven.apache.org/maven2/io/rest-assured/rest-assured-common/5.5.5/rest-assured-common-5.5.5-sources.jar
2025-08-17 12:12:37,866 [Worker-20: Download sources and javadoc] INFO  o.e.m.c.i.e.AbstractTransferListenerAdapter - Downloaded https://repo.maven.apache.org/maven2/io/rest-assured/rest-assured-common/5.5.5/rest-assured-common-5.5.5-sources.jar
2025-08-17 12:12:37,875 [Worker-20: Download sources and javadoc] INFO  o.e.m.j.internal.DownloadSourcesJob - Downloaded sources for io.rest-assured:rest-assured-common:5.5.5
2025-08-17 12:12:38,109 [Worker-20: Download sources and javadoc] INFO  o.e.m.c.i.e.AbstractTransferListenerAdapter - Downloading https://repo.maven.apache.org/maven2/io/rest-assured/xml-path/5.5.5/xml-path-5.5.5-sources.jar
2025-08-17 12:12:38,269 [Worker-20: Download sources and javadoc] INFO  o.e.m.c.i.e.AbstractTransferListenerAdapter - Downloaded https://repo.maven.apache.org/maven2/io/rest-assured/xml-path/5.5.5/xml-path-5.5.5-sources.jar
2025-08-17 12:12:38,275 [Worker-20: Download sources and javadoc] INFO  o.e.m.j.internal.DownloadSourcesJob - Downloaded sources for io.rest-assured:xml-path:5.5.5
2025-08-17 12:12:38,297 [Worker-20: Download sources and javadoc] INFO  o.e.m.j.internal.DownloadSourcesJob - Downloaded sources for org.springframework.boot:spring-boot-starter-jdbc:3.5.3
2025-08-17 12:12:38,304 [Worker-20: Download sources and javadoc] INFO  o.e.m.j.internal.DownloadSourcesJob - Downloaded sources for com.zaxxer:HikariCP:6.3.0
2025-08-17 12:12:38,310 [Worker-20: Download sources and javadoc] INFO  o.e.m.j.internal.DownloadSourcesJob - Downloaded sources for org.hibernate.orm:hibernate-core:6.6.18.Final
2025-08-17 12:12:38,317 [Worker-20: Download sources and javadoc] INFO  o.e.m.j.internal.DownloadSourcesJob - Downloaded sources for org.springframework.data:spring-data-jpa:3.5.1
2025-08-17 12:12:38,331 [Worker-20: Download sources and javadoc] INFO  o.e.m.j.internal.DownloadSourcesJob - Downloaded sources for org.springframework.data:spring-data-commons:3.5.1
2025-08-17 12:12:38,338 [Worker-20: Download sources and javadoc] INFO  o.e.m.j.internal.DownloadSourcesJob - Downloaded sources for org.springframework:spring-orm:6.2.8
2025-08-17 12:12:38,345 [Worker-20: Download sources and javadoc] INFO  o.e.m.j.internal.DownloadSourcesJob - Downloaded sources for org.springframework:spring-aspects:6.2.8
2025-08-17 12:12:38,385 [Worker-20: Download sources and javadoc] INFO  o.e.m.j.internal.DownloadSourcesJob - Downloaded sources for org.springframework.boot:spring-boot-starter-tomcat:3.5.3
2025-08-17 12:12:38,391 [Worker-20: Download sources and javadoc] INFO  o.e.m.j.internal.DownloadSourcesJob - Downloaded sources for org.apache.tomcat.embed:tomcat-embed-core:10.1.42
2025-08-17 12:12:38,403 [Worker-20: Download sources and javadoc] INFO  o.e.m.j.internal.DownloadSourcesJob - Downloaded sources for org.apache.tomcat.embed:tomcat-embed-websocket:10.1.42
2025-08-17 12:12:38,472 [Worker-20: Download sources and javadoc] INFO  o.e.m.j.internal.DownloadSourcesJob - Downloaded sources for org.springframework:spring-webmvc:6.2.8
2025-08-17 12:12:38,481 [Worker-20: Download sources and javadoc] INFO  o.e.m.j.internal.DownloadSourcesJob - Downloaded sources for org.checkerframework:checker-qual:3.49.3
2025-08-17 12:12:38,486 [Worker-20: Download sources and javadoc] INFO  o.e.m.j.internal.DownloadSourcesJob - Downloaded sources for org.testcontainers:jdbc:1.21.2
2025-08-17 12:12:38,491 [Worker-20: Download sources and javadoc] INFO  o.e.m.j.internal.DownloadSourcesJob - Downloaded sources for org.testcontainers:database-commons:1.21.2
2025-08-17 12:12:38,504 [Worker-20: Download sources and javadoc] INFO  o.e.m.j.internal.DownloadSourcesJob - Downloaded sources for org.springframework.boot:spring-boot-starter-jdbc:3.5.3
2025-08-17 12:12:38,514 [Worker-20: Download sources and javadoc] INFO  o.e.m.j.internal.DownloadSourcesJob - Downloaded sources for com.zaxxer:HikariCP:6.3.0
2025-08-17 12:12:38,543 [Worker-20: Download sources and javadoc] INFO  o.e.m.j.internal.DownloadSourcesJob - Downloaded sources for org.hibernate.orm:hibernate-core:6.6.18.Final
2025-08-17 12:12:38,649 [Worker-20: Download sources and javadoc] INFO  o.e.m.j.internal.DownloadSourcesJob - Downloaded sources for org.springframework.data:spring-data-jpa:3.5.1
2025-08-17 12:12:38,723 [Worker-20: Download sources and javadoc] INFO  o.e.m.j.internal.DownloadSourcesJob - Downloaded sources for org.springframework.data:spring-data-commons:3.5.1
2025-08-17 12:12:38,731 [Worker-20: Download sources and javadoc] INFO  o.e.m.j.internal.DownloadSourcesJob - Downloaded sources for org.springframework:spring-orm:6.2.8
2025-08-17 12:12:38,738 [Worker-20: Download sources and javadoc] INFO  o.e.m.j.internal.DownloadSourcesJob - Downloaded sources for org.springframework:spring-aspects:6.2.8
2025-08-17 12:12:38,746 [Worker-20: Download sources and javadoc] INFO  o.e.m.j.internal.DownloadSourcesJob - Downloaded sources for org.springframework.boot:spring-boot-starter-tomcat:3.5.3
2025-08-17 12:12:38,753 [Worker-20: Download sources and javadoc] INFO  o.e.m.j.internal.DownloadSourcesJob - Downloaded sources for org.apache.tomcat.embed:tomcat-embed-core:10.1.42
2025-08-17 12:12:38,758 [Worker-20: Download sources and javadoc] INFO  o.e.m.j.internal.DownloadSourcesJob - Downloaded sources for org.apache.tomcat.embed:tomcat-embed-websocket:10.1.42
2025-08-17 12:12:38,767 [Worker-20: Download sources and javadoc] INFO  o.e.m.j.internal.DownloadSourcesJob - Downloaded sources for org.springframework:spring-webmvc:6.2.8
2025-08-17 12:12:38,772 [Worker-20: Download sources and javadoc] INFO  o.e.m.j.internal.DownloadSourcesJob - Downloaded sources for org.springdoc:springdoc-openapi-starter-webmvc-api:2.8.9
2025-08-17 12:12:38,777 [Worker-20: Download sources and javadoc] INFO  o.e.m.j.internal.DownloadSourcesJob - Downloaded sources for org.checkerframework:checker-qual:3.49.3
2025-08-17 12:12:38,784 [Worker-20: Download sources and javadoc] INFO  o.e.m.j.internal.DownloadSourcesJob - Downloaded sources for org.testcontainers:jdbc:1.21.2
2025-08-17 12:12:38,789 [Worker-20: Download sources and javadoc] INFO  o.e.m.j.internal.DownloadSourcesJob - Downloaded sources for org.testcontainers:database-commons:1.21.2
2025-08-17 12:12:38,828 [Worker-20: Download sources and javadoc] INFO  o.e.m.j.internal.DownloadSourcesJob - Downloaded sources for org.apache.groovy:groovy-xml:4.0.27
2025-08-17 12:12:38,835 [Worker-20: Download sources and javadoc] INFO  o.e.m.j.internal.DownloadSourcesJob - Downloaded sources for io.rest-assured:json-path:5.5.5
2025-08-17 12:12:38,841 [Worker-20: Download sources and javadoc] INFO  o.e.m.j.internal.DownloadSourcesJob - Downloaded sources for org.apache.groovy:groovy-json:4.0.27
2025-08-17 12:12:38,889 [Worker-20: Download sources and javadoc] INFO  o.e.m.j.internal.DownloadSourcesJob - Downloaded sources for io.rest-assured:rest-assured-common:5.5.5
2025-08-17 12:12:38,935 [Worker-20: Download sources and javadoc] INFO  o.e.m.j.internal.DownloadSourcesJob - Downloaded sources for io.rest-assured:xml-path:5.5.5
2025-08-17 12:12:38,941 [Worker-20: Download sources and javadoc] INFO  o.e.m.j.internal.DownloadSourcesJob - Downloaded sources for org.springframework.boot:spring-boot-starter-tomcat:3.5.3
2025-08-17 12:12:38,950 [Worker-20: Download sources and javadoc] INFO  o.e.m.j.internal.DownloadSourcesJob - Downloaded sources for org.apache.tomcat.embed:tomcat-embed-core:10.1.42
2025-08-17 12:12:38,955 [Worker-20: Download sources and javadoc] INFO  o.e.m.j.internal.DownloadSourcesJob - Downloaded sources for org.apache.tomcat.embed:tomcat-embed-websocket:10.1.42
2025-08-17 12:12:38,965 [Worker-20: Download sources and javadoc] INFO  o.e.m.j.internal.DownloadSourcesJob - Downloaded sources for org.springframework:spring-webmvc:6.2.8
2025-08-17 12:12:39,807 [Worker-20: Download sources and javadoc] INFO  o.e.m.c.i.e.AbstractTransferListenerAdapter - Downloading https://repo.maven.apache.org/maven2/org/webjars/bootstrap/5.3.7/bootstrap-5.3.7-javadoc.jar
2025-08-17 12:12:40,242 [Worker-24: Building] INFO  o.e.m.c.i.embedder.EclipseLogger - dotGitDirectory is null, aborting execution!
2025-08-17 12:12:40,242 [Worker-24: Building] INFO  o.e.m.c.i.embedder.EclipseLogger - Writing properties file [D:\Eclipse_workspace\book store\catalog-service\target\classes\git.properties] (for project catalog-service)...
2025-08-17 12:12:40,257 [Worker-24: Building] INFO  o.a.m.s.f.DefaultMavenResourcesFiltering - Copying 1 resource from src\main\resources to target\classes
2025-08-17 12:12:40,261 [Worker-24: Building] INFO  o.a.m.s.f.DefaultMavenResourcesFiltering - Copying 2 resources from src\main\resources to target\classes
2025-08-17 12:12:40,569 [Worker-24: Building] INFO  o.e.m.c.i.embedder.EclipseLogger - Index file does not exist. Fallback to an empty index
2025-08-17 12:12:40,856 [Worker-20: Download sources and javadoc] INFO  o.e.m.c.i.e.AbstractTransferListenerAdapter - Downloaded https://repo.maven.apache.org/maven2/org/webjars/bootstrap/5.3.7/bootstrap-5.3.7-javadoc.jar
2025-08-17 12:12:40,861 [Worker-20: Download sources and javadoc] INFO  o.e.m.j.internal.DownloadSourcesJob - Downloaded javadoc for org.webjars:bootstrap:5.3.7
2025-08-17 12:12:41,558 [Worker-24: Building] INFO  o.e.m.c.i.embedder.EclipseLogger - Spotless.Java is keeping 19 files clean - 19 needs changes to be clean, 0 were already clean, 0 were skipped because caching determined they were already clean
2025-08-17 12:12:41,593 [Worker-24: Building] INFO  o.a.m.s.f.DefaultMavenResourcesFiltering - Copying 1 resource from src\test\resources to target\test-classes
2025-08-17 12:12:41,957 [Worker-20: Download sources and javadoc] INFO  o.e.m.c.i.e.AbstractTransferListenerAdapter - Downloading https://repo.maven.apache.org/maven2/org/webjars/font-awesome/6.7.2/font-awesome-6.7.2-javadoc.jar
2025-08-17 12:12:42,822 [Worker-24: Building] INFO  o.e.m.c.i.embedder.EclipseLogger - dotGitDirectory is null, aborting execution!
2025-08-17 12:12:42,823 [Worker-24: Building] INFO  o.e.m.c.i.embedder.EclipseLogger - Writing properties file [D:\Eclipse_workspace\book store\notification-service\target\classes\git.properties] (for project notification-service)...
2025-08-17 12:12:42,834 [Worker-24: Building] INFO  o.a.m.s.f.DefaultMavenResourcesFiltering - Copying 1 resource from src\main\resources to target\classes
2025-08-17 12:12:42,864 [Worker-24: Building] INFO  o.a.m.s.f.DefaultMavenResourcesFiltering - Copying 1 resource from src\main\resources to target\classes
2025-08-17 12:12:43,088 [Worker-24: Building] INFO  o.e.m.c.i.embedder.EclipseLogger - Index file does not exist. Fallback to an empty index
2025-08-17 12:12:43,907 [Worker-20: Download sources and javadoc] INFO  o.e.m.c.i.e.AbstractTransferListenerAdapter - Downloaded https://repo.maven.apache.org/maven2/org/webjars/font-awesome/6.7.2/font-awesome-6.7.2-javadoc.jar
2025-08-17 12:12:43,913 [Worker-20: Download sources and javadoc] INFO  o.e.m.j.internal.DownloadSourcesJob - Downloaded javadoc for org.webjars:font-awesome:6.7.2
2025-08-17 12:12:44,413 [Worker-20: Download sources and javadoc] INFO  o.e.m.c.i.e.AbstractTransferListenerAdapter - Downloaded https://repo.maven.apache.org/maven2/org/webjars/npm/alpinejs/3.14.9/alpinejs-3.14.9-javadoc.jar
2025-08-17 12:12:44,424 [Worker-20: Download sources and javadoc] ERROR o.e.m.j.internal.DownloadSourcesJob - Could not download javadoc for org.webjars.npm:alpinejs:3.14.9
org.eclipse.core.runtime.CoreException: Could not resolve artifact org.webjars.npm:alpinejs:jar:javadoc:3.14.9
	at org.eclipse.m2e.core.internal.embedder.MavenImpl.lambda$6(MavenImpl.java:608) ~[na:na]
	at org.eclipse.m2e.core.internal.embedder.MavenExecutionContext.executeBare(MavenExecutionContext.java:350) ~[na:na]
	at org.eclipse.m2e.core.internal.embedder.MavenExecutionContext.execute(MavenExecutionContext.java:219) ~[na:na]
	at org.eclipse.m2e.core.internal.embedder.MavenExecutionContext.execute(MavenExecutionContext.java:205) ~[na:na]
	at org.eclipse.m2e.core.internal.embedder.MavenImpl.resolve(MavenImpl.java:577) ~[na:na]
	at org.eclipse.m2e.core.internal.embedder.MavenImpl.resolve(MavenImpl.java:562) ~[na:na]
	at org.eclipse.m2e.jdt.internal.DownloadSourcesJob.download(DownloadSourcesJob.java:308) ~[na:na]
	at org.eclipse.m2e.jdt.internal.DownloadSourcesJob.downloadAttachments(DownloadSourcesJob.java:294) ~[na:na]
	at org.eclipse.m2e.jdt.internal.DownloadSourcesJob.downloadMaven(DownloadSourcesJob.java:252) ~[na:na]
	at org.eclipse.m2e.jdt.internal.DownloadSourcesJob.downloadFilesAndPopulateToUpdate(DownloadSourcesJob.java:220) ~[na:na]
	at org.eclipse.m2e.jdt.internal.DownloadSourcesJob.lambda$0(DownloadSourcesJob.java:149) ~[na:na]
	at org.eclipse.m2e.core.internal.embedder.MavenExecutionContext.executeBare(MavenExecutionContext.java:350) ~[na:na]
	at org.eclipse.m2e.core.internal.embedder.MavenExecutionContext.execute(MavenExecutionContext.java:262) ~[na:na]
	at org.eclipse.m2e.core.internal.embedder.MavenExecutionContext.execute(MavenExecutionContext.java:205) ~[na:na]
	at org.eclipse.m2e.core.embedder.IMaven.execute(IMaven.java:270) ~[na:na]
	at org.eclipse.m2e.jdt.internal.DownloadSourcesJob.run(DownloadSourcesJob.java:149) ~[na:na]
	at org.eclipse.core.internal.jobs.Worker.run(Worker.java:63) ~[org.eclipse.core.jobs_3.13.100.v20220817-1539.jar:na]
2025-08-17 12:12:44,568 [Worker-24: Building] INFO  o.e.m.c.i.embedder.EclipseLogger - Spotless.Java is keeping 19 files clean - 19 needs changes to be clean, 0 were already clean, 0 were skipped because caching determined they were already clean
2025-08-17 12:12:44,715 [Worker-24: Building] INFO  o.a.m.s.f.DefaultMavenResourcesFiltering - skip non existing resourceDirectory D:\Eclipse_workspace\book store\notification-service\src\test\resources
2025-08-17 12:13:05,172 [Worker-20: Building] INFO  o.e.m.c.i.embedder.EclipseLogger - Skip mojo execution on incremental builds.
2025-08-17 12:13:05,217 [Worker-20: Building] INFO  o.a.m.s.f.DefaultMavenResourcesFiltering - Copying 0 resource from src\main\resources to target\classes
2025-08-17 12:13:05,218 [Worker-20: Building] INFO  o.a.m.s.f.DefaultMavenResourcesFiltering - Copying 0 resource from src\main\resources to target\classes
2025-08-17 12:13:05,224 [Worker-20: Building] INFO  o.e.m.c.i.embedder.EclipseLogger - Spotless check skipped
2025-08-17 12:13:05,231 [Worker-20: Building] INFO  o.a.m.s.f.DefaultMavenResourcesFiltering - skip non existing resourceDirectory D:\Eclipse_workspace\book store\bookstore-webapp\src\test\resources
2025-08-17 12:13:05,364 [Worker-20: Building] INFO  o.e.m.c.i.embedder.EclipseLogger - Skip mojo execution on incremental builds.
2025-08-17 12:13:05,370 [Worker-20: Building] INFO  o.a.m.s.f.DefaultMavenResourcesFiltering - Copying 0 resource from src\main\resources to target\classes
2025-08-17 12:13:05,371 [Worker-20: Building] INFO  o.a.m.s.f.DefaultMavenResourcesFiltering - Copying 0 resource from src\main\resources to target\classes
2025-08-17 12:13:05,375 [Worker-20: Building] INFO  o.e.m.c.i.embedder.EclipseLogger - Spotless check skipped
2025-08-17 12:13:05,379 [Worker-20: Building] INFO  o.a.m.s.f.DefaultMavenResourcesFiltering - Copying 0 resource from src\test\resources to target\test-classes
2025-08-17 12:13:07,414 [Worker-20: Building] INFO  o.e.m.c.i.embedder.EclipseLogger - Skip mojo execution on incremental builds.
2025-08-17 12:13:07,448 [Worker-20: Building] INFO  o.a.m.s.f.DefaultMavenResourcesFiltering - Copying 0 resource from src\main\resources to target\classes
2025-08-17 12:13:07,448 [Worker-20: Building] INFO  o.a.m.s.f.DefaultMavenResourcesFiltering - Copying 0 resource from src\main\resources to target\classes
2025-08-17 12:13:07,454 [Worker-20: Building] INFO  o.e.m.c.i.embedder.EclipseLogger - Spotless check skipped
2025-08-17 12:13:07,459 [Worker-20: Building] INFO  o.a.m.s.f.DefaultMavenResourcesFiltering - skip non existing resourceDirectory D:\Eclipse_workspace\book store\notification-service\src\test\resources
2025-08-17 12:13:11,730 [Worker-20: Building] INFO  o.e.m.c.i.embedder.EclipseLogger - dotGitDirectory is null, aborting execution!
2025-08-17 12:13:11,731 [Worker-20: Building] INFO  o.e.m.c.i.embedder.EclipseLogger - Writing properties file [D:\Eclipse_workspace\book store\order-service\target\classes\git.properties] (for project order-service)...
2025-08-17 12:13:11,742 [Worker-20: Building] INFO  o.a.m.s.f.DefaultMavenResourcesFiltering - Copying 1 resource from src\main\resources to target\classes
2025-08-17 12:13:11,783 [Worker-20: Building] INFO  o.a.m.s.f.DefaultMavenResourcesFiltering - Copying 3 resources from src\main\resources to target\classes
2025-08-17 12:13:12,025 [Worker-20: Building] INFO  o.e.m.c.i.embedder.EclipseLogger - Index file does not exist. Fallback to an empty index
2025-08-17 12:13:14,396 [Worker-20: Building] INFO  o.e.m.c.i.embedder.EclipseLogger - Spotless.Java is keeping 51 files clean - 51 needs changes to be clean, 0 were already clean, 0 were skipped because caching determined they were already clean
2025-08-17 12:13:14,435 [Worker-20: Building] INFO  o.a.m.s.f.DefaultMavenResourcesFiltering - Copying 2 resources from src\test\resources to target\test-classes
2025-08-17 12:15:51,848 [Worker-24: Building] INFO  o.e.m.c.i.l.LifecycleMappingFactory - Using org.eclipse.m2e.jdt.JarLifecycleMapping lifecycle mapping for MavenProject: com.sivalabs.bookstore:api-gateway:0.0.1-SNAPSHOT @ D:\Eclipse_workspace\book store\api-gateway\pom.xml.
2025-08-17 12:15:53,689 [Worker-24: Building] INFO  o.e.m.c.i.embedder.EclipseLogger - Skip mojo execution on incremental builds.
2025-08-17 12:15:53,693 [Worker-24: Building] INFO  o.a.m.s.f.DefaultMavenResourcesFiltering - Copying 0 resource from src\main\resources to target\classes
2025-08-17 12:15:53,693 [Worker-24: Building] INFO  o.a.m.s.f.DefaultMavenResourcesFiltering - Copying 0 resource from src\main\resources to target\classes
2025-08-17 12:15:53,698 [Worker-24: Building] INFO  o.e.m.c.i.embedder.EclipseLogger - Spotless check skipped
2025-08-17 12:15:53,702 [Worker-24: Building] INFO  o.a.m.s.f.DefaultMavenResourcesFiltering - skip non existing resourceDirectory D:\Eclipse_workspace\book store\api-gateway\src\test\resources
2025-08-17 12:19:23,096 [Worker-31: Updating Maven Project] INFO  o.e.m.c.i.p.ProjectConfigurationManager - Update started
2025-08-17 12:19:23,616 [Worker-31: Updating Maven Project] INFO  o.e.m.c.i.l.LifecycleMappingFactory - Using org.eclipse.m2e.jdt.JarLifecycleMapping lifecycle mapping for MavenProject: com.sivalabs.bookstore:api-gateway:0.0.1-SNAPSHOT @ D:\Eclipse_workspace\book store\api-gateway\pom.xml.
2025-08-17 12:19:26,747 [Worker-31: Updating Maven Project] INFO  o.e.m.c.i.e.AbstractTransferListenerAdapter - Downloaded https://repo.spring.io/milestone/org/springdoc/springdoc-openapi-starter-webflux-api/2.8.9/springdoc-openapi-starter-webflux-api-2.8.9.pom
2025-08-17 12:19:27,018 [Worker-31: Updating Maven Project] INFO  o.e.m.c.i.e.AbstractTransferListenerAdapter - Downloading https://repo.maven.apache.org/maven2/org/springdoc/springdoc-openapi-starter-webflux-api/2.8.9/springdoc-openapi-starter-webflux-api-2.8.9.pom
2025-08-17 12:19:27,116 [Worker-31: Updating Maven Project] INFO  o.e.m.c.i.e.AbstractTransferListenerAdapter - Downloaded https://repo.maven.apache.org/maven2/org/springdoc/springdoc-openapi-starter-webflux-api/2.8.9/springdoc-openapi-starter-webflux-api-2.8.9.pom
2025-08-17 12:19:27,666 [Worker-31: Updating Maven Project] INFO  o.e.m.c.i.e.AbstractTransferListenerAdapter - Downloaded https://repo.spring.io/milestone/org/springdoc/springdoc-openapi-starter-webflux-api/2.8.9/springdoc-openapi-starter-webflux-api-2.8.9.jar
2025-08-17 12:19:27,717 [Worker-31: Updating Maven Project] INFO  o.e.m.c.i.e.AbstractTransferListenerAdapter - Downloading https://repo.maven.apache.org/maven2/org/springdoc/springdoc-openapi-starter-webflux-api/2.8.9/springdoc-openapi-starter-webflux-api-2.8.9.jar
2025-08-17 12:19:27,819 [Worker-31: Updating Maven Project] INFO  o.e.m.c.i.e.AbstractTransferListenerAdapter - Downloaded https://repo.maven.apache.org/maven2/org/springdoc/springdoc-openapi-starter-webflux-api/2.8.9/springdoc-openapi-starter-webflux-api-2.8.9.jar
2025-08-17 12:19:28,359 [Worker-31: Updating Maven Project] INFO  o.e.m.j.i.AbstractJavaProjectConfigurator - Adding source folder /api-gateway/src/main/java
2025-08-17 12:19:28,360 [Worker-31: Updating Maven Project] INFO  o.e.m.j.i.AbstractJavaProjectConfigurator - Adding resource folder /api-gateway/src/main/resources
2025-08-17 12:19:28,360 [Worker-31: Updating Maven Project] INFO  o.e.m.j.i.AbstractJavaProjectConfigurator - Adding resource folder /api-gateway/src/main/resources
2025-08-17 12:19:28,360 [Worker-31: Updating Maven Project] INFO  o.e.m.j.i.AbstractJavaProjectConfigurator - Adding source folder /api-gateway/src/test/java
2025-08-17 12:19:29,077 [Worker-31: Updating Maven Project] INFO  o.e.m.c.i.p.ProjectConfigurationManager - Update completed: 5 sec
2025-08-17 12:19:29,193 [Worker-27: Building] INFO  o.e.m.c.i.embedder.EclipseLogger - dotGitDirectory is null, aborting execution!
2025-08-17 12:19:29,193 [Worker-27: Building] INFO  o.e.m.c.i.embedder.EclipseLogger - Writing properties file [D:\Eclipse_workspace\book store\api-gateway\target\classes\git.properties] (for project api-gateway)...
2025-08-17 12:19:29,196 [Worker-27: Building] INFO  o.a.m.s.f.DefaultMavenResourcesFiltering - Copying 1 resource from src\main\resources to target\classes
2025-08-17 12:19:29,200 [Worker-27: Building] INFO  o.a.m.s.f.DefaultMavenResourcesFiltering - Copying 1 resource from src\main\resources to target\classes
2025-08-17 12:19:29,605 [Worker-27: Building] INFO  o.e.m.c.i.embedder.EclipseLogger - Spotless.Java is keeping 3 files clean - 3 needs changes to be clean, 0 were already clean, 0 were skipped because caching determined they were already clean
2025-08-17 12:19:29,642 [Worker-27: Building] INFO  o.a.m.s.f.DefaultMavenResourcesFiltering - skip non existing resourceDirectory D:\Eclipse_workspace\book store\api-gateway\src\test\resources
2025-08-17 12:19:31,965 [Worker-34: Download sources and javadoc] INFO  o.e.m.c.i.e.AbstractTransferListenerAdapter - Downloaded https://repo.spring.io/milestone/org/springdoc/springdoc-openapi-starter-webflux-api/2.8.9/springdoc-openapi-starter-webflux-api-2.8.9-sources.jar
2025-08-17 12:19:32,184 [Worker-34: Download sources and javadoc] INFO  o.e.m.c.i.e.AbstractTransferListenerAdapter - Downloading https://repo.maven.apache.org/maven2/org/springdoc/springdoc-openapi-starter-webflux-api/2.8.9/springdoc-openapi-starter-webflux-api-2.8.9-sources.jar
2025-08-17 12:19:32,596 [Worker-34: Download sources and javadoc] INFO  o.e.m.c.i.e.AbstractTransferListenerAdapter - Downloaded https://repo.maven.apache.org/maven2/org/springdoc/springdoc-openapi-starter-webflux-api/2.8.9/springdoc-openapi-starter-webflux-api-2.8.9-sources.jar
2025-08-17 12:19:32,613 [Worker-34: Download sources and javadoc] INFO  o.e.m.j.internal.DownloadSourcesJob - Downloaded sources for org.springdoc:springdoc-openapi-starter-webflux-api:2.8.9
2025-08-17 12:19:33,544 [Worker-32: Building] INFO  o.e.m.c.i.embedder.EclipseLogger - Skip mojo execution on incremental builds.
2025-08-17 12:19:33,549 [Worker-32: Building] INFO  o.a.m.s.f.DefaultMavenResourcesFiltering - Copying 0 resource from src\main\resources to target\classes
2025-08-17 12:19:33,549 [Worker-32: Building] INFO  o.a.m.s.f.DefaultMavenResourcesFiltering - Copying 0 resource from src\main\resources to target\classes
2025-08-17 12:19:33,554 [Worker-32: Building] INFO  o.e.m.c.i.embedder.EclipseLogger - Spotless check skipped
2025-08-17 12:19:33,558 [Worker-32: Building] INFO  o.a.m.s.f.DefaultMavenResourcesFiltering - skip non existing resourceDirectory D:\Eclipse_workspace\book store\api-gateway\src\test\resources
2025-08-17 12:21:23,630 [Worker-35: Updating Maven Project] INFO  o.e.m.c.i.p.ProjectConfigurationManager - Update started
2025-08-17 12:21:25,213 [Worker-35: Updating Maven Project] INFO  o.e.m.c.i.l.LifecycleMappingFactory - Using org.eclipse.m2e.jdt.JarLifecycleMapping lifecycle mapping for MavenProject: com.sivalabs:catalog-service:0.0.1-SNAPSHOT @ D:\Eclipse_workspace\book store\catalog-service\pom.xml.
2025-08-17 12:21:25,991 [Worker-35: Updating Maven Project] INFO  o.e.m.c.i.l.LifecycleMappingFactory - Using org.eclipse.m2e.jdt.JarLifecycleMapping lifecycle mapping for MavenProject: com.sivalabs:notification-service:0.0.1-SNAPSHOT @ D:\Eclipse_workspace\book store\notification-service\pom.xml.
2025-08-17 12:21:26,184 [Worker-35: Updating Maven Project] INFO  o.e.m.c.i.l.LifecycleMappingFactory - Using org.eclipse.m2e.jdt.JarLifecycleMapping lifecycle mapping for MavenProject: com.sivalabs:order-service:0.0.1-SNAPSHOT @ D:\Eclipse_workspace\book store\order-service\pom.xml.
2025-08-17 12:21:26,687 [Worker-35: Updating Maven Project] INFO  o.e.m.c.i.l.LifecycleMappingFactory - Using org.eclipse.m2e.jdt.JarLifecycleMapping lifecycle mapping for MavenProject: com.sivalabs.bookstore:api-gateway:0.0.1-SNAPSHOT @ D:\Eclipse_workspace\book store\api-gateway\pom.xml.
2025-08-17 12:21:28,190 [Worker-35: Updating Maven Project] INFO  o.e.m.c.i.e.AbstractTransferListenerAdapter - Downloaded https://repo.spring.io/milestone/org/springdoc/springdoc-openapi-starter-webflux-ui/2.8.9/springdoc-openapi-starter-webflux-ui-2.8.9.jar
2025-08-17 12:21:28,422 [Worker-35: Updating Maven Project] INFO  o.e.m.c.i.e.AbstractTransferListenerAdapter - Downloading https://repo.maven.apache.org/maven2/org/springdoc/springdoc-openapi-starter-webflux-ui/2.8.9/springdoc-openapi-starter-webflux-ui-2.8.9.jar
2025-08-17 12:21:28,916 [Worker-35: Updating Maven Project] INFO  o.e.m.c.i.e.AbstractTransferListenerAdapter - Downloaded https://repo.maven.apache.org/maven2/org/springdoc/springdoc-openapi-starter-webflux-ui/2.8.9/springdoc-openapi-starter-webflux-ui-2.8.9.jar
2025-08-17 12:21:28,966 [Worker-35: Updating Maven Project] INFO  o.e.m.c.i.l.LifecycleMappingFactory - Using org.eclipse.m2e.jdt.JarLifecycleMapping lifecycle mapping for MavenProject: com.sivalabs:bookstore-webapp:0.0.1-SNAPSHOT @ D:\Eclipse_workspace\book store\bookstore-webapp\pom.xml.
2025-08-17 12:21:29,069 [Worker-35: Updating Maven Project] INFO  o.e.m.c.i.e.AbstractTransferListenerAdapter - Downloading https://repo.maven.apache.org/maven2/org/webjars/npm/vue__reactivity/maven-metadata.xml
2025-08-17 12:21:29,172 [Worker-35: Updating Maven Project] INFO  o.e.m.c.i.e.AbstractTransferListenerAdapter - Downloaded https://repo.maven.apache.org/maven2/org/webjars/npm/vue__reactivity/maven-metadata.xml
2025-08-17 12:21:29,224 [Worker-35: Updating Maven Project] INFO  o.e.m.c.i.e.AbstractTransferListenerAdapter - Downloading https://repo.maven.apache.org/maven2/org/webjars/npm/vue__shared/maven-metadata.xml
2025-08-17 12:21:29,288 [Worker-35: Updating Maven Project] INFO  o.e.m.c.i.e.AbstractTransferListenerAdapter - Downloaded https://repo.maven.apache.org/maven2/org/webjars/npm/vue__shared/maven-metadata.xml
2025-08-17 12:21:32,508 [Worker-35: Updating Maven Project] INFO  o.e.m.j.i.AbstractJavaProjectConfigurator - Adding source folder /api-gateway/src/main/java
2025-08-17 12:21:32,508 [Worker-35: Updating Maven Project] INFO  o.e.m.j.i.AbstractJavaProjectConfigurator - Adding resource folder /api-gateway/src/main/resources
2025-08-17 12:21:32,508 [Worker-35: Updating Maven Project] INFO  o.e.m.j.i.AbstractJavaProjectConfigurator - Adding resource folder /api-gateway/src/main/resources
2025-08-17 12:21:32,509 [Worker-35: Updating Maven Project] INFO  o.e.m.j.i.AbstractJavaProjectConfigurator - Adding source folder /api-gateway/src/test/java
2025-08-17 12:21:33,082 [Worker-35: Updating Maven Project] INFO  o.e.m.c.i.p.ProjectConfigurationManager - Update completed: 9 sec
2025-08-17 12:21:33,795 [Worker-32: Building] INFO  o.e.m.c.i.embedder.EclipseLogger - dotGitDirectory is null, aborting execution!
2025-08-17 12:21:33,809 [Worker-32: Building] INFO  o.e.m.c.i.embedder.EclipseLogger - Writing properties file [D:\Eclipse_workspace\book store\api-gateway\target\classes\git.properties] (for project api-gateway)...
2025-08-17 12:21:33,839 [Worker-32: Building] INFO  o.a.m.s.f.DefaultMavenResourcesFiltering - Copying 1 resource from src\main\resources to target\classes
2025-08-17 12:21:33,865 [Worker-32: Building] INFO  o.a.m.s.f.DefaultMavenResourcesFiltering - Copying 1 resource from src\main\resources to target\classes
2025-08-17 12:21:35,143 [Worker-32: Building] INFO  o.e.m.c.i.embedder.EclipseLogger - Spotless.Java is keeping 3 files clean - 3 needs changes to be clean, 0 were already clean, 0 were skipped because caching determined they were already clean
2025-08-17 12:21:35,237 [Worker-32: Building] INFO  o.a.m.s.f.DefaultMavenResourcesFiltering - skip non existing resourceDirectory D:\Eclipse_workspace\book store\api-gateway\src\test\resources
2025-08-17 12:21:35,712 [Worker-32: Building] INFO  o.e.m.c.i.embedder.EclipseLogger - Skip mojo execution on incremental builds.
2025-08-17 12:21:36,018 [Worker-32: Building] INFO  o.a.m.s.f.DefaultMavenResourcesFiltering - Copying 0 resource from src\main\resources to target\classes
2025-08-17 12:21:36,018 [Worker-32: Building] INFO  o.a.m.s.f.DefaultMavenResourcesFiltering - Copying 0 resource from src\main\resources to target\classes
2025-08-17 12:21:36,022 [Worker-32: Building] INFO  o.e.m.c.i.embedder.EclipseLogger - Spotless check skipped
2025-08-17 12:21:36,024 [Worker-32: Building] INFO  o.a.m.s.f.DefaultMavenResourcesFiltering - skip non existing resourceDirectory D:\Eclipse_workspace\book store\bookstore-webapp\src\test\resources
2025-08-17 12:21:36,057 [Worker-32: Building] INFO  o.e.m.c.i.embedder.EclipseLogger - Skip mojo execution on incremental builds.
2025-08-17 12:21:36,063 [Worker-32: Building] INFO  o.a.m.s.f.DefaultMavenResourcesFiltering - Copying 0 resource from src\main\resources to target\classes
2025-08-17 12:21:36,063 [Worker-32: Building] INFO  o.a.m.s.f.DefaultMavenResourcesFiltering - Copying 0 resource from src\main\resources to target\classes
2025-08-17 12:21:36,069 [Worker-32: Building] INFO  o.e.m.c.i.embedder.EclipseLogger - Spotless check skipped
2025-08-17 12:21:36,074 [Worker-32: Building] INFO  o.a.m.s.f.DefaultMavenResourcesFiltering - Copying 0 resource from src\test\resources to target\test-classes
2025-08-17 12:21:36,104 [Worker-32: Building] INFO  o.e.m.c.i.embedder.EclipseLogger - Skip mojo execution on incremental builds.
2025-08-17 12:21:36,109 [Worker-32: Building] INFO  o.a.m.s.f.DefaultMavenResourcesFiltering - Copying 0 resource from src\main\resources to target\classes
2025-08-17 12:21:36,109 [Worker-32: Building] INFO  o.a.m.s.f.DefaultMavenResourcesFiltering - Copying 0 resource from src\main\resources to target\classes
2025-08-17 12:21:36,111 [Worker-32: Building] INFO  o.e.m.c.i.embedder.EclipseLogger - Spotless check skipped
2025-08-17 12:21:36,113 [Worker-32: Building] INFO  o.a.m.s.f.DefaultMavenResourcesFiltering - skip non existing resourceDirectory D:\Eclipse_workspace\book store\notification-service\src\test\resources
2025-08-17 12:21:36,143 [Worker-32: Building] INFO  o.e.m.c.i.embedder.EclipseLogger - Skip mojo execution on incremental builds.
2025-08-17 12:21:36,147 [Worker-32: Building] INFO  o.a.m.s.f.DefaultMavenResourcesFiltering - Copying 0 resource from src\main\resources to target\classes
2025-08-17 12:21:36,147 [Worker-32: Building] INFO  o.a.m.s.f.DefaultMavenResourcesFiltering - Copying 0 resource from src\main\resources to target\classes
2025-08-17 12:21:36,150 [Worker-32: Building] INFO  o.e.m.c.i.embedder.EclipseLogger - Spotless check skipped
2025-08-17 12:21:36,152 [Worker-32: Building] INFO  o.a.m.s.f.DefaultMavenResourcesFiltering - Copying 0 resource from src\test\resources to target\test-classes
2025-08-17 16:16:56,899 [Worker-58: Building] INFO  o.e.m.c.i.embedder.EclipseLogger - Skip mojo execution on incremental builds.
2025-08-17 16:16:56,906 [Worker-58: Building] INFO  o.a.m.s.f.DefaultMavenResourcesFiltering - Copying 1 resource from src\main\resources to target\classes
2025-08-17 16:16:57,036 [Worker-58: Building] INFO  o.a.m.s.f.DefaultMavenResourcesFiltering - Copying 0 resource from src\main\resources to target\classes
2025-08-17 16:16:57,042 [Worker-58: Building] INFO  o.e.m.c.i.embedder.EclipseLogger - Spotless check skipped
2025-08-17 16:16:57,046 [Worker-58: Building] INFO  o.a.m.s.f.DefaultMavenResourcesFiltering - skip non existing resourceDirectory D:\Eclipse_workspace\book store\api-gateway\src\test\resources
2025-08-17 16:18:35,347 [Worker-60: Building] INFO  o.e.m.c.i.embedder.EclipseLogger - Skip mojo execution on incremental builds.
2025-08-17 16:18:35,350 [Worker-60: Building] INFO  o.a.m.s.f.DefaultMavenResourcesFiltering - Copying 1 resource from src\main\resources to target\classes
2025-08-17 16:18:35,441 [Worker-60: Building] INFO  o.a.m.s.f.DefaultMavenResourcesFiltering - Copying 0 resource from src\main\resources to target\classes
2025-08-17 16:18:35,444 [Worker-60: Building] INFO  o.e.m.c.i.embedder.EclipseLogger - Spotless check skipped
2025-08-17 16:18:35,447 [Worker-60: Building] INFO  o.a.m.s.f.DefaultMavenResourcesFiltering - skip non existing resourceDirectory D:\Eclipse_workspace\book store\api-gateway\src\test\resources
2025-08-17 16:22:01,712 [Worker-64: Building] INFO  o.e.m.c.i.embedder.EclipseLogger - Skip mojo execution on incremental builds.
2025-08-17 16:22:01,716 [Worker-64: Building] INFO  o.a.m.s.f.DefaultMavenResourcesFiltering - Copying 1 resource from src\main\resources to target\classes
2025-08-17 16:22:01,821 [Worker-64: Building] INFO  o.a.m.s.f.DefaultMavenResourcesFiltering - Copying 1 resource from src\main\resources to target\classes
2025-08-17 16:22:01,824 [Worker-64: Building] INFO  o.e.m.c.i.embedder.EclipseLogger - Spotless check skipped
2025-08-17 16:22:01,826 [Worker-64: Building] INFO  o.a.m.s.f.DefaultMavenResourcesFiltering - skip non existing resourceDirectory D:\Eclipse_workspace\book store\api-gateway\src\test\resources
2025-08-17 16:22:18,666 [Worker-64: Building] INFO  o.e.m.c.i.embedder.EclipseLogger - Skip mojo execution on incremental builds.
2025-08-17 16:22:18,669 [Worker-64: Building] INFO  o.a.m.s.f.DefaultMavenResourcesFiltering - Copying 1 resource from src\main\resources to target\classes
2025-08-17 16:22:18,772 [Worker-64: Building] INFO  o.a.m.s.f.DefaultMavenResourcesFiltering - Copying 1 resource from src\main\resources to target\classes
2025-08-17 16:22:18,774 [Worker-64: Building] INFO  o.e.m.c.i.embedder.EclipseLogger - Spotless check skipped
2025-08-17 16:22:18,777 [Worker-64: Building] INFO  o.a.m.s.f.DefaultMavenResourcesFiltering - skip non existing resourceDirectory D:\Eclipse_workspace\book store\api-gateway\src\test\resources
2025-08-17 16:30:45,441 [Worker-64: Building] INFO  o.e.m.c.i.embedder.EclipseLogger - Skip mojo execution on incremental builds.
2025-08-17 16:30:45,445 [Worker-64: Building] INFO  o.a.m.s.f.DefaultMavenResourcesFiltering - Copying 1 resource from src\main\resources to target\classes
2025-08-17 16:30:45,503 [Worker-64: Building] INFO  o.a.m.s.f.DefaultMavenResourcesFiltering - Copying 1 resource from src\main\resources to target\classes
2025-08-17 16:30:45,508 [Worker-64: Building] INFO  o.e.m.c.i.embedder.EclipseLogger - Spotless check skipped
2025-08-17 16:30:45,512 [Worker-64: Building] INFO  o.a.m.s.f.DefaultMavenResourcesFiltering - skip non existing resourceDirectory D:\Eclipse_workspace\book store\api-gateway\src\test\resources
2025-08-17 16:33:45,546 [Worker-64: Building] INFO  o.e.m.c.i.embedder.EclipseLogger - Skip mojo execution on incremental builds.
2025-08-17 16:33:45,549 [Worker-64: Building] INFO  o.a.m.s.f.DefaultMavenResourcesFiltering - Copying 1 resource from src\main\resources to target\classes
2025-08-17 16:33:45,574 [Worker-64: Building] INFO  o.a.m.s.f.DefaultMavenResourcesFiltering - Copying 1 resource from src\main\resources to target\classes
2025-08-17 16:33:45,577 [Worker-64: Building] INFO  o.e.m.c.i.embedder.EclipseLogger - Spotless check skipped
2025-08-17 16:33:45,580 [Worker-64: Building] INFO  o.a.m.s.f.DefaultMavenResourcesFiltering - skip non existing resourceDirectory D:\Eclipse_workspace\book store\api-gateway\src\test\resources
2025-08-17 16:33:47,864 [Worker-68: Building] INFO  o.e.m.c.i.embedder.EclipseLogger - Skip mojo execution on incremental builds.
2025-08-17 16:33:47,868 [Worker-68: Building] INFO  o.a.m.s.f.DefaultMavenResourcesFiltering - Copying 1 resource from src\main\resources to target\classes
2025-08-17 16:33:47,928 [Worker-68: Building] INFO  o.a.m.s.f.DefaultMavenResourcesFiltering - Copying 1 resource from src\main\resources to target\classes
2025-08-17 16:33:47,931 [Worker-68: Building] INFO  o.e.m.c.i.embedder.EclipseLogger - Spotless check skipped
2025-08-17 16:33:47,933 [Worker-68: Building] INFO  o.a.m.s.f.DefaultMavenResourcesFiltering - skip non existing resourceDirectory D:\Eclipse_workspace\book store\api-gateway\src\test\resources
2025-08-17 16:37:23,922 [Worker-70: Building] INFO  o.e.m.c.i.embedder.EclipseLogger - Skip mojo execution on incremental builds.
2025-08-17 16:37:23,926 [Worker-70: Building] INFO  o.a.m.s.f.DefaultMavenResourcesFiltering - Copying 1 resource from src\main\resources to target\classes
2025-08-17 16:37:23,935 [Worker-70: Building] INFO  o.a.m.s.f.DefaultMavenResourcesFiltering - Copying 1 resource from src\main\resources to target\classes
2025-08-17 16:37:23,939 [Worker-70: Building] INFO  o.e.m.c.i.embedder.EclipseLogger - Spotless check skipped
2025-08-17 16:37:23,942 [Worker-70: Building] INFO  o.a.m.s.f.DefaultMavenResourcesFiltering - skip non existing resourceDirectory D:\Eclipse_workspace\book store\api-gateway\src\test\resources
2025-08-17 16:47:26,381 [Worker-73: Building] INFO  o.e.m.c.i.embedder.EclipseLogger - Skip mojo execution on incremental builds.
2025-08-17 16:47:26,397 [Worker-73: Building] INFO  o.a.m.s.f.DefaultMavenResourcesFiltering - Copying 1 resource from src\main\resources to target\classes
2025-08-17 16:47:26,425 [Worker-73: Building] INFO  o.a.m.s.f.DefaultMavenResourcesFiltering - Copying 2 resources from src\main\resources to target\classes
2025-08-17 16:47:26,430 [Worker-73: Building] INFO  o.e.m.c.i.embedder.EclipseLogger - Spotless check skipped
2025-08-17 16:47:26,434 [Worker-73: Building] INFO  o.a.m.s.f.DefaultMavenResourcesFiltering - Copying 1 resource from src\test\resources to target\test-classes
2025-08-17 16:48:31,770 [Worker-75: Building] INFO  o.e.m.c.i.embedder.EclipseLogger - Skip mojo execution on incremental builds.
2025-08-17 16:48:31,773 [Worker-75: Building] INFO  o.a.m.s.f.DefaultMavenResourcesFiltering - Copying 0 resource from src\main\resources to target\classes
2025-08-17 16:48:31,773 [Worker-75: Building] INFO  o.a.m.s.f.DefaultMavenResourcesFiltering - Copying 0 resource from src\main\resources to target\classes
2025-08-17 16:48:31,775 [Worker-75: Building] INFO  o.e.m.c.i.embedder.EclipseLogger - Spotless check skipped
2025-08-17 16:48:31,779 [Worker-75: Building] INFO  o.a.m.s.f.DefaultMavenResourcesFiltering - skip non existing resourceDirectory D:\Eclipse_workspace\book store\api-gateway\src\test\resources
2025-08-17 17:01:28,884 [Start Help Server] INFO  org.eclipse.jetty.server.Server - jetty-10.0.11; built: 2022-06-21T21:12:44.640Z; git: d988aa016e0bb2de6fba84c1659049c72eae3e32; jvm 18.0.2.1+1-1
2025-08-17 17:01:28,988 [Start Help Server] INFO  o.e.j.s.s.DefaultSessionIdManager - Session workerName=node0
2025-08-17 17:01:29,030 [Start Help Server] INFO  o.e.j.server.handler.ContextHandler - Started o.e.j.s.ServletContextHandler@4a2736d0{/help,null,AVAILABLE}
2025-08-17 17:01:29,054 [Start Help Server] INFO  o.e.jetty.server.AbstractConnector - Started ServerConnector@530e47a1{HTTP/1.1, (http/1.1)}{127.0.0.1:53568}
2025-08-17 17:01:29,058 [Start Help Server] INFO  org.eclipse.jetty.server.Server - Started Server@269c4554{STARTING}[10.0.11,sto=0] @18991567ms
2025-08-17 17:02:19,731 [Worker-79: Building] INFO  o.e.m.c.i.embedder.EclipseLogger - Skip mojo execution on incremental builds.
2025-08-17 17:02:19,743 [Worker-79: Building] INFO  o.a.m.s.f.DefaultMavenResourcesFiltering - Copying 1 resource from src\main\resources to target\classes
2025-08-17 17:02:19,786 [Worker-79: Building] INFO  o.a.m.s.f.DefaultMavenResourcesFiltering - Copying 2 resources from src\main\resources to target\classes
2025-08-17 17:02:19,795 [Worker-79: Building] INFO  o.e.m.c.i.embedder.EclipseLogger - Spotless check skipped
2025-08-17 17:02:19,800 [Worker-79: Building] INFO  o.a.m.s.f.DefaultMavenResourcesFiltering - Copying 1 resource from src\test\resources to target\test-classes
2025-08-17 17:03:50,937 [Worker-77: Building] INFO  o.e.m.c.i.embedder.EclipseLogger - Skip mojo execution on incremental builds.
2025-08-17 17:03:50,943 [Worker-77: Building] INFO  o.a.m.s.f.DefaultMavenResourcesFiltering - Copying 1 resource from src\main\resources to target\classes
2025-08-17 17:03:50,976 [Worker-77: Building] INFO  o.a.m.s.f.DefaultMavenResourcesFiltering - Copying 0 resource from src\main\resources to target\classes
2025-08-17 17:03:50,978 [Worker-77: Building] INFO  o.e.m.c.i.embedder.EclipseLogger - Spotless check skipped
2025-08-17 17:03:50,982 [Worker-77: Building] INFO  o.a.m.s.f.DefaultMavenResourcesFiltering - Copying 0 resource from src\test\resources to target\test-classes
2025-08-17 17:12:29,248 [Worker-82: Building] INFO  o.e.m.c.i.embedder.EclipseLogger - Skip mojo execution on incremental builds.
2025-08-17 17:12:29,255 [Worker-82: Building] INFO  o.a.m.s.f.DefaultMavenResourcesFiltering - Copying 1 resource from src\main\resources to target\classes
2025-08-17 17:12:29,296 [Worker-82: Building] INFO  o.a.m.s.f.DefaultMavenResourcesFiltering - Copying 2 resources from src\main\resources to target\classes
2025-08-17 17:12:29,300 [Worker-82: Building] INFO  o.e.m.c.i.embedder.EclipseLogger - Spotless check skipped
2025-08-17 17:12:29,305 [Worker-82: Building] INFO  o.a.m.s.f.DefaultMavenResourcesFiltering - Copying 0 resource from src\test\resources to target\test-classes
2025-08-17 17:12:39,039 [Worker-83: Building] INFO  o.e.m.c.i.embedder.EclipseLogger - Skip mojo execution on incremental builds.
2025-08-17 17:12:39,044 [Worker-83: Building] INFO  o.a.m.s.f.DefaultMavenResourcesFiltering - Copying 1 resource from src\main\resources to target\classes
2025-08-17 17:12:39,052 [Worker-83: Building] INFO  o.a.m.s.f.DefaultMavenResourcesFiltering - Copying 2 resources from src\main\resources to target\classes
2025-08-17 17:12:39,054 [Worker-83: Building] INFO  o.e.m.c.i.embedder.EclipseLogger - Spotless check skipped
2025-08-17 17:12:39,056 [Worker-83: Building] INFO  o.a.m.s.f.DefaultMavenResourcesFiltering - Copying 0 resource from src\test\resources to target\test-classes
2025-08-17 17:12:56,652 [Worker-77: Building] INFO  o.e.m.c.i.embedder.EclipseLogger - Skip mojo execution on incremental builds.
2025-08-17 17:12:56,661 [Worker-77: Building] INFO  o.a.m.s.f.DefaultMavenResourcesFiltering - Copying 1 resource from src\main\resources to target\classes
2025-08-17 17:12:56,671 [Worker-77: Building] INFO  o.a.m.s.f.DefaultMavenResourcesFiltering - Copying 2 resources from src\main\resources to target\classes
2025-08-17 17:12:56,673 [Worker-77: Building] INFO  o.e.m.c.i.embedder.EclipseLogger - Spotless check skipped
2025-08-17 17:12:56,676 [Worker-77: Building] INFO  o.a.m.s.f.DefaultMavenResourcesFiltering - Copying 0 resource from src\test\resources to target\test-classes
2025-08-17 17:13:06,282 [Worker-83: Building] INFO  o.e.m.c.i.embedder.EclipseLogger - Skip mojo execution on incremental builds.
2025-08-17 17:13:06,287 [Worker-83: Building] INFO  o.a.m.s.f.DefaultMavenResourcesFiltering - Copying 1 resource from src\main\resources to target\classes
2025-08-17 17:13:06,299 [Worker-83: Building] INFO  o.a.m.s.f.DefaultMavenResourcesFiltering - Copying 2 resources from src\main\resources to target\classes
2025-08-17 17:13:06,302 [Worker-83: Building] INFO  o.e.m.c.i.embedder.EclipseLogger - Spotless check skipped
2025-08-17 17:13:06,304 [Worker-83: Building] INFO  o.a.m.s.f.DefaultMavenResourcesFiltering - Copying 0 resource from src\test\resources to target\test-classes
2025-08-17 17:13:22,869 [Worker-84: Building] INFO  o.e.m.c.i.embedder.EclipseLogger - Skip mojo execution on incremental builds.
2025-08-17 17:13:22,876 [Worker-84: Building] INFO  o.a.m.s.f.DefaultMavenResourcesFiltering - Copying 1 resource from src\main\resources to target\classes
2025-08-17 17:13:23,042 [Worker-84: Building] INFO  o.a.m.s.f.DefaultMavenResourcesFiltering - Copying 2 resources from src\main\resources to target\classes
2025-08-17 17:13:23,045 [Worker-84: Building] INFO  o.e.m.c.i.embedder.EclipseLogger - Spotless check skipped
2025-08-17 17:13:23,050 [Worker-84: Building] INFO  o.a.m.s.f.DefaultMavenResourcesFiltering - Copying 1 resource from src\test\resources to target\test-classes
2025-08-17 17:13:52,758 [Worker-82: Building] INFO  o.e.m.c.i.embedder.EclipseLogger - Skip mojo execution on incremental builds.
2025-08-17 17:13:52,767 [Worker-82: Building] INFO  o.a.m.s.f.DefaultMavenResourcesFiltering - Copying 1 resource from src\main\resources to target\classes
2025-08-17 17:13:52,785 [Worker-82: Building] INFO  o.a.m.s.f.DefaultMavenResourcesFiltering - Copying 2 resources from src\main\resources to target\classes
2025-08-17 17:13:52,791 [Worker-82: Building] INFO  o.e.m.c.i.embedder.EclipseLogger - Spotless check skipped
2025-08-17 17:13:52,794 [Worker-82: Building] INFO  o.a.m.s.f.DefaultMavenResourcesFiltering - Copying 0 resource from src\test\resources to target\test-classes
2025-08-17 17:14:00,549 [Worker-77: Building] INFO  o.e.m.c.i.embedder.EclipseLogger - Skip mojo execution on incremental builds.
2025-08-17 17:14:00,556 [Worker-77: Building] INFO  o.a.m.s.f.DefaultMavenResourcesFiltering - Copying 1 resource from src\main\resources to target\classes
2025-08-17 17:14:00,560 [Worker-77: Building] INFO  o.a.m.s.f.DefaultMavenResourcesFiltering - Copying 2 resources from src\main\resources to target\classes
2025-08-17 17:14:00,563 [Worker-77: Building] INFO  o.e.m.c.i.embedder.EclipseLogger - Spotless check skipped
2025-08-17 17:14:00,566 [Worker-77: Building] INFO  o.a.m.s.f.DefaultMavenResourcesFiltering - Copying 0 resource from src\test\resources to target\test-classes
2025-08-17 17:14:08,922 [Worker-77: Building] INFO  o.e.m.c.i.embedder.EclipseLogger - Skip mojo execution on incremental builds.
2025-08-17 17:14:08,928 [Worker-77: Building] INFO  o.a.m.s.f.DefaultMavenResourcesFiltering - Copying 1 resource from src\main\resources to target\classes
2025-08-17 17:14:08,934 [Worker-77: Building] INFO  o.a.m.s.f.DefaultMavenResourcesFiltering - Copying 2 resources from src\main\resources to target\classes
2025-08-17 17:14:08,938 [Worker-77: Building] INFO  o.e.m.c.i.embedder.EclipseLogger - Spotless check skipped
2025-08-17 17:14:08,941 [Worker-77: Building] INFO  o.a.m.s.f.DefaultMavenResourcesFiltering - Copying 0 resource from src\test\resources to target\test-classes
2025-08-17 17:18:08,498 [Worker-83: Building] INFO  o.e.m.c.i.embedder.EclipseLogger - Skip mojo execution on incremental builds.
2025-08-17 17:18:08,505 [Worker-83: Building] INFO  o.a.m.s.f.DefaultMavenResourcesFiltering - Copying 1 resource from src\main\resources to target\classes
2025-08-17 17:18:08,511 [Worker-83: Building] INFO  o.a.m.s.f.DefaultMavenResourcesFiltering - Copying 2 resources from src\main\resources to target\classes
2025-08-17 17:18:08,515 [Worker-83: Building] INFO  o.e.m.c.i.embedder.EclipseLogger - Spotless check skipped
2025-08-17 17:18:08,518 [Worker-83: Building] INFO  o.a.m.s.f.DefaultMavenResourcesFiltering - Copying 1 resource from src\test\resources to target\test-classes
2025-08-17 17:18:22,913 [Worker-83: Building] INFO  o.e.m.c.i.embedder.EclipseLogger - Skip mojo execution on incremental builds.
2025-08-17 17:18:22,920 [Worker-83: Building] INFO  o.a.m.s.f.DefaultMavenResourcesFiltering - Copying 1 resource from src\main\resources to target\classes
2025-08-17 17:18:22,926 [Worker-83: Building] INFO  o.a.m.s.f.DefaultMavenResourcesFiltering - Copying 2 resources from src\main\resources to target\classes
2025-08-17 17:18:22,933 [Worker-83: Building] INFO  o.e.m.c.i.embedder.EclipseLogger - Spotless check skipped
2025-08-17 17:18:22,939 [Worker-83: Building] INFO  o.a.m.s.f.DefaultMavenResourcesFiltering - Copying 1 resource from src\test\resources to target\test-classes
2025-08-17 17:18:34,078 [Worker-88: Building] INFO  o.e.m.c.i.embedder.EclipseLogger - Skip mojo execution on incremental builds.
2025-08-17 17:18:34,084 [Worker-88: Building] INFO  o.a.m.s.f.DefaultMavenResourcesFiltering - Copying 1 resource from src\main\resources to target\classes
2025-08-17 17:18:34,091 [Worker-88: Building] INFO  o.a.m.s.f.DefaultMavenResourcesFiltering - Copying 2 resources from src\main\resources to target\classes
2025-08-17 17:18:34,094 [Worker-88: Building] INFO  o.e.m.c.i.embedder.EclipseLogger - Spotless check skipped
2025-08-17 17:18:34,097 [Worker-88: Building] INFO  o.a.m.s.f.DefaultMavenResourcesFiltering - Copying 0 resource from src\test\resources to target\test-classes
2025-08-17 17:19:28,792 [Worker-86: Building] INFO  o.e.m.c.i.embedder.EclipseLogger - Skip mojo execution on incremental builds.
2025-08-17 17:19:28,797 [Worker-86: Building] INFO  o.a.m.s.f.DefaultMavenResourcesFiltering - Copying 1 resource from src\main\resources to target\classes
2025-08-17 17:19:28,802 [Worker-86: Building] INFO  o.a.m.s.f.DefaultMavenResourcesFiltering - Copying 2 resources from src\main\resources to target\classes
2025-08-17 17:19:28,806 [Worker-86: Building] INFO  o.e.m.c.i.embedder.EclipseLogger - Spotless check skipped
2025-08-17 17:19:28,810 [Worker-86: Building] INFO  o.a.m.s.f.DefaultMavenResourcesFiltering - Copying 1 resource from src\test\resources to target\test-classes
2025-08-17 17:19:48,884 [Worker-86: Building] INFO  o.e.m.c.i.embedder.EclipseLogger - Skip mojo execution on incremental builds.
2025-08-17 17:19:48,888 [Worker-86: Building] INFO  o.a.m.s.f.DefaultMavenResourcesFiltering - Copying 1 resource from src\main\resources to target\classes
2025-08-17 17:19:48,892 [Worker-86: Building] INFO  o.a.m.s.f.DefaultMavenResourcesFiltering - Copying 2 resources from src\main\resources to target\classes
2025-08-17 17:19:48,895 [Worker-86: Building] INFO  o.e.m.c.i.embedder.EclipseLogger - Spotless check skipped
2025-08-17 17:19:48,898 [Worker-86: Building] INFO  o.a.m.s.f.DefaultMavenResourcesFiltering - Copying 0 resource from src\test\resources to target\test-classes
2025-08-17 17:19:58,149 [Worker-87: Building] INFO  o.e.m.c.i.embedder.EclipseLogger - Skip mojo execution on incremental builds.
2025-08-17 17:19:58,214 [Worker-87: Building] INFO  o.a.m.s.f.DefaultMavenResourcesFiltering - Copying 1 resource from src\main\resources to target\classes
2025-08-17 17:19:58,230 [Worker-87: Building] INFO  o.a.m.s.f.DefaultMavenResourcesFiltering - Copying 2 resources from src\main\resources to target\classes
2025-08-17 17:19:58,233 [Worker-87: Building] INFO  o.e.m.c.i.embedder.EclipseLogger - Spotless check skipped
2025-08-17 17:19:58,235 [Worker-87: Building] INFO  o.a.m.s.f.DefaultMavenResourcesFiltering - Copying 1 resource from src\test\resources to target\test-classes
2025-08-17 17:21:12,202 [Worker-89: Building] INFO  o.e.m.c.i.embedder.EclipseLogger - Skip mojo execution on incremental builds.
2025-08-17 17:21:12,212 [Worker-89: Building] INFO  o.a.m.s.f.DefaultMavenResourcesFiltering - Copying 0 resource from src\main\resources to target\classes
2025-08-17 17:21:12,213 [Worker-89: Building] INFO  o.a.m.s.f.DefaultMavenResourcesFiltering - Copying 0 resource from src\main\resources to target\classes
2025-08-17 17:21:12,216 [Worker-89: Building] INFO  o.e.m.c.i.embedder.EclipseLogger - Spotless check skipped
2025-08-17 17:21:12,223 [Worker-89: Building] INFO  o.a.m.s.f.DefaultMavenResourcesFiltering - Copying 0 resource from src\test\resources to target\test-classes
2025-08-17 17:22:02,441 [Worker-89: Building] INFO  o.e.m.c.i.embedder.EclipseLogger - Skip mojo execution on incremental builds.
2025-08-17 17:22:02,446 [Worker-89: Building] INFO  o.a.m.s.f.DefaultMavenResourcesFiltering - Copying 1 resource from src\main\resources to target\classes
2025-08-17 17:22:02,482 [Worker-89: Building] INFO  o.a.m.s.f.DefaultMavenResourcesFiltering - Copying 2 resources from src\main\resources to target\classes
2025-08-17 17:22:02,484 [Worker-89: Building] INFO  o.e.m.c.i.embedder.EclipseLogger - Spotless check skipped
2025-08-17 17:22:02,487 [Worker-89: Building] INFO  o.a.m.s.f.DefaultMavenResourcesFiltering - Copying 0 resource from src\test\resources to target\test-classes
2025-08-17 17:22:53,369 [Worker-83: Building] INFO  o.e.m.c.i.embedder.EclipseLogger - Skip mojo execution on incremental builds.
2025-08-17 17:22:53,376 [Worker-83: Building] INFO  o.a.m.s.f.DefaultMavenResourcesFiltering - Copying 1 resource from src\main\resources to target\classes
2025-08-17 17:22:53,381 [Worker-83: Building] INFO  o.a.m.s.f.DefaultMavenResourcesFiltering - Copying 2 resources from src\main\resources to target\classes
2025-08-17 17:22:53,384 [Worker-83: Building] INFO  o.e.m.c.i.embedder.EclipseLogger - Spotless check skipped
2025-08-17 17:22:53,386 [Worker-83: Building] INFO  o.a.m.s.f.DefaultMavenResourcesFiltering - Copying 0 resource from src\test\resources to target\test-classes
2025-08-17 17:23:56,372 [Worker-91: Building] INFO  o.e.m.c.i.embedder.EclipseLogger - Skip mojo execution on incremental builds.
2025-08-17 17:23:56,377 [Worker-91: Building] INFO  o.a.m.s.f.DefaultMavenResourcesFiltering - Copying 1 resource from src\main\resources to target\classes
2025-08-17 17:23:56,384 [Worker-91: Building] INFO  o.a.m.s.f.DefaultMavenResourcesFiltering - Copying 2 resources from src\main\resources to target\classes
2025-08-17 17:23:56,387 [Worker-91: Building] INFO  o.e.m.c.i.embedder.EclipseLogger - Spotless check skipped
2025-08-17 17:23:56,391 [Worker-91: Building] INFO  o.a.m.s.f.DefaultMavenResourcesFiltering - Copying 0 resource from src\test\resources to target\test-classes
2025-08-17 17:23:59,398 [Worker-91: Building] INFO  o.e.m.c.i.embedder.EclipseLogger - Skip mojo execution on incremental builds.
2025-08-17 17:23:59,402 [Worker-91: Building] INFO  o.a.m.s.f.DefaultMavenResourcesFiltering - Copying 1 resource from src\main\resources to target\classes
2025-08-17 17:23:59,409 [Worker-91: Building] INFO  o.a.m.s.f.DefaultMavenResourcesFiltering - Copying 2 resources from src\main\resources to target\classes
2025-08-17 17:23:59,412 [Worker-91: Building] INFO  o.e.m.c.i.embedder.EclipseLogger - Spotless check skipped
2025-08-17 17:23:59,415 [Worker-91: Building] INFO  o.a.m.s.f.DefaultMavenResourcesFiltering - Copying 0 resource from src\test\resources to target\test-classes
2025-08-17 17:24:10,924 [Worker-91: Building] INFO  o.e.m.c.i.embedder.EclipseLogger - Skip mojo execution on incremental builds.
2025-08-17 17:24:11,176 [Worker-91: Building] INFO  o.a.m.s.f.DefaultMavenResourcesFiltering - Copying 1 resource from src\main\resources to target\classes
2025-08-17 17:24:11,182 [Worker-91: Building] INFO  o.a.m.s.f.DefaultMavenResourcesFiltering - Copying 2 resources from src\main\resources to target\classes
2025-08-17 17:24:11,186 [Worker-91: Building] INFO  o.e.m.c.i.embedder.EclipseLogger - Spotless check skipped
2025-08-17 17:24:11,190 [Worker-91: Building] INFO  o.a.m.s.f.DefaultMavenResourcesFiltering - Copying 0 resource from src\test\resources to target\test-classes
2025-08-17 17:25:11,859 [Worker-88: Building] INFO  o.e.m.c.i.embedder.EclipseLogger - Skip mojo execution on incremental builds.
2025-08-17 17:25:11,865 [Worker-88: Building] INFO  o.a.m.s.f.DefaultMavenResourcesFiltering - Copying 1 resource from src\main\resources to target\classes
2025-08-17 17:25:11,872 [Worker-88: Building] INFO  o.a.m.s.f.DefaultMavenResourcesFiltering - Copying 2 resources from src\main\resources to target\classes
2025-08-17 17:25:11,877 [Worker-88: Building] INFO  o.e.m.c.i.embedder.EclipseLogger - Spotless check skipped
2025-08-17 17:25:11,880 [Worker-88: Building] INFO  o.a.m.s.f.DefaultMavenResourcesFiltering - Copying 0 resource from src\test\resources to target\test-classes
2025-08-17 17:25:22,671 [Worker-93: Building] INFO  o.e.m.c.i.embedder.EclipseLogger - Skip mojo execution on incremental builds.
2025-08-17 17:25:22,677 [Worker-93: Building] INFO  o.a.m.s.f.DefaultMavenResourcesFiltering - Copying 1 resource from src\main\resources to target\classes
2025-08-17 17:25:22,682 [Worker-93: Building] INFO  o.a.m.s.f.DefaultMavenResourcesFiltering - Copying 2 resources from src\main\resources to target\classes
2025-08-17 17:25:22,686 [Worker-93: Building] INFO  o.e.m.c.i.embedder.EclipseLogger - Spotless check skipped
2025-08-17 17:25:22,689 [Worker-93: Building] INFO  o.a.m.s.f.DefaultMavenResourcesFiltering - Copying 0 resource from src\test\resources to target\test-classes
2025-08-17 17:25:44,385 [Worker-92: Building] INFO  o.e.m.c.i.embedder.EclipseLogger - Skip mojo execution on incremental builds.
2025-08-17 17:25:44,392 [Worker-92: Building] INFO  o.a.m.s.f.DefaultMavenResourcesFiltering - Copying 1 resource from src\main\resources to target\classes
2025-08-17 17:25:44,424 [Worker-92: Building] INFO  o.a.m.s.f.DefaultMavenResourcesFiltering - Copying 2 resources from src\main\resources to target\classes
2025-08-17 17:25:44,427 [Worker-92: Building] INFO  o.e.m.c.i.embedder.EclipseLogger - Spotless check skipped
2025-08-17 17:25:44,432 [Worker-92: Building] INFO  o.a.m.s.f.DefaultMavenResourcesFiltering - Copying 0 resource from src\test\resources to target\test-classes
2025-08-17 17:25:55,293 [Worker-92: Building] INFO  o.e.m.c.i.embedder.EclipseLogger - Skip mojo execution on incremental builds.
2025-08-17 17:25:55,300 [Worker-92: Building] INFO  o.a.m.s.f.DefaultMavenResourcesFiltering - Copying 1 resource from src\main\resources to target\classes
2025-08-17 17:25:55,306 [Worker-92: Building] INFO  o.a.m.s.f.DefaultMavenResourcesFiltering - Copying 2 resources from src\main\resources to target\classes
2025-08-17 17:25:55,310 [Worker-92: Building] INFO  o.e.m.c.i.embedder.EclipseLogger - Spotless check skipped
2025-08-17 17:25:55,314 [Worker-92: Building] INFO  o.a.m.s.f.DefaultMavenResourcesFiltering - Copying 0 resource from src\test\resources to target\test-classes
2025-08-17 17:26:01,503 [Worker-83: Building] INFO  o.e.m.c.i.embedder.EclipseLogger - Skip mojo execution on incremental builds.
2025-08-17 17:26:01,507 [Worker-83: Building] INFO  o.a.m.s.f.DefaultMavenResourcesFiltering - Copying 1 resource from src\main\resources to target\classes
2025-08-17 17:26:01,511 [Worker-83: Building] INFO  o.a.m.s.f.DefaultMavenResourcesFiltering - Copying 2 resources from src\main\resources to target\classes
2025-08-17 17:26:01,514 [Worker-83: Building] INFO  o.e.m.c.i.embedder.EclipseLogger - Spotless check skipped
2025-08-17 17:26:01,515 [Worker-83: Building] INFO  o.a.m.s.f.DefaultMavenResourcesFiltering - Copying 0 resource from src\test\resources to target\test-classes
2025-08-17 17:26:06,426 [Worker-94: Building] INFO  o.e.m.c.i.embedder.EclipseLogger - Skip mojo execution on incremental builds.
2025-08-17 17:26:06,433 [Worker-94: Building] INFO  o.a.m.s.f.DefaultMavenResourcesFiltering - Copying 1 resource from src\main\resources to target\classes
2025-08-17 17:26:06,439 [Worker-94: Building] INFO  o.a.m.s.f.DefaultMavenResourcesFiltering - Copying 2 resources from src\main\resources to target\classes
2025-08-17 17:26:06,442 [Worker-94: Building] INFO  o.e.m.c.i.embedder.EclipseLogger - Spotless check skipped
2025-08-17 17:26:06,447 [Worker-94: Building] INFO  o.a.m.s.f.DefaultMavenResourcesFiltering - Copying 0 resource from src\test\resources to target\test-classes
2025-08-17 17:26:13,814 [Worker-88: Building] INFO  o.e.m.c.i.embedder.EclipseLogger - Skip mojo execution on incremental builds.
2025-08-17 17:26:13,823 [Worker-88: Building] INFO  o.a.m.s.f.DefaultMavenResourcesFiltering - Copying 1 resource from src\main\resources to target\classes
2025-08-17 17:26:13,830 [Worker-88: Building] INFO  o.a.m.s.f.DefaultMavenResourcesFiltering - Copying 2 resources from src\main\resources to target\classes
2025-08-17 17:26:13,833 [Worker-88: Building] INFO  o.e.m.c.i.embedder.EclipseLogger - Spotless check skipped
2025-08-17 17:26:13,835 [Worker-88: Building] INFO  o.a.m.s.f.DefaultMavenResourcesFiltering - Copying 0 resource from src\test\resources to target\test-classes
2025-08-17 17:36:07,485 [Worker-96: Building] INFO  o.e.m.c.i.embedder.EclipseLogger - Skip mojo execution on incremental builds.
2025-08-17 17:36:07,491 [Worker-96: Building] INFO  o.a.m.s.f.DefaultMavenResourcesFiltering - Copying 1 resource from src\main\resources to target\classes
2025-08-17 17:36:07,518 [Worker-96: Building] INFO  o.a.m.s.f.DefaultMavenResourcesFiltering - Copying 2 resources from src\main\resources to target\classes
2025-08-17 17:36:07,522 [Worker-96: Building] INFO  o.e.m.c.i.embedder.EclipseLogger - Spotless check skipped
2025-08-17 17:36:07,526 [Worker-96: Building] INFO  o.a.m.s.f.DefaultMavenResourcesFiltering - Copying 0 resource from src\test\resources to target\test-classes
2025-08-17 17:36:21,927 [Worker-96: Building] INFO  o.e.m.c.i.embedder.EclipseLogger - Skip mojo execution on incremental builds.
2025-08-17 17:36:21,933 [Worker-96: Building] INFO  o.a.m.s.f.DefaultMavenResourcesFiltering - Copying 1 resource from src\main\resources to target\classes
2025-08-17 17:36:21,939 [Worker-96: Building] INFO  o.a.m.s.f.DefaultMavenResourcesFiltering - Copying 2 resources from src\main\resources to target\classes
2025-08-17 17:36:21,942 [Worker-96: Building] INFO  o.e.m.c.i.embedder.EclipseLogger - Spotless check skipped
2025-08-17 17:36:21,945 [Worker-96: Building] INFO  o.a.m.s.f.DefaultMavenResourcesFiltering - Copying 0 resource from src\test\resources to target\test-classes
2025-08-17 17:36:51,104 [Worker-83: Building] INFO  o.e.m.c.i.embedder.EclipseLogger - Skip mojo execution on incremental builds.
2025-08-17 17:36:51,111 [Worker-83: Building] INFO  o.a.m.s.f.DefaultMavenResourcesFiltering - Copying 1 resource from src\main\resources to target\classes
2025-08-17 17:36:51,116 [Worker-83: Building] INFO  o.a.m.s.f.DefaultMavenResourcesFiltering - Copying 2 resources from src\main\resources to target\classes
2025-08-17 17:36:51,119 [Worker-83: Building] INFO  o.e.m.c.i.embedder.EclipseLogger - Spotless check skipped
2025-08-17 17:36:51,122 [Worker-83: Building] INFO  o.a.m.s.f.DefaultMavenResourcesFiltering - Copying 0 resource from src\test\resources to target\test-classes
2025-08-17 17:36:57,588 [Worker-98: Building] INFO  o.e.m.c.i.embedder.EclipseLogger - Skip mojo execution on incremental builds.
2025-08-17 17:36:57,620 [Worker-98: Building] INFO  o.a.m.s.f.DefaultMavenResourcesFiltering - Copying 1 resource from src\main\resources to target\classes
2025-08-17 17:36:57,627 [Worker-98: Building] INFO  o.a.m.s.f.DefaultMavenResourcesFiltering - Copying 2 resources from src\main\resources to target\classes
2025-08-17 17:36:57,630 [Worker-98: Building] INFO  o.e.m.c.i.embedder.EclipseLogger - Spotless check skipped
2025-08-17 17:36:57,633 [Worker-98: Building] INFO  o.a.m.s.f.DefaultMavenResourcesFiltering - Copying 0 resource from src\test\resources to target\test-classes
2025-08-17 17:37:04,381 [Worker-97: Building] INFO  o.e.m.c.i.embedder.EclipseLogger - Skip mojo execution on incremental builds.
2025-08-17 17:37:04,387 [Worker-97: Building] INFO  o.a.m.s.f.DefaultMavenResourcesFiltering - Copying 1 resource from src\main\resources to target\classes
2025-08-17 17:37:04,394 [Worker-97: Building] INFO  o.a.m.s.f.DefaultMavenResourcesFiltering - Copying 2 resources from src\main\resources to target\classes
2025-08-17 17:37:04,397 [Worker-97: Building] INFO  o.e.m.c.i.embedder.EclipseLogger - Spotless check skipped
2025-08-17 17:37:04,401 [Worker-97: Building] INFO  o.a.m.s.f.DefaultMavenResourcesFiltering - Copying 0 resource from src\test\resources to target\test-classes
2025-08-17 17:38:45,029 [Worker-98: Building] INFO  o.e.m.c.i.embedder.EclipseLogger - Skip mojo execution on incremental builds.
2025-08-17 17:38:45,034 [Worker-98: Building] INFO  o.a.m.s.f.DefaultMavenResourcesFiltering - Copying 1 resource from src\main\resources to target\classes
2025-08-17 17:38:45,038 [Worker-98: Building] INFO  o.a.m.s.f.DefaultMavenResourcesFiltering - Copying 2 resources from src\main\resources to target\classes
2025-08-17 17:38:45,041 [Worker-98: Building] INFO  o.e.m.c.i.embedder.EclipseLogger - Spotless check skipped
2025-08-17 17:38:45,044 [Worker-98: Building] INFO  o.a.m.s.f.DefaultMavenResourcesFiltering - Copying 0 resource from src\test\resources to target\test-classes
2025-08-17 17:40:52,180 [Worker-99: Building] INFO  o.e.m.c.i.embedder.EclipseLogger - Skip mojo execution on incremental builds.
2025-08-17 17:40:52,186 [Worker-99: Building] INFO  o.a.m.s.f.DefaultMavenResourcesFiltering - Copying 1 resource from src\main\resources to target\classes
2025-08-17 17:40:52,197 [Worker-99: Building] INFO  o.a.m.s.f.DefaultMavenResourcesFiltering - Copying 2 resources from src\main\resources to target\classes
2025-08-17 17:40:52,200 [Worker-99: Building] INFO  o.e.m.c.i.embedder.EclipseLogger - Spotless check skipped
2025-08-17 17:40:52,209 [Worker-99: Building] INFO  o.a.m.s.f.DefaultMavenResourcesFiltering - Copying 0 resource from src\test\resources to target\test-classes
2025-08-17 17:41:04,658 [Worker-99: Building] INFO  o.e.m.c.i.embedder.EclipseLogger - Skip mojo execution on incremental builds.
2025-08-17 17:41:04,664 [Worker-99: Building] INFO  o.a.m.s.f.DefaultMavenResourcesFiltering - Copying 1 resource from src\main\resources to target\classes
2025-08-17 17:41:04,672 [Worker-99: Building] INFO  o.a.m.s.f.DefaultMavenResourcesFiltering - Copying 2 resources from src\main\resources to target\classes
2025-08-17 17:41:04,677 [Worker-99: Building] INFO  o.e.m.c.i.embedder.EclipseLogger - Spotless check skipped
2025-08-17 17:41:04,680 [Worker-99: Building] INFO  o.a.m.s.f.DefaultMavenResourcesFiltering - Copying 0 resource from src\test\resources to target\test-classes
2025-08-17 17:46:12,618 [Worker-101: Building] INFO  o.e.m.c.i.embedder.EclipseLogger - Skip mojo execution on incremental builds.
2025-08-17 17:46:12,625 [Worker-101: Building] INFO  o.a.m.s.f.DefaultMavenResourcesFiltering - Copying 1 resource from src\main\resources to target\classes
2025-08-17 17:46:12,638 [Worker-101: Building] INFO  o.a.m.s.f.DefaultMavenResourcesFiltering - Copying 0 resource from src\main\resources to target\classes
2025-08-17 17:46:12,641 [Worker-101: Building] INFO  o.e.m.c.i.embedder.EclipseLogger - Spotless check skipped
2025-08-17 17:46:12,646 [Worker-101: Building] INFO  o.a.m.s.f.DefaultMavenResourcesFiltering - Copying 0 resource from src\test\resources to target\test-classes
2025-08-17 17:46:19,014 [Worker-102: Building] INFO  o.e.m.c.i.embedder.EclipseLogger - Skip mojo execution on incremental builds.
2025-08-17 17:46:19,019 [Worker-102: Building] INFO  o.a.m.s.f.DefaultMavenResourcesFiltering - Copying 1 resource from src\main\resources to target\classes
2025-08-17 17:46:19,026 [Worker-102: Building] INFO  o.a.m.s.f.DefaultMavenResourcesFiltering - Copying 0 resource from src\main\resources to target\classes
2025-08-17 17:46:19,029 [Worker-102: Building] INFO  o.e.m.c.i.embedder.EclipseLogger - Spotless check skipped
2025-08-17 17:46:19,031 [Worker-102: Building] INFO  o.a.m.s.f.DefaultMavenResourcesFiltering - Copying 0 resource from src\test\resources to target\test-classes
2025-08-17 17:47:17,286 [Worker-102: Building] INFO  o.e.m.c.i.embedder.EclipseLogger - Skip mojo execution on incremental builds.
2025-08-17 17:47:17,292 [Worker-102: Building] INFO  o.a.m.s.f.DefaultMavenResourcesFiltering - Copying 1 resource from src\main\resources to target\classes
2025-08-17 17:47:17,299 [Worker-102: Building] INFO  o.a.m.s.f.DefaultMavenResourcesFiltering - Copying 0 resource from src\main\resources to target\classes
2025-08-17 17:47:17,301 [Worker-102: Building] INFO  o.e.m.c.i.embedder.EclipseLogger - Spotless check skipped
2025-08-17 17:47:17,303 [Worker-102: Building] INFO  o.a.m.s.f.DefaultMavenResourcesFiltering - Copying 0 resource from src\test\resources to target\test-classes
2025-08-17 17:49:18,086 [Worker-102: Building] INFO  o.e.m.c.i.l.LifecycleMappingFactory - Using org.eclipse.m2e.jdt.JarLifecycleMapping lifecycle mapping for MavenProject: org.springframework.boot:catalog-service:0.0.1-SNAPSHOT @ D:\Eclipse_workspace\book store\catalog-service\pom.xml.
2025-08-17 17:49:20,246 [Worker-102: Building] INFO  o.e.m.c.i.embedder.EclipseLogger - Skip mojo execution on incremental builds.
2025-08-17 17:49:20,251 [Worker-102: Building] INFO  o.a.m.s.f.DefaultMavenResourcesFiltering - Copying 0 resource from src\main\resources to target\classes
2025-08-17 17:49:20,251 [Worker-102: Building] INFO  o.a.m.s.f.DefaultMavenResourcesFiltering - Copying 0 resource from src\main\resources to target\classes
2025-08-17 17:49:20,253 [Worker-102: Building] INFO  o.e.m.c.i.embedder.EclipseLogger - Spotless check skipped
2025-08-17 17:49:20,256 [Worker-102: Building] INFO  o.a.m.s.f.DefaultMavenResourcesFiltering - Copying 0 resource from src\test\resources to target\test-classes
2025-08-17 17:49:57,789 [Worker-105: Building] INFO  o.e.m.c.i.l.LifecycleMappingFactory - Using org.eclipse.m2e.jdt.JarLifecycleMapping lifecycle mapping for MavenProject: org.springframework.boot:catalog-service:0.0.1-SNAPSHOT @ D:\Eclipse_workspace\book store\catalog-service\pom.xml.
2025-08-17 17:50:23,737 [Worker-105: Building] INFO  o.e.m.c.i.l.LifecycleMappingFactory - Using org.eclipse.m2e.jdt.JarLifecycleMapping lifecycle mapping for MavenProject: org.springframework.boot:catalog-service:0.0.1-SNAPSHOT @ D:\Eclipse_workspace\book store\catalog-service\pom.xml.
2025-08-17 17:50:24,417 [Worker-105: Building] ERROR o.e.m.c.i.p.ProjectConfigurationManager - Could not read maven project
org.eclipse.core.runtime.CoreException: Could not read maven project
	at org.eclipse.m2e.core.internal.embedder.MavenImpl.lambda$3(MavenImpl.java:433) ~[na:na]
	at org.eclipse.m2e.core.internal.embedder.MavenExecutionContext.executeBare(MavenExecutionContext.java:350) ~[na:na]
	at org.eclipse.m2e.core.internal.embedder.MavenExecutionContext.execute(MavenExecutionContext.java:219) ~[na:na]
	at org.eclipse.m2e.core.internal.embedder.MavenExecutionContext.execute(MavenExecutionContext.java:205) ~[na:na]
	at org.eclipse.m2e.core.internal.embedder.MavenImpl.readProject(MavenImpl.java:424) ~[na:na]
	at org.eclipse.m2e.mavenarchiver.internal.AbstractMavenArchiverConfigurator.lambda$4(AbstractMavenArchiverConfigurator.java:576) ~[na:na]
	at org.eclipse.m2e.core.internal.embedder.MavenExecutionContext.executeBare(MavenExecutionContext.java:350) ~[na:na]
	at org.eclipse.m2e.core.internal.embedder.MavenExecutionContext.execute(MavenExecutionContext.java:262) ~[na:na]
	at org.eclipse.m2e.mavenarchiver.internal.AbstractMavenArchiverConfigurator.loadParentHierarchy(AbstractMavenArchiverConfigurator.java:568) ~[na:na]
	at org.eclipse.m2e.mavenarchiver.internal.AbstractMavenArchiverConfigurator.generateManifest(AbstractMavenArchiverConfigurator.java:364) ~[na:na]
	at org.eclipse.m2e.mavenarchiver.internal.AbstractMavenArchiverConfigurator.mavenProjectChanged(AbstractMavenArchiverConfigurator.java:227) ~[na:na]
	at org.eclipse.m2e.mavenarchiver.internal.AbstractMavenArchiverConfigurator.mavenProjectChanged(AbstractMavenArchiverConfigurator.java:219) ~[na:na]
	at org.eclipse.m2e.core.internal.project.ProjectConfigurationManager.mavenProjectChanged(ProjectConfigurationManager.java:857) ~[na:na]
	at org.eclipse.m2e.core.internal.project.registry.ProjectRegistryManager.notifyProjectChangeListeners(ProjectRegistryManager.java:827) ~[na:na]
	at org.eclipse.m2e.core.internal.project.registry.ProjectRegistryManager.applyMutableProjectRegistry(ProjectRegistryManager.java:982) ~[na:na]
	at org.eclipse.m2e.core.internal.project.registry.ProjectRegistryManager.refresh(ProjectRegistryManager.java:323) ~[na:na]
	at org.eclipse.m2e.core.internal.builder.MavenBuilder$BuildMethod.getProjectFacade(MavenBuilder.java:150) ~[na:na]
	at org.eclipse.m2e.core.internal.builder.MavenBuilder$BuildMethod.lambda$0(MavenBuilder.java:88) ~[na:na]
	at org.eclipse.m2e.core.internal.embedder.MavenExecutionContext.executeBare(MavenExecutionContext.java:350) ~[na:na]
	at org.eclipse.m2e.core.internal.embedder.MavenExecutionContext.execute(MavenExecutionContext.java:262) ~[na:na]
	at org.eclipse.m2e.core.internal.embedder.MavenExecutionContext.execute(MavenExecutionContext.java:205) ~[na:na]
	at org.eclipse.m2e.core.internal.builder.MavenBuilder$BuildMethod.execute(MavenBuilder.java:87) ~[na:na]
	at org.eclipse.m2e.core.internal.builder.MavenBuilder.build(MavenBuilder.java:197) ~[na:na]
	at org.eclipse.core.internal.events.BuildManager$2.run(BuildManager.java:1024) ~[na:na]
	at org.eclipse.core.runtime.SafeRunner.run(SafeRunner.java:45) ~[org.eclipse.equinox.common_3.16.200.v20220817-1601.jar:na]
	at org.eclipse.core.internal.events.BuildManager.basicBuild(BuildManager.java:254) ~[na:na]
	at org.eclipse.core.internal.events.BuildManager.basicBuild(BuildManager.java:311) ~[na:na]
	at org.eclipse.core.internal.events.BuildManager$1.run(BuildManager.java:400) ~[na:na]
	at org.eclipse.core.runtime.SafeRunner.run(SafeRunner.java:45) ~[org.eclipse.equinox.common_3.16.200.v20220817-1601.jar:na]
	at org.eclipse.core.internal.events.BuildManager.basicBuild(BuildManager.java:403) ~[na:na]
	at org.eclipse.core.internal.events.BuildManager.basicBuildLoop(BuildManager.java:514) ~[na:na]
	at org.eclipse.core.internal.events.BuildManager.basicBuildLoop(BuildManager.java:462) ~[na:na]
	at org.eclipse.core.internal.events.BuildManager.build(BuildManager.java:544) ~[na:na]
	at org.eclipse.core.internal.events.AutoBuildJob.doBuild(AutoBuildJob.java:161) ~[na:na]
	at org.eclipse.core.internal.events.AutoBuildJob.run(AutoBuildJob.java:255) ~[na:na]
	at org.eclipse.core.internal.jobs.Worker.run(Worker.java:63) ~[org.eclipse.core.jobs_3.13.100.v20220817-1539.jar:na]
Caused by: org.apache.maven.project.ProjectBuildingException: 1 problem was encountered while building the effective model
[FATAL] Non-readable POM D:\Eclipse_workspace\book store\catalog-service: D:\Eclipse_workspace\book store\catalog-service (Access is denied) @ 
 for project  at D:\Eclipse_workspace\book store\catalog-service
	at org.apache.maven.project.DefaultProjectBuilder.build(DefaultProjectBuilder.java:180) ~[na:na]
	at org.apache.maven.project.DefaultProjectBuilder.build(DefaultProjectBuilder.java:124) ~[na:na]
	at org.eclipse.m2e.core.internal.embedder.MavenImpl.lambda$3(MavenImpl.java:431) ~[na:na]
	... 35 common frames omitted
Caused by: org.apache.maven.model.building.ModelBuildingException: 1 problem was encountered while building the effective model
[FATAL] Non-readable POM D:\Eclipse_workspace\book store\catalog-service: D:\Eclipse_workspace\book store\catalog-service (Access is denied) @ 

	at org.apache.maven.model.building.DefaultModelProblemCollector.newModelBuildingException(DefaultModelProblemCollector.java:197) ~[na:na]
	at org.apache.maven.model.building.DefaultModelBuilder.readModel(DefaultModelBuilder.java:687) ~[na:na]
	at org.apache.maven.model.building.DefaultModelBuilder.build(DefaultModelBuilder.java:303) ~[na:na]
	at org.apache.maven.model.building.DefaultModelBuilder.build(DefaultModelBuilder.java:267) ~[na:na]
	at org.apache.maven.project.DefaultProjectBuilder.build(DefaultProjectBuilder.java:173) ~[na:na]
	... 37 common frames omitted
2025-08-17 17:51:07,802 [Worker-102: Building] INFO  o.e.m.c.i.l.LifecycleMappingFactory - Using org.eclipse.m2e.jdt.JarLifecycleMapping lifecycle mapping for MavenProject: org.springframework.boot:catalog-service:0.0.1-SNAPSHOT @ D:\Eclipse_workspace\book store\catalog-service\pom.xml.
2025-08-17 17:51:09,480 [Worker-102: Building] INFO  o.e.m.c.i.embedder.EclipseLogger - dotGitDirectory 'D:\Eclipse_workspace\book store\.git'
2025-08-17 17:51:10,113 [Worker-102: Building] INFO  o.e.m.c.i.embedder.EclipseLogger - Collected git.branch with value main
2025-08-17 17:51:10,117 [Worker-102: Building] INFO  o.e.m.c.i.embedder.EclipseLogger - Collected git.commit.id.abbrev with value 4fee121
2025-08-17 17:51:10,119 [Worker-102: Building] INFO  o.e.m.c.i.embedder.EclipseLogger - Collected git.commit.user.name with value umang kumar jain
2025-08-17 17:51:10,119 [Worker-102: Building] INFO  o.e.m.c.i.embedder.EclipseLogger - Collected git.commit.message.full with value created api gateway and added routing, swagger for all microservices from it
2025-08-17 17:51:10,131 [Worker-102: Building] INFO  o.e.m.c.i.embedder.EclipseLogger - including property 'git.commit.user.name' in results
2025-08-17 17:51:10,131 [Worker-102: Building] INFO  o.e.m.c.i.embedder.EclipseLogger - including property 'git.commit.id.abbrev' in results
2025-08-17 17:51:10,131 [Worker-102: Building] INFO  o.e.m.c.i.embedder.EclipseLogger - including property 'git.branch' in results
2025-08-17 17:51:10,131 [Worker-102: Building] INFO  o.e.m.c.i.embedder.EclipseLogger - including property 'git.commit.message.full' in results
2025-08-17 17:51:10,131 [Worker-102: Building] INFO  o.e.m.c.i.embedder.EclipseLogger - Writing properties file [D:\Eclipse_workspace\book store\catalog-service\target\classes\git.properties] (for project catalog-service)...
2025-08-17 17:51:10,140 [Worker-102: Building] INFO  o.a.m.s.f.DefaultMavenResourcesFiltering - Copying 0 resource from src\main\resources to target\classes
2025-08-17 17:51:10,140 [Worker-102: Building] INFO  o.a.m.s.f.DefaultMavenResourcesFiltering - Copying 0 resource from src\main\resources to target\classes
2025-08-17 17:51:10,144 [Worker-102: Building] INFO  o.e.m.c.i.embedder.EclipseLogger - Spotless check skipped
2025-08-17 17:51:10,148 [Worker-102: Building] INFO  o.a.m.s.f.DefaultMavenResourcesFiltering - Copying 0 resource from src\test\resources to target\test-classes
2025-08-17 17:51:12,525 [Worker-107: Building] INFO  o.e.m.c.i.embedder.EclipseLogger - dotGitDirectory 'D:\Eclipse_workspace\book store\.git'
2025-08-17 17:51:12,534 [Worker-107: Building] INFO  o.e.m.c.i.embedder.EclipseLogger - Collected git.branch with value main
2025-08-17 17:51:12,534 [Worker-107: Building] INFO  o.e.m.c.i.embedder.EclipseLogger - Collected git.commit.id.abbrev with value 4fee121
2025-08-17 17:51:12,534 [Worker-107: Building] INFO  o.e.m.c.i.embedder.EclipseLogger - Collected git.commit.user.name with value umang kumar jain
2025-08-17 17:51:12,534 [Worker-107: Building] INFO  o.e.m.c.i.embedder.EclipseLogger - Collected git.commit.message.full with value created api gateway and added routing, swagger for all microservices from it
2025-08-17 17:51:12,535 [Worker-107: Building] INFO  o.e.m.c.i.embedder.EclipseLogger - including property 'git.commit.user.name' in results
2025-08-17 17:51:12,536 [Worker-107: Building] INFO  o.e.m.c.i.embedder.EclipseLogger - including property 'git.commit.id.abbrev' in results
2025-08-17 17:51:12,536 [Worker-107: Building] INFO  o.e.m.c.i.embedder.EclipseLogger - including property 'git.branch' in results
2025-08-17 17:51:12,536 [Worker-107: Building] INFO  o.e.m.c.i.embedder.EclipseLogger - including property 'git.commit.message.full' in results
2025-08-17 17:51:12,536 [Worker-107: Building] INFO  o.e.m.c.i.embedder.EclipseLogger - Writing properties file [D:\Eclipse_workspace\book store\catalog-service\target\classes\git.properties] (for project catalog-service)...
2025-08-17 17:51:12,543 [Worker-107: Building] INFO  o.a.m.s.f.DefaultMavenResourcesFiltering - Copying 1 resource from src\main\resources to target\classes
2025-08-17 17:51:12,546 [Worker-107: Building] INFO  o.a.m.s.f.DefaultMavenResourcesFiltering - Copying 2 resources from src\main\resources to target\classes
2025-08-17 17:51:12,558 [Worker-107: Building] INFO  o.e.m.c.i.embedder.EclipseLogger - Spotless check skipped
2025-08-17 17:51:12,563 [Worker-107: Building] INFO  o.a.m.s.f.DefaultMavenResourcesFiltering - Copying 1 resource from src\test\resources to target\test-classes
2025-08-17 17:51:18,616 [Worker-104: Building] INFO  o.e.m.c.i.l.LifecycleMappingFactory - Using org.eclipse.m2e.jdt.JarLifecycleMapping lifecycle mapping for MavenProject: org.springframework.boot:catalog-service:0.0.1-SNAPSHOT @ D:\Eclipse_workspace\book store\catalog-service\pom.xml.
2025-08-17 17:51:20,313 [Worker-104: Building] INFO  o.e.m.c.i.embedder.EclipseLogger - Skip mojo execution on incremental builds.
2025-08-17 17:51:20,319 [Worker-104: Building] INFO  o.a.m.s.f.DefaultMavenResourcesFiltering - Copying 0 resource from src\main\resources to target\classes
2025-08-17 17:51:20,319 [Worker-104: Building] INFO  o.a.m.s.f.DefaultMavenResourcesFiltering - Copying 0 resource from src\main\resources to target\classes
2025-08-17 17:51:20,323 [Worker-104: Building] INFO  o.e.m.c.i.embedder.EclipseLogger - Spotless check skipped
2025-08-17 17:51:20,326 [Worker-104: Building] INFO  o.a.m.s.f.DefaultMavenResourcesFiltering - Copying 0 resource from src\test\resources to target\test-classes
2025-08-17 17:51:21,229 [Worker-103: Download sources and javadoc] INFO  o.e.m.c.i.e.AbstractTransferListenerAdapter - Downloading https://repo.maven.apache.org/maven2/com/mysql/mysql-connector-j/9.2.0/mysql-connector-j-9.2.0-sources.jar
2025-08-17 17:51:21,685 [Worker-103: Download sources and javadoc] INFO  o.e.m.c.i.e.AbstractTransferListenerAdapter - Downloaded https://repo.maven.apache.org/maven2/com/mysql/mysql-connector-j/9.2.0/mysql-connector-j-9.2.0-sources.jar
2025-08-17 17:51:21,689 [Worker-103: Download sources and javadoc] INFO  o.e.m.j.internal.DownloadSourcesJob - Downloaded sources for com.mysql:mysql-connector-j:9.2.0
2025-08-17 17:51:23,040 [Worker-103: Building] INFO  o.e.m.c.i.embedder.EclipseLogger - dotGitDirectory 'D:\Eclipse_workspace\book store\.git'
2025-08-17 17:51:23,047 [Worker-103: Building] INFO  o.e.m.c.i.embedder.EclipseLogger - Collected git.branch with value main
2025-08-17 17:51:23,047 [Worker-103: Building] INFO  o.e.m.c.i.embedder.EclipseLogger - Collected git.commit.id.abbrev with value 4fee121
2025-08-17 17:51:23,047 [Worker-103: Building] INFO  o.e.m.c.i.embedder.EclipseLogger - Collected git.commit.user.name with value umang kumar jain
2025-08-17 17:51:23,047 [Worker-103: Building] INFO  o.e.m.c.i.embedder.EclipseLogger - Collected git.commit.message.full with value created api gateway and added routing, swagger for all microservices from it
2025-08-17 17:51:23,049 [Worker-103: Building] INFO  o.e.m.c.i.embedder.EclipseLogger - including property 'git.commit.user.name' in results
2025-08-17 17:51:23,049 [Worker-103: Building] INFO  o.e.m.c.i.embedder.EclipseLogger - including property 'git.commit.id.abbrev' in results
2025-08-17 17:51:23,049 [Worker-103: Building] INFO  o.e.m.c.i.embedder.EclipseLogger - including property 'git.branch' in results
2025-08-17 17:51:23,049 [Worker-103: Building] INFO  o.e.m.c.i.embedder.EclipseLogger - including property 'git.commit.message.full' in results
2025-08-17 17:51:23,049 [Worker-103: Building] INFO  o.e.m.c.i.embedder.EclipseLogger - Writing properties file [D:\Eclipse_workspace\book store\catalog-service\target\classes\git.properties] (for project catalog-service)...
2025-08-17 17:51:23,056 [Worker-103: Building] INFO  o.a.m.s.f.DefaultMavenResourcesFiltering - Copying 1 resource from src\main\resources to target\classes
2025-08-17 17:51:23,059 [Worker-103: Building] INFO  o.a.m.s.f.DefaultMavenResourcesFiltering - Copying 2 resources from src\main\resources to target\classes
2025-08-17 17:51:23,067 [Worker-103: Building] INFO  o.e.m.c.i.embedder.EclipseLogger - Spotless check skipped
2025-08-17 17:51:23,070 [Worker-103: Building] INFO  o.a.m.s.f.DefaultMavenResourcesFiltering - Copying 1 resource from src\test\resources to target\test-classes
2025-08-17 17:51:26,463 [Worker-107: Building] INFO  o.e.m.c.i.l.LifecycleMappingFactory - Using org.eclipse.m2e.jdt.JarLifecycleMapping lifecycle mapping for MavenProject: org.springframework.boot:catalog-service:0.0.1-SNAPSHOT @ D:\Eclipse_workspace\book store\catalog-service\pom.xml.
2025-08-17 17:51:28,148 [Worker-107: Building] INFO  o.e.m.c.i.embedder.EclipseLogger - Skip mojo execution on incremental builds.
2025-08-17 17:51:28,154 [Worker-107: Building] INFO  o.a.m.s.f.DefaultMavenResourcesFiltering - Copying 0 resource from src\main\resources to target\classes
2025-08-17 17:51:28,154 [Worker-107: Building] INFO  o.a.m.s.f.DefaultMavenResourcesFiltering - Copying 0 resource from src\main\resources to target\classes
2025-08-17 17:51:28,157 [Worker-107: Building] INFO  o.e.m.c.i.embedder.EclipseLogger - Spotless check skipped
2025-08-17 17:51:28,160 [Worker-107: Building] INFO  o.a.m.s.f.DefaultMavenResourcesFiltering - Copying 0 resource from src\test\resources to target\test-classes
2025-08-17 17:51:29,782 [Worker-107: Building] INFO  o.e.m.c.i.embedder.EclipseLogger - dotGitDirectory 'D:\Eclipse_workspace\book store\.git'
2025-08-17 17:51:29,788 [Worker-107: Building] INFO  o.e.m.c.i.embedder.EclipseLogger - Collected git.branch with value main
2025-08-17 17:51:29,789 [Worker-107: Building] INFO  o.e.m.c.i.embedder.EclipseLogger - Collected git.commit.id.abbrev with value 4fee121
2025-08-17 17:51:29,789 [Worker-107: Building] INFO  o.e.m.c.i.embedder.EclipseLogger - Collected git.commit.user.name with value umang kumar jain
2025-08-17 17:51:29,789 [Worker-107: Building] INFO  o.e.m.c.i.embedder.EclipseLogger - Collected git.commit.message.full with value created api gateway and added routing, swagger for all microservices from it
2025-08-17 17:51:29,790 [Worker-107: Building] INFO  o.e.m.c.i.embedder.EclipseLogger - including property 'git.commit.user.name' in results
2025-08-17 17:51:29,790 [Worker-107: Building] INFO  o.e.m.c.i.embedder.EclipseLogger - including property 'git.commit.id.abbrev' in results
2025-08-17 17:51:29,790 [Worker-107: Building] INFO  o.e.m.c.i.embedder.EclipseLogger - including property 'git.branch' in results
2025-08-17 17:51:29,790 [Worker-107: Building] INFO  o.e.m.c.i.embedder.EclipseLogger - including property 'git.commit.message.full' in results
2025-08-17 17:51:29,790 [Worker-107: Building] INFO  o.e.m.c.i.embedder.EclipseLogger - Writing properties file [D:\Eclipse_workspace\book store\catalog-service\target\classes\git.properties] (for project catalog-service)...
2025-08-17 17:51:29,799 [Worker-107: Building] INFO  o.a.m.s.f.DefaultMavenResourcesFiltering - Copying 1 resource from src\main\resources to target\classes
2025-08-17 17:51:29,801 [Worker-107: Building] INFO  o.a.m.s.f.DefaultMavenResourcesFiltering - Copying 2 resources from src\main\resources to target\classes
2025-08-17 17:51:29,808 [Worker-107: Building] INFO  o.e.m.c.i.embedder.EclipseLogger - Spotless check skipped
2025-08-17 17:51:29,811 [Worker-107: Building] INFO  o.a.m.s.f.DefaultMavenResourcesFiltering - Copying 1 resource from src\test\resources to target\test-classes
2025-08-17 17:54:15,569 [Worker-103: Building] INFO  o.e.m.c.i.embedder.EclipseLogger - Skip mojo execution on incremental builds.
2025-08-17 17:54:15,572 [Worker-103: Building] INFO  o.a.m.s.f.DefaultMavenResourcesFiltering - Copying 0 resource from src\main\resources to target\classes
2025-08-17 17:54:15,572 [Worker-103: Building] INFO  o.a.m.s.f.DefaultMavenResourcesFiltering - Copying 0 resource from src\main\resources to target\classes
2025-08-17 17:54:15,575 [Worker-103: Building] INFO  o.e.m.c.i.embedder.EclipseLogger - Spotless check skipped
2025-08-17 17:54:15,578 [Worker-103: Building] INFO  o.a.m.s.f.DefaultMavenResourcesFiltering - skip non existing resourceDirectory D:\Eclipse_workspace\book store\api-gateway\src\test\resources
2025-08-17 17:54:28,155 [Worker-103: Building] INFO  o.e.m.c.i.l.LifecycleMappingFactory - Using org.eclipse.m2e.jdt.JarLifecycleMapping lifecycle mapping for MavenProject: org.springframework.boot:api-gateway:0.0.1-SNAPSHOT @ D:\Eclipse_workspace\book store\api-gateway\pom.xml.
2025-08-17 17:54:29,447 [Worker-103: Building] INFO  o.e.m.c.i.embedder.EclipseLogger - Skip mojo execution on incremental builds.
2025-08-17 17:54:29,449 [Worker-103: Building] INFO  o.a.m.s.f.DefaultMavenResourcesFiltering - Copying 0 resource from src\main\resources to target\classes
2025-08-17 17:54:29,450 [Worker-103: Building] INFO  o.a.m.s.f.DefaultMavenResourcesFiltering - Copying 0 resource from src\main\resources to target\classes
2025-08-17 17:54:29,451 [Worker-103: Building] INFO  o.e.m.c.i.embedder.EclipseLogger - Spotless check skipped
2025-08-17 17:54:29,455 [Worker-103: Building] INFO  o.a.m.s.f.DefaultMavenResourcesFiltering - skip non existing resourceDirectory D:\Eclipse_workspace\book store\api-gateway\src\test\resources
2025-08-17 17:57:08,640 [Worker-110: Building] INFO  o.e.m.c.i.l.LifecycleMappingFactory - Using org.eclipse.m2e.jdt.JarLifecycleMapping lifecycle mapping for MavenProject: org.springframework.boot:api-gateway:0.0.1-SNAPSHOT @ D:\Eclipse_workspace\book store\api-gateway\pom.xml.
2025-08-17 17:57:09,868 [Worker-110: Building] INFO  o.e.m.c.i.embedder.EclipseLogger - Skip mojo execution on incremental builds.
2025-08-17 17:57:09,871 [Worker-110: Building] INFO  o.a.m.s.f.DefaultMavenResourcesFiltering - Copying 0 resource from src\main\resources to target\classes
2025-08-17 17:57:09,871 [Worker-110: Building] INFO  o.a.m.s.f.DefaultMavenResourcesFiltering - Copying 0 resource from src\main\resources to target\classes
2025-08-17 17:57:09,874 [Worker-110: Building] INFO  o.e.m.c.i.embedder.EclipseLogger - Spotless check skipped
2025-08-17 17:57:09,877 [Worker-110: Building] INFO  o.a.m.s.f.DefaultMavenResourcesFiltering - skip non existing resourceDirectory D:\Eclipse_workspace\book store\api-gateway\src\test\resources
2025-08-17 18:00:29,041 [Worker-114: Building] INFO  o.e.m.c.i.l.LifecycleMappingFactory - Using org.eclipse.m2e.jdt.JarLifecycleMapping lifecycle mapping for MavenProject: org.springframework.boot:api-gateway:0.0.1-SNAPSHOT @ D:\Eclipse_workspace\book store\api-gateway\pom.xml.
2025-08-17 18:00:30,195 [Worker-114: Building] INFO  o.e.m.c.i.embedder.EclipseLogger - Skip mojo execution on incremental builds.
2025-08-17 18:00:30,198 [Worker-114: Building] INFO  o.a.m.s.f.DefaultMavenResourcesFiltering - Copying 0 resource from src\main\resources to target\classes
2025-08-17 18:00:30,199 [Worker-114: Building] INFO  o.a.m.s.f.DefaultMavenResourcesFiltering - Copying 0 resource from src\main\resources to target\classes
2025-08-17 18:00:30,201 [Worker-114: Building] INFO  o.e.m.c.i.embedder.EclipseLogger - Spotless check skipped
2025-08-17 18:00:30,203 [Worker-114: Building] INFO  o.a.m.s.f.DefaultMavenResourcesFiltering - skip non existing resourceDirectory D:\Eclipse_workspace\book store\api-gateway\src\test\resources
2025-08-17 18:01:18,540 [Worker-115: Building] INFO  o.e.m.c.i.l.LifecycleMappingFactory - Using org.eclipse.m2e.jdt.JarLifecycleMapping lifecycle mapping for MavenProject: org.springframework.boot:catalog-service:0.0.1-SNAPSHOT @ D:\Eclipse_workspace\book store\catalog-service\pom.xml.
2025-08-17 18:01:19,959 [Worker-115: Building] INFO  o.e.m.c.i.embedder.EclipseLogger - Skip mojo execution on incremental builds.
2025-08-17 18:01:19,964 [Worker-115: Building] INFO  o.a.m.s.f.DefaultMavenResourcesFiltering - Copying 0 resource from src\main\resources to target\classes
2025-08-17 18:01:19,965 [Worker-115: Building] INFO  o.a.m.s.f.DefaultMavenResourcesFiltering - Copying 0 resource from src\main\resources to target\classes
2025-08-17 18:01:19,968 [Worker-115: Building] INFO  o.e.m.c.i.embedder.EclipseLogger - Spotless check skipped
2025-08-17 18:01:19,971 [Worker-115: Building] INFO  o.a.m.s.f.DefaultMavenResourcesFiltering - Copying 0 resource from src\test\resources to target\test-classes
2025-08-17 18:01:21,649 [Worker-115: Building] INFO  o.e.m.c.i.embedder.EclipseLogger - dotGitDirectory 'D:\Eclipse_workspace\book store\.git'
2025-08-17 18:01:21,654 [Worker-115: Building] INFO  o.e.m.c.i.embedder.EclipseLogger - Collected git.branch with value main
2025-08-17 18:01:21,655 [Worker-115: Building] INFO  o.e.m.c.i.embedder.EclipseLogger - Collected git.commit.id.abbrev with value 4fee121
2025-08-17 18:01:21,655 [Worker-115: Building] INFO  o.e.m.c.i.embedder.EclipseLogger - Collected git.commit.user.name with value umang kumar jain
2025-08-17 18:01:21,655 [Worker-115: Building] INFO  o.e.m.c.i.embedder.EclipseLogger - Collected git.commit.message.full with value created api gateway and added routing, swagger for all microservices from it
2025-08-17 18:01:21,656 [Worker-115: Building] INFO  o.e.m.c.i.embedder.EclipseLogger - including property 'git.commit.user.name' in results
2025-08-17 18:01:21,656 [Worker-115: Building] INFO  o.e.m.c.i.embedder.EclipseLogger - including property 'git.commit.id.abbrev' in results
2025-08-17 18:01:21,656 [Worker-115: Building] INFO  o.e.m.c.i.embedder.EclipseLogger - including property 'git.branch' in results
2025-08-17 18:01:21,656 [Worker-115: Building] INFO  o.e.m.c.i.embedder.EclipseLogger - including property 'git.commit.message.full' in results
2025-08-17 18:01:21,656 [Worker-115: Building] INFO  o.e.m.c.i.embedder.EclipseLogger - Writing properties file [D:\Eclipse_workspace\book store\catalog-service\target\classes\git.properties] (for project catalog-service)...
2025-08-17 18:01:21,661 [Worker-115: Building] INFO  o.a.m.s.f.DefaultMavenResourcesFiltering - Copying 1 resource from src\main\resources to target\classes
2025-08-17 18:01:21,663 [Worker-115: Building] INFO  o.a.m.s.f.DefaultMavenResourcesFiltering - Copying 2 resources from src\main\resources to target\classes
2025-08-17 18:01:21,669 [Worker-115: Building] INFO  o.e.m.c.i.embedder.EclipseLogger - Spotless check skipped
2025-08-17 18:01:21,671 [Worker-115: Building] INFO  o.a.m.s.f.DefaultMavenResourcesFiltering - Copying 1 resource from src\test\resources to target\test-classes
2025-08-17 18:02:01,956 [Worker-106: Building] INFO  o.e.m.c.i.embedder.EclipseLogger - Skip mojo execution on incremental builds.
2025-08-17 18:02:01,965 [Worker-106: Building] INFO  o.a.m.s.f.DefaultMavenResourcesFiltering - Copying 1 resource from src\main\resources to target\classes
2025-08-17 18:02:01,979 [Worker-106: Building] INFO  o.a.m.s.f.DefaultMavenResourcesFiltering - Copying 0 resource from src\main\resources to target\classes
2025-08-17 18:02:01,982 [Worker-106: Building] INFO  o.e.m.c.i.embedder.EclipseLogger - Spotless check skipped
2025-08-17 18:02:01,987 [Worker-106: Building] INFO  o.a.m.s.f.DefaultMavenResourcesFiltering - Copying 0 resource from src\test\resources to target\test-classes
2025-08-17 18:03:13,889 [Worker-106: Building] INFO  o.e.m.c.i.embedder.EclipseLogger - Skip mojo execution on incremental builds.
2025-08-17 18:03:13,895 [Worker-106: Building] INFO  o.a.m.s.f.DefaultMavenResourcesFiltering - Copying 0 resource from src\main\resources to target\classes
2025-08-17 18:03:13,895 [Worker-106: Building] INFO  o.a.m.s.f.DefaultMavenResourcesFiltering - Copying 0 resource from src\main\resources to target\classes
2025-08-17 18:03:13,899 [Worker-106: Building] INFO  o.e.m.c.i.embedder.EclipseLogger - Spotless check skipped
2025-08-17 18:03:13,903 [Worker-106: Building] INFO  o.a.m.s.f.DefaultMavenResourcesFiltering - Copying 1 resource from src\test\resources to target\test-classes
2025-08-17 18:04:07,668 [Worker-114: Building] INFO  o.e.m.c.i.l.LifecycleMappingFactory - Using org.eclipse.m2e.jdt.JarLifecycleMapping lifecycle mapping for MavenProject: org.springframework.boot:catalog-service:0.0.1-SNAPSHOT @ D:\Eclipse_workspace\book store\catalog-service\pom.xml.
2025-08-17 18:04:08,423 [Worker-114: Building] INFO  o.e.m.c.i.e.AbstractTransferListenerAdapter - Downloading https://repo.maven.apache.org/maven2/org/testcontainers/mysql/1.21.3/mysql-1.21.3.pom
2025-08-17 18:04:08,496 [Worker-114: Building] INFO  o.e.m.c.i.e.AbstractTransferListenerAdapter - Downloaded https://repo.maven.apache.org/maven2/org/testcontainers/mysql/1.21.3/mysql-1.21.3.pom
2025-08-17 18:04:08,680 [Worker-114: Building] INFO  o.e.m.c.i.e.AbstractTransferListenerAdapter - Downloading https://repo.maven.apache.org/maven2/org/testcontainers/mysql/1.21.3/mysql-1.21.3.jar
2025-08-17 18:04:08,718 [Worker-114: Building] INFO  o.e.m.c.i.e.AbstractTransferListenerAdapter - Downloaded https://repo.maven.apache.org/maven2/org/testcontainers/mysql/1.21.3/mysql-1.21.3.jar
2025-08-17 18:04:09,577 [Worker-114: Building] INFO  o.e.m.c.i.embedder.EclipseLogger - Skip mojo execution on incremental builds.
2025-08-17 18:04:09,583 [Worker-114: Building] INFO  o.a.m.s.f.DefaultMavenResourcesFiltering - Copying 0 resource from src\main\resources to target\classes
2025-08-17 18:04:09,583 [Worker-114: Building] INFO  o.a.m.s.f.DefaultMavenResourcesFiltering - Copying 0 resource from src\main\resources to target\classes
2025-08-17 18:04:09,586 [Worker-114: Building] INFO  o.e.m.c.i.embedder.EclipseLogger - Spotless check skipped
2025-08-17 18:04:09,589 [Worker-114: Building] INFO  o.a.m.s.f.DefaultMavenResourcesFiltering - Copying 0 resource from src\test\resources to target\test-classes
2025-08-17 18:04:10,886 [Worker-112: Download sources and javadoc] INFO  o.e.m.c.i.e.AbstractTransferListenerAdapter - Downloading https://repo.maven.apache.org/maven2/org/testcontainers/mysql/1.21.3/mysql-1.21.3-sources.jar
2025-08-17 18:04:11,198 [Worker-112: Download sources and javadoc] INFO  o.e.m.c.i.e.AbstractTransferListenerAdapter - Downloaded https://repo.maven.apache.org/maven2/org/testcontainers/mysql/1.21.3/mysql-1.21.3-sources.jar
2025-08-17 18:04:11,202 [Worker-112: Download sources and javadoc] INFO  o.e.m.j.internal.DownloadSourcesJob - Downloaded sources for org.testcontainers:mysql:1.21.3
2025-08-17 18:04:13,050 [Worker-116: Building] INFO  o.e.m.c.i.embedder.EclipseLogger - dotGitDirectory 'D:\Eclipse_workspace\book store\.git'
2025-08-17 18:04:13,057 [Worker-116: Building] INFO  o.e.m.c.i.embedder.EclipseLogger - Collected git.branch with value main
2025-08-17 18:04:13,057 [Worker-116: Building] INFO  o.e.m.c.i.embedder.EclipseLogger - Collected git.commit.id.abbrev with value 4fee121
2025-08-17 18:04:13,057 [Worker-116: Building] INFO  o.e.m.c.i.embedder.EclipseLogger - Collected git.commit.user.name with value umang kumar jain
2025-08-17 18:04:13,057 [Worker-116: Building] INFO  o.e.m.c.i.embedder.EclipseLogger - Collected git.commit.message.full with value created api gateway and added routing, swagger for all microservices from it
2025-08-17 18:04:13,059 [Worker-116: Building] INFO  o.e.m.c.i.embedder.EclipseLogger - including property 'git.commit.user.name' in results
2025-08-17 18:04:13,059 [Worker-116: Building] INFO  o.e.m.c.i.embedder.EclipseLogger - including property 'git.commit.id.abbrev' in results
2025-08-17 18:04:13,059 [Worker-116: Building] INFO  o.e.m.c.i.embedder.EclipseLogger - including property 'git.branch' in results
2025-08-17 18:04:13,059 [Worker-116: Building] INFO  o.e.m.c.i.embedder.EclipseLogger - including property 'git.commit.message.full' in results
2025-08-17 18:04:13,059 [Worker-116: Building] INFO  o.e.m.c.i.embedder.EclipseLogger - Writing properties file [D:\Eclipse_workspace\book store\catalog-service\target\classes\git.properties] (for project catalog-service)...
2025-08-17 18:04:13,067 [Worker-116: Building] INFO  o.a.m.s.f.DefaultMavenResourcesFiltering - Copying 1 resource from src\main\resources to target\classes
2025-08-17 18:04:13,069 [Worker-116: Building] INFO  o.a.m.s.f.DefaultMavenResourcesFiltering - Copying 2 resources from src\main\resources to target\classes
2025-08-17 18:04:13,075 [Worker-116: Building] INFO  o.e.m.c.i.embedder.EclipseLogger - Spotless check skipped
2025-08-17 18:04:13,079 [Worker-116: Building] INFO  o.a.m.s.f.DefaultMavenResourcesFiltering - Copying 1 resource from src\test\resources to target\test-classes
2025-08-17 18:04:29,833 [Worker-116: Building] INFO  o.e.m.c.i.embedder.EclipseLogger - Skip mojo execution on incremental builds.
2025-08-17 18:04:29,837 [Worker-116: Building] INFO  o.a.m.s.f.DefaultMavenResourcesFiltering - Copying 0 resource from src\main\resources to target\classes
2025-08-17 18:04:29,837 [Worker-116: Building] INFO  o.a.m.s.f.DefaultMavenResourcesFiltering - Copying 0 resource from src\main\resources to target\classes
2025-08-17 18:04:29,839 [Worker-116: Building] INFO  o.e.m.c.i.embedder.EclipseLogger - Spotless check skipped
2025-08-17 18:04:29,842 [Worker-116: Building] INFO  o.a.m.s.f.DefaultMavenResourcesFiltering - Copying 1 resource from src\test\resources to target\test-classes
2025-08-17 18:04:35,810 [Worker-118: Building] INFO  o.e.m.c.i.embedder.EclipseLogger - Skip mojo execution on incremental builds.
2025-08-17 18:04:35,816 [Worker-118: Building] INFO  o.a.m.s.f.DefaultMavenResourcesFiltering - Copying 0 resource from src\main\resources to target\classes
2025-08-17 18:04:35,816 [Worker-118: Building] INFO  o.a.m.s.f.DefaultMavenResourcesFiltering - Copying 0 resource from src\main\resources to target\classes
2025-08-17 18:04:35,819 [Worker-118: Building] INFO  o.e.m.c.i.embedder.EclipseLogger - Spotless check skipped
2025-08-17 18:04:35,822 [Worker-118: Building] INFO  o.a.m.s.f.DefaultMavenResourcesFiltering - Copying 1 resource from src\test\resources to target\test-classes
2025-08-17 18:04:50,770 [Worker-106: Building] INFO  o.e.m.c.i.embedder.EclipseLogger - Skip mojo execution on incremental builds.
2025-08-17 18:04:50,775 [Worker-106: Building] INFO  o.a.m.s.f.DefaultMavenResourcesFiltering - Copying 0 resource from src\main\resources to target\classes
2025-08-17 18:04:50,775 [Worker-106: Building] INFO  o.a.m.s.f.DefaultMavenResourcesFiltering - Copying 0 resource from src\main\resources to target\classes
2025-08-17 18:04:50,778 [Worker-106: Building] INFO  o.e.m.c.i.embedder.EclipseLogger - Spotless check skipped
2025-08-17 18:04:50,781 [Worker-106: Building] INFO  o.a.m.s.f.DefaultMavenResourcesFiltering - Copying 1 resource from src\test\resources to target\test-classes
2025-08-17 18:04:57,825 [Worker-118: Building] INFO  o.e.m.c.i.embedder.EclipseLogger - Skip mojo execution on incremental builds.
2025-08-17 18:04:57,831 [Worker-118: Building] INFO  o.a.m.s.f.DefaultMavenResourcesFiltering - Copying 0 resource from src\main\resources to target\classes
2025-08-17 18:04:57,831 [Worker-118: Building] INFO  o.a.m.s.f.DefaultMavenResourcesFiltering - Copying 0 resource from src\main\resources to target\classes
2025-08-17 18:04:57,834 [Worker-118: Building] INFO  o.e.m.c.i.embedder.EclipseLogger - Spotless check skipped
2025-08-17 18:04:57,836 [Worker-118: Building] INFO  o.a.m.s.f.DefaultMavenResourcesFiltering - Copying 1 resource from src\test\resources to target\test-classes
2025-08-17 18:15:35,788 [Worker-120: Building] INFO  o.e.m.c.i.embedder.EclipseLogger - Skip mojo execution on incremental builds.
2025-08-17 18:15:35,797 [Worker-120: Building] INFO  o.a.m.s.f.DefaultMavenResourcesFiltering - Copying 1 resource from src\main\resources to target\classes
2025-08-17 18:15:35,824 [Worker-120: Building] INFO  o.a.m.s.f.DefaultMavenResourcesFiltering - Copying 0 resource from src\main\resources to target\classes
2025-08-17 18:15:35,828 [Worker-120: Building] INFO  o.e.m.c.i.embedder.EclipseLogger - Spotless check skipped
2025-08-17 18:15:35,833 [Worker-120: Building] INFO  o.a.m.s.f.DefaultMavenResourcesFiltering - Copying 0 resource from src\test\resources to target\test-classes
2025-08-17 18:19:15,614 [Worker-119: Building] INFO  o.e.m.c.i.embedder.EclipseLogger - Skip mojo execution on incremental builds.
2025-08-17 18:19:15,619 [Worker-119: Building] INFO  o.a.m.s.f.DefaultMavenResourcesFiltering - Copying 1 resource from src\main\resources to target\classes
2025-08-17 18:19:15,652 [Worker-119: Building] INFO  o.a.m.s.f.DefaultMavenResourcesFiltering - Copying 1 resource from src\main\resources to target\classes
2025-08-17 18:19:15,656 [Worker-119: Building] INFO  o.e.m.c.i.embedder.EclipseLogger - Spotless check skipped
2025-08-17 18:19:15,659 [Worker-119: Building] INFO  o.a.m.s.f.DefaultMavenResourcesFiltering - skip non existing resourceDirectory D:\Eclipse_workspace\book store\notification-service\src\test\resources
2025-08-17 18:20:11,790 [Worker-124: Building] INFO  o.e.m.c.i.embedder.EclipseLogger - Skip mojo execution on incremental builds.
2025-08-17 18:20:11,797 [Worker-124: Building] INFO  o.a.m.s.f.DefaultMavenResourcesFiltering - Copying 1 resource from src\main\resources to target\classes
2025-08-17 18:20:11,806 [Worker-124: Building] INFO  o.a.m.s.f.DefaultMavenResourcesFiltering - Copying 1 resource from src\main\resources to target\classes
2025-08-17 18:20:11,809 [Worker-124: Building] INFO  o.e.m.c.i.embedder.EclipseLogger - Spotless check skipped
2025-08-17 18:20:11,812 [Worker-124: Building] INFO  o.a.m.s.f.DefaultMavenResourcesFiltering - skip non existing resourceDirectory D:\Eclipse_workspace\book store\notification-service\src\test\resources
2025-08-17 18:20:19,621 [Worker-124: Building] INFO  o.e.m.c.i.embedder.EclipseLogger - Skip mojo execution on incremental builds.
2025-08-17 18:20:19,628 [Worker-124: Building] INFO  o.a.m.s.f.DefaultMavenResourcesFiltering - Copying 1 resource from src\main\resources to target\classes
2025-08-17 18:20:19,634 [Worker-124: Building] INFO  o.a.m.s.f.DefaultMavenResourcesFiltering - Copying 1 resource from src\main\resources to target\classes
2025-08-17 18:20:19,639 [Worker-124: Building] INFO  o.e.m.c.i.embedder.EclipseLogger - Spotless check skipped
2025-08-17 18:20:19,642 [Worker-124: Building] INFO  o.a.m.s.f.DefaultMavenResourcesFiltering - skip non existing resourceDirectory D:\Eclipse_workspace\book store\notification-service\src\test\resources
2025-08-17 18:20:35,320 [Worker-125: Building] INFO  o.e.m.c.i.embedder.EclipseLogger - Skip mojo execution on incremental builds.
2025-08-17 18:20:35,325 [Worker-125: Building] INFO  o.a.m.s.f.DefaultMavenResourcesFiltering - Copying 1 resource from src\main\resources to target\classes
2025-08-17 18:20:35,330 [Worker-125: Building] INFO  o.a.m.s.f.DefaultMavenResourcesFiltering - Copying 1 resource from src\main\resources to target\classes
2025-08-17 18:20:35,332 [Worker-125: Building] INFO  o.e.m.c.i.embedder.EclipseLogger - Spotless check skipped
2025-08-17 18:20:35,336 [Worker-125: Building] INFO  o.a.m.s.f.DefaultMavenResourcesFiltering - skip non existing resourceDirectory D:\Eclipse_workspace\book store\notification-service\src\test\resources
2025-08-17 18:20:47,801 [Worker-123: Building] INFO  o.e.m.c.i.embedder.EclipseLogger - Skip mojo execution on incremental builds.
2025-08-17 18:20:47,807 [Worker-123: Building] INFO  o.a.m.s.f.DefaultMavenResourcesFiltering - Copying 1 resource from src\main\resources to target\classes
2025-08-17 18:20:47,813 [Worker-123: Building] INFO  o.a.m.s.f.DefaultMavenResourcesFiltering - Copying 1 resource from src\main\resources to target\classes
2025-08-17 18:20:47,815 [Worker-123: Building] INFO  o.e.m.c.i.embedder.EclipseLogger - Spotless check skipped
2025-08-17 18:20:47,818 [Worker-123: Building] INFO  o.a.m.s.f.DefaultMavenResourcesFiltering - skip non existing resourceDirectory D:\Eclipse_workspace\book store\notification-service\src\test\resources
2025-08-17 18:21:03,612 [Worker-116: Building] INFO  o.e.m.c.i.embedder.EclipseLogger - Skip mojo execution on incremental builds.
2025-08-17 18:21:03,621 [Worker-116: Building] INFO  o.a.m.s.f.DefaultMavenResourcesFiltering - Copying 1 resource from src\main\resources to target\classes
2025-08-17 18:21:03,629 [Worker-116: Building] INFO  o.a.m.s.f.DefaultMavenResourcesFiltering - Copying 1 resource from src\main\resources to target\classes
2025-08-17 18:21:03,631 [Worker-116: Building] INFO  o.e.m.c.i.embedder.EclipseLogger - Spotless check skipped
2025-08-17 18:21:03,635 [Worker-116: Building] INFO  o.a.m.s.f.DefaultMavenResourcesFiltering - skip non existing resourceDirectory D:\Eclipse_workspace\book store\notification-service\src\test\resources
2025-08-17 18:21:11,803 [Worker-124: Building] INFO  o.e.m.c.i.embedder.EclipseLogger - Skip mojo execution on incremental builds.
2025-08-17 18:21:11,808 [Worker-124: Building] INFO  o.a.m.s.f.DefaultMavenResourcesFiltering - Copying 1 resource from src\main\resources to target\classes
2025-08-17 18:21:11,819 [Worker-124: Building] INFO  o.a.m.s.f.DefaultMavenResourcesFiltering - Copying 1 resource from src\main\resources to target\classes
2025-08-17 18:21:11,822 [Worker-124: Building] INFO  o.e.m.c.i.embedder.EclipseLogger - Spotless check skipped
2025-08-17 18:21:11,825 [Worker-124: Building] INFO  o.a.m.s.f.DefaultMavenResourcesFiltering - skip non existing resourceDirectory D:\Eclipse_workspace\book store\notification-service\src\test\resources
2025-08-17 18:45:24,411 [Worker-127: Building] INFO  o.e.m.c.i.embedder.EclipseLogger - Skip mojo execution on incremental builds.
2025-08-17 18:45:24,416 [Worker-127: Building] INFO  o.a.m.s.f.DefaultMavenResourcesFiltering - Copying 0 resource from src\main\resources to target\classes
2025-08-17 18:45:24,417 [Worker-127: Building] INFO  o.a.m.s.f.DefaultMavenResourcesFiltering - Copying 1 resource from src\main\resources to target\classes
2025-08-17 18:45:24,423 [Worker-127: Building] INFO  o.e.m.c.i.embedder.EclipseLogger - Spotless check skipped
2025-08-17 18:45:24,426 [Worker-127: Building] INFO  o.a.m.s.f.DefaultMavenResourcesFiltering - skip non existing resourceDirectory D:\Eclipse_workspace\book store\notification-service\src\test\resources
2025-08-17 18:46:19,919 [Worker-128: Building] INFO  o.e.m.c.i.embedder.EclipseLogger - Skip mojo execution on incremental builds.
2025-08-17 18:46:19,923 [Worker-128: Building] INFO  o.a.m.s.f.DefaultMavenResourcesFiltering - Copying 1 resource from src\main\resources to target\classes
2025-08-17 18:46:19,930 [Worker-128: Building] INFO  o.a.m.s.f.DefaultMavenResourcesFiltering - Copying 0 resource from src\main\resources to target\classes
2025-08-17 18:46:19,932 [Worker-128: Building] INFO  o.e.m.c.i.embedder.EclipseLogger - Spotless check skipped
2025-08-17 18:46:19,934 [Worker-128: Building] INFO  o.a.m.s.f.DefaultMavenResourcesFiltering - skip non existing resourceDirectory D:\Eclipse_workspace\book store\notification-service\src\test\resources
2025-08-17 18:46:41,239 [Worker-129: Building] INFO  o.e.m.c.i.embedder.EclipseLogger - Skip mojo execution on incremental builds.
2025-08-17 18:46:41,248 [Worker-129: Building] INFO  o.a.m.s.f.DefaultMavenResourcesFiltering - Copying 0 resource from src\main\resources to target\classes
2025-08-17 18:46:41,248 [Worker-129: Building] INFO  o.a.m.s.f.DefaultMavenResourcesFiltering - Copying 0 resource from src\main\resources to target\classes
2025-08-17 18:46:41,252 [Worker-129: Building] INFO  o.e.m.c.i.embedder.EclipseLogger - Spotless check skipped
2025-08-17 18:46:41,256 [Worker-129: Building] INFO  o.a.m.s.f.DefaultMavenResourcesFiltering - skip non existing resourceDirectory D:\Eclipse_workspace\book store\notification-service\src\test\resources
2025-08-17 18:46:51,538 [Worker-129: Building] INFO  o.e.m.c.i.embedder.EclipseLogger - Skip mojo execution on incremental builds.
2025-08-17 18:46:51,542 [Worker-129: Building] INFO  o.a.m.s.f.DefaultMavenResourcesFiltering - Copying 0 resource from src\main\resources to target\classes
2025-08-17 18:46:51,542 [Worker-129: Building] INFO  o.a.m.s.f.DefaultMavenResourcesFiltering - Copying 0 resource from src\main\resources to target\classes
2025-08-17 18:46:51,544 [Worker-129: Building] INFO  o.e.m.c.i.embedder.EclipseLogger - Spotless check skipped
2025-08-17 18:46:51,546 [Worker-129: Building] INFO  o.a.m.s.f.DefaultMavenResourcesFiltering - skip non existing resourceDirectory D:\Eclipse_workspace\book store\notification-service\src\test\resources
2025-08-17 18:48:00,878 [Worker-127: Building] INFO  o.e.m.c.i.l.LifecycleMappingFactory - Using org.eclipse.m2e.jdt.JarLifecycleMapping lifecycle mapping for MavenProject: com.sivalabs:notification-service:0.0.1-SNAPSHOT @ D:\Eclipse_workspace\book store\notification-service\pom.xml.
2025-08-17 18:48:02,053 [Worker-127: Building] INFO  o.e.m.c.i.embedder.EclipseLogger - Skip mojo execution on incremental builds.
2025-08-17 18:48:02,060 [Worker-127: Building] INFO  o.a.m.s.f.DefaultMavenResourcesFiltering - Copying 0 resource from src\main\resources to target\classes
2025-08-17 18:48:02,060 [Worker-127: Building] INFO  o.a.m.s.f.DefaultMavenResourcesFiltering - Copying 0 resource from src\main\resources to target\classes
2025-08-17 18:48:02,064 [Worker-127: Building] INFO  o.e.m.c.i.embedder.EclipseLogger - Spotless check skipped
2025-08-17 18:48:02,068 [Worker-127: Building] INFO  o.a.m.s.f.DefaultMavenResourcesFiltering - skip non existing resourceDirectory D:\Eclipse_workspace\book store\notification-service\src\test\resources
2025-08-17 18:48:03,728 [Worker-127: Building] INFO  o.e.m.c.i.embedder.EclipseLogger - dotGitDirectory 'D:\Eclipse_workspace\book store\.git'
2025-08-17 18:48:03,772 [Worker-127: Building] INFO  o.e.m.c.i.embedder.EclipseLogger - Collected git.branch with value main
2025-08-17 18:48:03,772 [Worker-127: Building] INFO  o.e.m.c.i.embedder.EclipseLogger - Collected git.commit.id.abbrev with value e9ed2bc
2025-08-17 18:48:03,772 [Worker-127: Building] INFO  o.e.m.c.i.embedder.EclipseLogger - Collected git.commit.user.name with value umang kumar jain
2025-08-17 18:48:03,773 [Worker-127: Building] INFO  o.e.m.c.i.embedder.EclipseLogger - Collected git.commit.message.full with value some modifications
2025-08-17 18:48:03,774 [Worker-127: Building] INFO  o.e.m.c.i.embedder.EclipseLogger - including property 'git.commit.user.name' in results
2025-08-17 18:48:03,774 [Worker-127: Building] INFO  o.e.m.c.i.embedder.EclipseLogger - including property 'git.commit.id.abbrev' in results
2025-08-17 18:48:03,774 [Worker-127: Building] INFO  o.e.m.c.i.embedder.EclipseLogger - including property 'git.branch' in results
2025-08-17 18:48:03,774 [Worker-127: Building] INFO  o.e.m.c.i.embedder.EclipseLogger - including property 'git.commit.message.full' in results
2025-08-17 18:48:03,774 [Worker-127: Building] INFO  o.e.m.c.i.embedder.EclipseLogger - Writing properties file [D:\Eclipse_workspace\book store\notification-service\target\classes\git.properties] (for project notification-service)...
2025-08-17 18:48:03,791 [Worker-127: Building] INFO  o.a.m.s.f.DefaultMavenResourcesFiltering - Copying 1 resource from src\main\resources to target\classes
2025-08-17 18:48:03,793 [Worker-127: Building] INFO  o.a.m.s.f.DefaultMavenResourcesFiltering - Copying 1 resource from src\main\resources to target\classes
2025-08-17 18:48:03,801 [Worker-127: Building] INFO  o.e.m.c.i.embedder.EclipseLogger - Spotless check skipped
2025-08-17 18:48:03,807 [Worker-127: Building] INFO  o.a.m.s.f.DefaultMavenResourcesFiltering - skip non existing resourceDirectory D:\Eclipse_workspace\book store\notification-service\src\test\resources
2025-08-17 18:48:27,736 [Worker-129: Building] INFO  o.e.m.c.i.l.LifecycleMappingFactory - Using org.eclipse.m2e.jdt.JarLifecycleMapping lifecycle mapping for MavenProject: com.sivalabs:notification-service:0.0.1-SNAPSHOT @ D:\Eclipse_workspace\book store\notification-service\pom.xml.
2025-08-17 18:48:28,637 [Worker-129: Building] INFO  o.e.m.c.i.embedder.EclipseLogger - Skip mojo execution on incremental builds.
2025-08-17 18:48:28,641 [Worker-129: Building] INFO  o.a.m.s.f.DefaultMavenResourcesFiltering - Copying 0 resource from src\main\resources to target\classes
2025-08-17 18:48:28,641 [Worker-129: Building] INFO  o.a.m.s.f.DefaultMavenResourcesFiltering - Copying 0 resource from src\main\resources to target\classes
2025-08-17 18:48:28,642 [Worker-129: Building] INFO  o.e.m.c.i.embedder.EclipseLogger - Spotless check skipped
2025-08-17 18:48:28,645 [Worker-129: Building] INFO  o.a.m.s.f.DefaultMavenResourcesFiltering - skip non existing resourceDirectory D:\Eclipse_workspace\book store\notification-service\src\test\resources
2025-08-17 18:48:30,299 [Worker-125: Building] INFO  o.e.m.c.i.embedder.EclipseLogger - dotGitDirectory 'D:\Eclipse_workspace\book store\.git'
2025-08-17 18:48:30,306 [Worker-125: Building] INFO  o.e.m.c.i.embedder.EclipseLogger - Collected git.branch with value main
2025-08-17 18:48:30,306 [Worker-125: Building] INFO  o.e.m.c.i.embedder.EclipseLogger - Collected git.commit.id.abbrev with value e9ed2bc
2025-08-17 18:48:30,306 [Worker-125: Building] INFO  o.e.m.c.i.embedder.EclipseLogger - Collected git.commit.user.name with value umang kumar jain
2025-08-17 18:48:30,306 [Worker-125: Building] INFO  o.e.m.c.i.embedder.EclipseLogger - Collected git.commit.message.full with value some modifications
2025-08-17 18:48:30,307 [Worker-125: Building] INFO  o.e.m.c.i.embedder.EclipseLogger - including property 'git.commit.user.name' in results
2025-08-17 18:48:30,307 [Worker-125: Building] INFO  o.e.m.c.i.embedder.EclipseLogger - including property 'git.commit.id.abbrev' in results
2025-08-17 18:48:30,307 [Worker-125: Building] INFO  o.e.m.c.i.embedder.EclipseLogger - including property 'git.branch' in results
2025-08-17 18:48:30,307 [Worker-125: Building] INFO  o.e.m.c.i.embedder.EclipseLogger - including property 'git.commit.message.full' in results
2025-08-17 18:48:30,307 [Worker-125: Building] INFO  o.e.m.c.i.embedder.EclipseLogger - Writing properties file [D:\Eclipse_workspace\book store\notification-service\target\classes\git.properties] (for project notification-service)...
2025-08-17 18:48:30,313 [Worker-125: Building] INFO  o.a.m.s.f.DefaultMavenResourcesFiltering - Copying 1 resource from src\main\resources to target\classes
2025-08-17 18:48:30,314 [Worker-125: Building] INFO  o.a.m.s.f.DefaultMavenResourcesFiltering - Copying 1 resource from src\main\resources to target\classes
2025-08-17 18:48:30,319 [Worker-125: Building] INFO  o.e.m.c.i.embedder.EclipseLogger - Spotless check skipped
2025-08-17 18:48:30,322 [Worker-125: Building] INFO  o.a.m.s.f.DefaultMavenResourcesFiltering - skip non existing resourceDirectory D:\Eclipse_workspace\book store\notification-service\src\test\resources
2025-08-17 18:48:56,214 [Worker-130: Building] INFO  o.e.m.c.i.l.LifecycleMappingFactory - Using org.eclipse.m2e.jdt.JarLifecycleMapping lifecycle mapping for MavenProject: com.sivalabs:notification-service:0.0.1-SNAPSHOT @ D:\Eclipse_workspace\book store\notification-service\pom.xml.
2025-08-17 18:48:57,760 [Worker-130: Building] INFO  o.e.m.c.i.embedder.EclipseLogger - Skip mojo execution on incremental builds.
2025-08-17 18:48:57,765 [Worker-130: Building] INFO  o.a.m.s.f.DefaultMavenResourcesFiltering - Copying 0 resource from src\main\resources to target\classes
2025-08-17 18:48:57,765 [Worker-130: Building] INFO  o.a.m.s.f.DefaultMavenResourcesFiltering - Copying 0 resource from src\main\resources to target\classes
2025-08-17 18:48:57,766 [Worker-130: Building] INFO  o.e.m.c.i.embedder.EclipseLogger - Spotless check skipped
2025-08-17 18:48:57,769 [Worker-130: Building] INFO  o.a.m.s.f.DefaultMavenResourcesFiltering - skip non existing resourceDirectory D:\Eclipse_workspace\book store\notification-service\src\test\resources
2025-08-17 18:48:59,087 [Worker-125: Download sources and javadoc] INFO  o.e.m.c.i.e.AbstractTransferListenerAdapter - Downloading https://repo.maven.apache.org/maven2/org/testcontainers/mysql/1.21.2/mysql-1.21.2-sources.jar
2025-08-17 18:48:59,406 [Worker-125: Download sources and javadoc] INFO  o.e.m.c.i.e.AbstractTransferListenerAdapter - Downloaded https://repo.maven.apache.org/maven2/org/testcontainers/mysql/1.21.2/mysql-1.21.2-sources.jar
2025-08-17 18:48:59,415 [Worker-125: Download sources and javadoc] INFO  o.e.m.j.internal.DownloadSourcesJob - Downloaded sources for org.testcontainers:mysql:1.21.2
2025-08-17 18:49:00,674 [Worker-131: Building] INFO  o.e.m.c.i.embedder.EclipseLogger - dotGitDirectory 'D:\Eclipse_workspace\book store\.git'
2025-08-17 18:49:00,679 [Worker-131: Building] INFO  o.e.m.c.i.embedder.EclipseLogger - Collected git.branch with value main
2025-08-17 18:49:00,680 [Worker-131: Building] INFO  o.e.m.c.i.embedder.EclipseLogger - Collected git.commit.id.abbrev with value e9ed2bc
2025-08-17 18:49:00,680 [Worker-131: Building] INFO  o.e.m.c.i.embedder.EclipseLogger - Collected git.commit.user.name with value umang kumar jain
2025-08-17 18:49:00,680 [Worker-131: Building] INFO  o.e.m.c.i.embedder.EclipseLogger - Collected git.commit.message.full with value some modifications
2025-08-17 18:49:00,680 [Worker-131: Building] INFO  o.e.m.c.i.embedder.EclipseLogger - including property 'git.commit.user.name' in results
2025-08-17 18:49:00,680 [Worker-131: Building] INFO  o.e.m.c.i.embedder.EclipseLogger - including property 'git.commit.id.abbrev' in results
2025-08-17 18:49:00,680 [Worker-131: Building] INFO  o.e.m.c.i.embedder.EclipseLogger - including property 'git.branch' in results
2025-08-17 18:49:00,681 [Worker-131: Building] INFO  o.e.m.c.i.embedder.EclipseLogger - including property 'git.commit.message.full' in results
2025-08-17 18:49:00,681 [Worker-131: Building] INFO  o.e.m.c.i.embedder.EclipseLogger - Writing properties file [D:\Eclipse_workspace\book store\notification-service\target\classes\git.properties] (for project notification-service)...
2025-08-17 18:49:00,686 [Worker-131: Building] INFO  o.a.m.s.f.DefaultMavenResourcesFiltering - Copying 1 resource from src\main\resources to target\classes
2025-08-17 18:49:00,689 [Worker-131: Building] INFO  o.a.m.s.f.DefaultMavenResourcesFiltering - Copying 1 resource from src\main\resources to target\classes
2025-08-17 18:49:00,692 [Worker-131: Building] INFO  o.e.m.c.i.embedder.EclipseLogger - Spotless check skipped
2025-08-17 18:49:00,694 [Worker-131: Building] INFO  o.a.m.s.f.DefaultMavenResourcesFiltering - skip non existing resourceDirectory D:\Eclipse_workspace\book store\notification-service\src\test\resources
2025-08-17 18:49:46,334 [Worker-130: Building] INFO  o.e.m.c.i.embedder.EclipseLogger - Skip mojo execution on incremental builds.
2025-08-17 18:49:46,339 [Worker-130: Building] INFO  o.a.m.s.f.DefaultMavenResourcesFiltering - Copying 0 resource from src\main\resources to target\classes
2025-08-17 18:49:46,339 [Worker-130: Building] INFO  o.a.m.s.f.DefaultMavenResourcesFiltering - Copying 0 resource from src\main\resources to target\classes
2025-08-17 18:49:46,341 [Worker-130: Building] INFO  o.e.m.c.i.embedder.EclipseLogger - Spotless check skipped
2025-08-17 18:49:46,343 [Worker-130: Building] INFO  o.a.m.s.f.DefaultMavenResourcesFiltering - skip non existing resourceDirectory D:\Eclipse_workspace\book store\notification-service\src\test\resources
2025-08-17 18:50:21,053 [Worker-130: Building] INFO  o.e.m.c.i.embedder.EclipseLogger - Skip mojo execution on incremental builds.
2025-08-17 18:50:21,058 [Worker-130: Building] INFO  o.a.m.s.f.DefaultMavenResourcesFiltering - Copying 0 resource from src\main\resources to target\classes
2025-08-17 18:50:21,059 [Worker-130: Building] INFO  o.a.m.s.f.DefaultMavenResourcesFiltering - Copying 0 resource from src\main\resources to target\classes
2025-08-17 18:50:21,060 [Worker-130: Building] INFO  o.e.m.c.i.embedder.EclipseLogger - Spotless check skipped
2025-08-17 18:50:21,063 [Worker-130: Building] INFO  o.a.m.s.f.DefaultMavenResourcesFiltering - skip non existing resourceDirectory D:\Eclipse_workspace\book store\notification-service\src\test\resources
2025-08-17 18:50:30,813 [Worker-125: Building] INFO  o.e.m.c.i.embedder.EclipseLogger - Skip mojo execution on incremental builds.
2025-08-17 18:50:30,819 [Worker-125: Building] INFO  o.a.m.s.f.DefaultMavenResourcesFiltering - Copying 0 resource from src\main\resources to target\classes
2025-08-17 18:50:30,819 [Worker-125: Building] INFO  o.a.m.s.f.DefaultMavenResourcesFiltering - Copying 0 resource from src\main\resources to target\classes
2025-08-17 18:50:30,821 [Worker-125: Building] INFO  o.e.m.c.i.embedder.EclipseLogger - Spotless check skipped
2025-08-17 18:50:30,824 [Worker-125: Building] INFO  o.a.m.s.f.DefaultMavenResourcesFiltering - skip non existing resourceDirectory D:\Eclipse_workspace\book store\notification-service\src\test\resources
2025-08-17 19:11:42,609 [Worker-132: Building] INFO  o.e.m.c.i.embedder.EclipseLogger - Skip mojo execution on incremental builds.
2025-08-17 19:11:42,615 [Worker-132: Building] INFO  o.a.m.s.f.DefaultMavenResourcesFiltering - Copying 1 resource from src\main\resources to target\classes
2025-08-17 19:11:42,652 [Worker-132: Building] INFO  o.a.m.s.f.DefaultMavenResourcesFiltering - Copying 0 resource from src\main\resources to target\classes
2025-08-17 19:11:42,657 [Worker-132: Building] INFO  o.e.m.c.i.embedder.EclipseLogger - Spotless check skipped
2025-08-17 19:11:42,662 [Worker-132: Building] INFO  o.a.m.s.f.DefaultMavenResourcesFiltering - skip non existing resourceDirectory D:\Eclipse_workspace\book store\notification-service\src\test\resources
2025-08-17 19:12:13,409 [Worker-134: Building] INFO  o.e.m.c.i.embedder.EclipseLogger - Skip mojo execution on incremental builds.
2025-08-17 19:12:13,413 [Worker-134: Building] INFO  o.a.m.s.f.DefaultMavenResourcesFiltering - Copying 1 resource from src\main\resources to target\classes
2025-08-17 19:12:13,423 [Worker-134: Building] INFO  o.a.m.s.f.DefaultMavenResourcesFiltering - Copying 0 resource from src\main\resources to target\classes
2025-08-17 19:12:13,425 [Worker-134: Building] INFO  o.e.m.c.i.embedder.EclipseLogger - Spotless check skipped
2025-08-17 19:12:13,428 [Worker-134: Building] INFO  o.a.m.s.f.DefaultMavenResourcesFiltering - skip non existing resourceDirectory D:\Eclipse_workspace\book store\notification-service\src\test\resources
2025-08-17 19:12:23,481 [Worker-133: Building] INFO  o.e.m.c.i.embedder.EclipseLogger - Skip mojo execution on incremental builds.
2025-08-17 19:12:23,487 [Worker-133: Building] INFO  o.a.m.s.f.DefaultMavenResourcesFiltering - Copying 1 resource from src\main\resources to target\classes
2025-08-17 19:12:23,516 [Worker-133: Building] INFO  o.a.m.s.f.DefaultMavenResourcesFiltering - Copying 0 resource from src\main\resources to target\classes
2025-08-17 19:12:23,520 [Worker-133: Building] INFO  o.e.m.c.i.embedder.EclipseLogger - Spotless check skipped
2025-08-17 19:12:23,523 [Worker-133: Building] INFO  o.a.m.s.f.DefaultMavenResourcesFiltering - skip non existing resourceDirectory D:\Eclipse_workspace\book store\notification-service\src\test\resources
2025-08-17 19:12:32,013 [Worker-127: Building] INFO  o.e.m.c.i.embedder.EclipseLogger - Skip mojo execution on incremental builds.
2025-08-17 19:12:32,018 [Worker-127: Building] INFO  o.a.m.s.f.DefaultMavenResourcesFiltering - Copying 1 resource from src\main\resources to target\classes
2025-08-17 19:12:32,024 [Worker-127: Building] INFO  o.a.m.s.f.DefaultMavenResourcesFiltering - Copying 0 resource from src\main\resources to target\classes
2025-08-17 19:12:32,026 [Worker-127: Building] INFO  o.e.m.c.i.embedder.EclipseLogger - Spotless check skipped
2025-08-17 19:12:32,028 [Worker-127: Building] INFO  o.a.m.s.f.DefaultMavenResourcesFiltering - skip non existing resourceDirectory D:\Eclipse_workspace\book store\notification-service\src\test\resources
2025-08-17 20:49:24,057 [Worker-137: Building] INFO  o.e.m.c.i.l.LifecycleMappingFactory - Using org.eclipse.m2e.jdt.JarLifecycleMapping lifecycle mapping for MavenProject: com.sivalabs:notification-service:0.0.1-SNAPSHOT @ D:\Eclipse_workspace\book store\notification-service\pom.xml.
2025-08-17 20:49:25,370 [Worker-137: Building] INFO  o.e.m.c.i.embedder.EclipseLogger - Skip mojo execution on incremental builds.
2025-08-17 20:49:25,375 [Worker-137: Building] INFO  o.a.m.s.f.DefaultMavenResourcesFiltering - Copying 0 resource from src\main\resources to target\classes
2025-08-17 20:49:25,375 [Worker-137: Building] INFO  o.a.m.s.f.DefaultMavenResourcesFiltering - Copying 0 resource from src\main\resources to target\classes
2025-08-17 20:49:25,377 [Worker-137: Building] INFO  o.e.m.c.i.embedder.EclipseLogger - Spotless check skipped
2025-08-17 20:49:25,380 [Worker-137: Building] INFO  o.a.m.s.f.DefaultMavenResourcesFiltering - skip non existing resourceDirectory D:\Eclipse_workspace\book store\notification-service\src\test\resources
2025-08-17 20:49:29,481 [Worker-137: Building] INFO  o.e.m.c.i.l.LifecycleMappingFactory - Using org.eclipse.m2e.jdt.JarLifecycleMapping lifecycle mapping for MavenProject: com.sivalabs:notification-service:0.0.1-SNAPSHOT @ D:\Eclipse_workspace\book store\notification-service\pom.xml.
2025-08-17 20:49:30,489 [Worker-137: Building] INFO  o.e.m.c.i.embedder.EclipseLogger - dotGitDirectory 'D:\Eclipse_workspace\book store\.git'
2025-08-17 20:49:30,501 [Worker-137: Building] INFO  o.e.m.c.i.embedder.EclipseLogger - Collected git.branch with value main
2025-08-17 20:49:30,502 [Worker-137: Building] INFO  o.e.m.c.i.embedder.EclipseLogger - Collected git.commit.id.abbrev with value e9ed2bc
2025-08-17 20:49:30,502 [Worker-137: Building] INFO  o.e.m.c.i.embedder.EclipseLogger - Collected git.commit.user.name with value umang kumar jain
2025-08-17 20:49:30,502 [Worker-137: Building] INFO  o.e.m.c.i.embedder.EclipseLogger - Collected git.commit.message.full with value some modifications
2025-08-17 20:49:30,503 [Worker-137: Building] INFO  o.e.m.c.i.embedder.EclipseLogger - including property 'git.commit.user.name' in results
2025-08-17 20:49:30,503 [Worker-137: Building] INFO  o.e.m.c.i.embedder.EclipseLogger - including property 'git.commit.id.abbrev' in results
2025-08-17 20:49:30,503 [Worker-137: Building] INFO  o.e.m.c.i.embedder.EclipseLogger - including property 'git.branch' in results
2025-08-17 20:49:30,503 [Worker-137: Building] INFO  o.e.m.c.i.embedder.EclipseLogger - including property 'git.commit.message.full' in results
2025-08-17 20:49:30,503 [Worker-137: Building] INFO  o.e.m.c.i.embedder.EclipseLogger - Writing properties file [D:\Eclipse_workspace\book store\notification-service\target\classes\git.properties] (for project notification-service)...
2025-08-17 20:49:30,508 [Worker-137: Building] INFO  o.a.m.s.f.DefaultMavenResourcesFiltering - Copying 1 resource from src\main\resources to target\classes
2025-08-17 20:49:30,510 [Worker-137: Building] INFO  o.a.m.s.f.DefaultMavenResourcesFiltering - Copying 1 resource from src\main\resources to target\classes
2025-08-17 20:49:30,515 [Worker-137: Building] INFO  o.e.m.c.i.embedder.EclipseLogger - Spotless check skipped
2025-08-17 20:49:30,517 [Worker-137: Building] INFO  o.a.m.s.f.DefaultMavenResourcesFiltering - skip non existing resourceDirectory D:\Eclipse_workspace\book store\notification-service\src\test\resources
2025-08-17 20:49:32,548 [Worker-136: Building] INFO  o.e.m.c.i.embedder.EclipseLogger - dotGitDirectory 'D:\Eclipse_workspace\book store\.git'
2025-08-17 20:49:32,557 [Worker-136: Building] INFO  o.e.m.c.i.embedder.EclipseLogger - Collected git.branch with value main
2025-08-17 20:49:32,557 [Worker-136: Building] INFO  o.e.m.c.i.embedder.EclipseLogger - Collected git.commit.id.abbrev with value e9ed2bc
2025-08-17 20:49:32,557 [Worker-136: Building] INFO  o.e.m.c.i.embedder.EclipseLogger - Collected git.commit.user.name with value umang kumar jain
2025-08-17 20:49:32,557 [Worker-136: Building] INFO  o.e.m.c.i.embedder.EclipseLogger - Collected git.commit.message.full with value some modifications
2025-08-17 20:49:32,558 [Worker-136: Building] INFO  o.e.m.c.i.embedder.EclipseLogger - including property 'git.commit.user.name' in results
2025-08-17 20:49:32,558 [Worker-136: Building] INFO  o.e.m.c.i.embedder.EclipseLogger - including property 'git.commit.id.abbrev' in results
2025-08-17 20:49:32,558 [Worker-136: Building] INFO  o.e.m.c.i.embedder.EclipseLogger - including property 'git.branch' in results
2025-08-17 20:49:32,558 [Worker-136: Building] INFO  o.e.m.c.i.embedder.EclipseLogger - including property 'git.commit.message.full' in results
2025-08-17 20:49:32,558 [Worker-136: Building] INFO  o.e.m.c.i.embedder.EclipseLogger - Writing properties file [D:\Eclipse_workspace\book store\notification-service\target\classes\git.properties] (for project notification-service)...
2025-08-17 20:49:32,562 [Worker-136: Building] INFO  o.a.m.s.f.DefaultMavenResourcesFiltering - Copying 1 resource from src\main\resources to target\classes
2025-08-17 20:49:32,564 [Worker-136: Building] INFO  o.a.m.s.f.DefaultMavenResourcesFiltering - Copying 1 resource from src\main\resources to target\classes
2025-08-17 20:49:32,569 [Worker-136: Building] INFO  o.e.m.c.i.embedder.EclipseLogger - Spotless check skipped
2025-08-17 20:49:32,572 [Worker-136: Building] INFO  o.a.m.s.f.DefaultMavenResourcesFiltering - skip non existing resourceDirectory D:\Eclipse_workspace\book store\notification-service\src\test\resources
2025-08-17 20:51:39,194 [Worker-138: Building] INFO  o.e.m.c.i.embedder.EclipseLogger - Skip mojo execution on incremental builds.
2025-08-17 20:51:39,199 [Worker-138: Building] INFO  o.a.m.s.f.DefaultMavenResourcesFiltering - Copying 1 resource from src\main\resources to target\classes
2025-08-17 20:51:39,231 [Worker-138: Building] INFO  o.a.m.s.f.DefaultMavenResourcesFiltering - Copying 0 resource from src\main\resources to target\classes
2025-08-17 20:51:39,234 [Worker-138: Building] INFO  o.e.m.c.i.embedder.EclipseLogger - Spotless check skipped
2025-08-17 20:51:39,235 [Worker-138: Building] INFO  o.a.m.s.f.DefaultMavenResourcesFiltering - skip non existing resourceDirectory D:\Eclipse_workspace\book store\notification-service\src\test\resources
2025-08-17 20:55:06,646 [Worker-144: Building] INFO  o.e.m.c.i.embedder.EclipseLogger - Skip mojo execution on incremental builds.
2025-08-17 20:55:06,649 [Worker-144: Building] INFO  o.a.m.s.f.DefaultMavenResourcesFiltering - Copying 1 resource from src\main\resources to target\classes
2025-08-17 20:55:06,658 [Worker-144: Building] INFO  o.a.m.s.f.DefaultMavenResourcesFiltering - Copying 0 resource from src\main\resources to target\classes
2025-08-17 20:55:06,659 [Worker-144: Building] INFO  o.e.m.c.i.embedder.EclipseLogger - Spotless check skipped
2025-08-17 20:55:06,660 [Worker-144: Building] INFO  o.a.m.s.f.DefaultMavenResourcesFiltering - skip non existing resourceDirectory D:\Eclipse_workspace\book store\notification-service\src\test\resources
2025-08-17 21:00:19,003 [Worker-144: Building] INFO  o.e.m.c.i.embedder.EclipseLogger - Skip mojo execution on incremental builds.
2025-08-17 21:00:19,007 [Worker-144: Building] INFO  o.a.m.s.f.DefaultMavenResourcesFiltering - Copying 1 resource from src\main\resources to target\classes
2025-08-17 21:00:19,031 [Worker-144: Building] INFO  o.a.m.s.f.DefaultMavenResourcesFiltering - Copying 0 resource from src\main\resources to target\classes
2025-08-17 21:00:19,032 [Worker-144: Building] INFO  o.e.m.c.i.embedder.EclipseLogger - Spotless check skipped
2025-08-17 21:00:19,034 [Worker-144: Building] INFO  o.a.m.s.f.DefaultMavenResourcesFiltering - skip non existing resourceDirectory D:\Eclipse_workspace\book store\notification-service\src\test\resources
2025-08-17 21:00:21,911 [Worker-143: Building] INFO  o.e.m.c.i.embedder.EclipseLogger - Skip mojo execution on incremental builds.
2025-08-17 21:00:21,915 [Worker-143: Building] INFO  o.a.m.s.f.DefaultMavenResourcesFiltering - Copying 1 resource from src\main\resources to target\classes
2025-08-17 21:00:21,942 [Worker-143: Building] INFO  o.a.m.s.f.DefaultMavenResourcesFiltering - Copying 0 resource from src\main\resources to target\classes
2025-08-17 21:00:21,943 [Worker-143: Building] INFO  o.e.m.c.i.embedder.EclipseLogger - Spotless check skipped
2025-08-17 21:00:21,945 [Worker-143: Building] INFO  o.a.m.s.f.DefaultMavenResourcesFiltering - skip non existing resourceDirectory D:\Eclipse_workspace\book store\notification-service\src\test\resources
2025-08-17 21:02:51,402 [Worker-150: Building] INFO  o.e.m.c.i.embedder.EclipseLogger - Skip mojo execution on incremental builds.
2025-08-17 21:02:51,404 [Worker-150: Building] INFO  o.a.m.s.f.DefaultMavenResourcesFiltering - Copying 1 resource from src\main\resources to target\classes
2025-08-17 21:02:51,421 [Worker-150: Building] INFO  o.a.m.s.f.DefaultMavenResourcesFiltering - Copying 0 resource from src\main\resources to target\classes
2025-08-17 21:02:51,423 [Worker-150: Building] INFO  o.e.m.c.i.embedder.EclipseLogger - Spotless check skipped
2025-08-17 21:02:51,425 [Worker-150: Building] INFO  o.a.m.s.f.DefaultMavenResourcesFiltering - skip non existing resourceDirectory D:\Eclipse_workspace\book store\notification-service\src\test\resources
2025-08-17 21:04:20,365 [Worker-151: Building] INFO  o.e.m.c.i.embedder.EclipseLogger - Skip mojo execution on incremental builds.
2025-08-17 21:04:20,371 [Worker-151: Building] INFO  o.a.m.s.f.DefaultMavenResourcesFiltering - Copying 0 resource from src\main\resources to target\classes
2025-08-17 21:04:20,371 [Worker-151: Building] INFO  o.a.m.s.f.DefaultMavenResourcesFiltering - Copying 0 resource from src\main\resources to target\classes
2025-08-17 21:04:20,374 [Worker-151: Building] INFO  o.e.m.c.i.embedder.EclipseLogger - Spotless check skipped
2025-08-17 21:04:20,376 [Worker-151: Building] INFO  o.a.m.s.f.DefaultMavenResourcesFiltering - skip non existing resourceDirectory D:\Eclipse_workspace\book store\notification-service\src\test\resources
2025-08-17 21:19:44,555 [Worker-160: Building] INFO  o.e.m.c.i.embedder.EclipseLogger - Skip mojo execution on incremental builds.
2025-08-17 21:19:44,561 [Worker-160: Building] INFO  o.a.m.s.f.DefaultMavenResourcesFiltering - Copying 1 resource from src\main\resources to target\classes
2025-08-17 21:19:44,570 [Worker-160: Building] INFO  o.a.m.s.f.DefaultMavenResourcesFiltering - Copying 0 resource from src\main\resources to target\classes
2025-08-17 21:19:44,574 [Worker-160: Building] INFO  o.e.m.c.i.embedder.EclipseLogger - Spotless check skipped
2025-08-17 21:19:44,576 [Worker-160: Building] INFO  o.a.m.s.f.DefaultMavenResourcesFiltering - skip non existing resourceDirectory D:\Eclipse_workspace\book store\notification-service\src\test\resources
2025-08-17 21:21:06,476 [Worker-165: Building] INFO  o.e.m.c.i.embedder.EclipseLogger - Skip mojo execution on incremental builds.
2025-08-17 21:21:06,479 [Worker-165: Building] INFO  o.a.m.s.f.DefaultMavenResourcesFiltering - Copying 1 resource from src\main\resources to target\classes
2025-08-17 21:21:06,486 [Worker-165: Building] INFO  o.a.m.s.f.DefaultMavenResourcesFiltering - Copying 0 resource from src\main\resources to target\classes
2025-08-17 21:21:06,488 [Worker-165: Building] INFO  o.e.m.c.i.embedder.EclipseLogger - Spotless check skipped
2025-08-17 21:21:06,489 [Worker-165: Building] INFO  o.a.m.s.f.DefaultMavenResourcesFiltering - skip non existing resourceDirectory D:\Eclipse_workspace\book store\notification-service\src\test\resources
2025-08-17 21:58:26,196 [Worker-174: Building] INFO  o.e.m.c.i.embedder.EclipseLogger - Skip mojo execution on incremental builds.
2025-08-17 21:58:26,204 [Worker-174: Building] INFO  o.a.m.s.f.DefaultMavenResourcesFiltering - Copying 1 resource from src\main\resources to target\classes
2025-08-17 21:58:26,232 [Worker-174: Building] INFO  o.a.m.s.f.DefaultMavenResourcesFiltering - Copying 3 resources from src\main\resources to target\classes
2025-08-17 21:58:26,236 [Worker-174: Building] INFO  o.e.m.c.i.embedder.EclipseLogger - Spotless check skipped
2025-08-17 21:58:26,240 [Worker-174: Building] INFO  o.a.m.s.f.DefaultMavenResourcesFiltering - Copying 2 resources from src\test\resources to target\test-classes
2025-08-17 21:58:45,419 [Worker-177: Building] INFO  o.e.m.c.i.embedder.EclipseLogger - Skip mojo execution on incremental builds.
2025-08-17 21:58:45,422 [Worker-177: Building] INFO  o.a.m.s.f.DefaultMavenResourcesFiltering - Copying 0 resource from src\main\resources to target\classes
2025-08-17 21:58:45,422 [Worker-177: Building] INFO  o.a.m.s.f.DefaultMavenResourcesFiltering - Copying 0 resource from src\main\resources to target\classes
2025-08-17 21:58:45,423 [Worker-177: Building] INFO  o.e.m.c.i.embedder.EclipseLogger - Spotless check skipped
2025-08-17 21:58:45,425 [Worker-177: Building] INFO  o.a.m.s.f.DefaultMavenResourcesFiltering - Copying 2 resources from src\test\resources to target\test-classes
2025-08-17 21:59:28,800 [Worker-176: Building] INFO  o.e.m.c.i.l.LifecycleMappingFactory - Using org.eclipse.m2e.jdt.JarLifecycleMapping lifecycle mapping for MavenProject: org.springframework.boot:order-service:0.0.1-SNAPSHOT @ D:\Eclipse_workspace\book store\order-service\pom.xml.
2025-08-17 21:59:30,043 [Worker-176: Building] INFO  o.e.m.c.i.embedder.EclipseLogger - Skip mojo execution on incremental builds.
2025-08-17 21:59:30,047 [Worker-176: Building] INFO  o.a.m.s.f.DefaultMavenResourcesFiltering - Copying 0 resource from src\main\resources to target\classes
2025-08-17 21:59:30,047 [Worker-176: Building] INFO  o.a.m.s.f.DefaultMavenResourcesFiltering - Copying 0 resource from src\main\resources to target\classes
2025-08-17 21:59:30,049 [Worker-176: Building] INFO  o.e.m.c.i.embedder.EclipseLogger - Spotless check skipped
2025-08-17 21:59:30,051 [Worker-176: Building] INFO  o.a.m.s.f.DefaultMavenResourcesFiltering - Copying 0 resource from src\test\resources to target\test-classes
2025-08-17 21:59:32,037 [Worker-177: Building] INFO  o.e.m.c.i.embedder.EclipseLogger - dotGitDirectory 'D:\Eclipse_workspace\book store\.git'
2025-08-17 21:59:32,050 [Worker-177: Building] INFO  o.e.m.c.i.embedder.EclipseLogger - Collected git.branch with value main
2025-08-17 21:59:32,051 [Worker-177: Building] INFO  o.e.m.c.i.embedder.EclipseLogger - Collected git.commit.id.abbrev with value 958b3ba
2025-08-17 21:59:32,051 [Worker-177: Building] INFO  o.e.m.c.i.embedder.EclipseLogger - Collected git.commit.user.name with value umang kumar jain
2025-08-17 21:59:32,051 [Worker-177: Building] INFO  o.e.m.c.i.embedder.EclipseLogger - Collected git.commit.message.full with value created notification service and added rabbitmq to it
2025-08-17 21:59:32,051 [Worker-177: Building] INFO  o.e.m.c.i.embedder.EclipseLogger - including property 'git.commit.user.name' in results
2025-08-17 21:59:32,052 [Worker-177: Building] INFO  o.e.m.c.i.embedder.EclipseLogger - including property 'git.commit.id.abbrev' in results
2025-08-17 21:59:32,052 [Worker-177: Building] INFO  o.e.m.c.i.embedder.EclipseLogger - including property 'git.branch' in results
2025-08-17 21:59:32,052 [Worker-177: Building] INFO  o.e.m.c.i.embedder.EclipseLogger - including property 'git.commit.message.full' in results
2025-08-17 21:59:32,052 [Worker-177: Building] INFO  o.e.m.c.i.embedder.EclipseLogger - Writing properties file [D:\Eclipse_workspace\book store\order-service\target\classes\git.properties] (for project order-service)...
2025-08-17 21:59:32,056 [Worker-177: Building] INFO  o.a.m.s.f.DefaultMavenResourcesFiltering - Copying 1 resource from src\main\resources to target\classes
2025-08-17 21:59:32,058 [Worker-177: Building] INFO  o.a.m.s.f.DefaultMavenResourcesFiltering - Copying 3 resources from src\main\resources to target\classes
2025-08-17 21:59:32,072 [Worker-177: Building] INFO  o.e.m.c.i.embedder.EclipseLogger - Spotless check skipped
2025-08-17 21:59:32,075 [Worker-177: Building] INFO  o.a.m.s.f.DefaultMavenResourcesFiltering - Copying 2 resources from src\test\resources to target\test-classes
2025-08-17 22:00:12,190 [Worker-175: Building] INFO  o.e.m.c.i.l.LifecycleMappingFactory - Using org.eclipse.m2e.jdt.JarLifecycleMapping lifecycle mapping for MavenProject: org.springframework.boot:order-service:0.0.1-SNAPSHOT @ D:\Eclipse_workspace\book store\order-service\pom.xml.
2025-08-17 22:00:13,475 [Worker-175: Building] INFO  o.e.m.c.i.embedder.EclipseLogger - Skip mojo execution on incremental builds.
2025-08-17 22:00:13,478 [Worker-175: Building] INFO  o.a.m.s.f.DefaultMavenResourcesFiltering - Copying 0 resource from src\main\resources to target\classes
2025-08-17 22:00:13,478 [Worker-175: Building] INFO  o.a.m.s.f.DefaultMavenResourcesFiltering - Copying 0 resource from src\main\resources to target\classes
2025-08-17 22:00:13,480 [Worker-175: Building] INFO  o.e.m.c.i.embedder.EclipseLogger - Spotless check skipped
2025-08-17 22:00:13,481 [Worker-175: Building] INFO  o.a.m.s.f.DefaultMavenResourcesFiltering - Copying 0 resource from src\test\resources to target\test-classes
2025-08-17 22:00:15,938 [Worker-176: Building] INFO  o.e.m.c.i.embedder.EclipseLogger - dotGitDirectory 'D:\Eclipse_workspace\book store\.git'
2025-08-17 22:00:15,946 [Worker-176: Building] INFO  o.e.m.c.i.embedder.EclipseLogger - Collected git.branch with value main
2025-08-17 22:00:15,947 [Worker-176: Building] INFO  o.e.m.c.i.embedder.EclipseLogger - Collected git.commit.id.abbrev with value 958b3ba
2025-08-17 22:00:15,947 [Worker-176: Building] INFO  o.e.m.c.i.embedder.EclipseLogger - Collected git.commit.user.name with value umang kumar jain
2025-08-17 22:00:15,947 [Worker-176: Building] INFO  o.e.m.c.i.embedder.EclipseLogger - Collected git.commit.message.full with value created notification service and added rabbitmq to it
2025-08-17 22:00:15,948 [Worker-176: Building] INFO  o.e.m.c.i.embedder.EclipseLogger - including property 'git.commit.user.name' in results
2025-08-17 22:00:15,948 [Worker-176: Building] INFO  o.e.m.c.i.embedder.EclipseLogger - including property 'git.commit.id.abbrev' in results
2025-08-17 22:00:15,948 [Worker-176: Building] INFO  o.e.m.c.i.embedder.EclipseLogger - including property 'git.branch' in results
2025-08-17 22:00:15,948 [Worker-176: Building] INFO  o.e.m.c.i.embedder.EclipseLogger - including property 'git.commit.message.full' in results
2025-08-17 22:00:15,948 [Worker-176: Building] INFO  o.e.m.c.i.embedder.EclipseLogger - Writing properties file [D:\Eclipse_workspace\book store\order-service\target\classes\git.properties] (for project order-service)...
2025-08-17 22:00:15,956 [Worker-176: Building] INFO  o.a.m.s.f.DefaultMavenResourcesFiltering - Copying 1 resource from src\main\resources to target\classes
2025-08-17 22:00:15,958 [Worker-176: Building] INFO  o.a.m.s.f.DefaultMavenResourcesFiltering - Copying 3 resources from src\main\resources to target\classes
2025-08-17 22:00:15,965 [Worker-176: Building] INFO  o.e.m.c.i.embedder.EclipseLogger - Spotless check skipped
2025-08-17 22:00:15,969 [Worker-176: Building] INFO  o.a.m.s.f.DefaultMavenResourcesFiltering - Copying 2 resources from src\test\resources to target\test-classes
2025-08-17 22:00:53,057 [Worker-178: Building] INFO  o.e.m.c.i.l.LifecycleMappingFactory - Using org.eclipse.m2e.jdt.JarLifecycleMapping lifecycle mapping for MavenProject: org.springframework.boot:order-service:0.0.1-SNAPSHOT @ D:\Eclipse_workspace\book store\order-service\pom.xml.
2025-08-17 22:00:54,431 [Worker-178: Building] INFO  o.e.m.c.i.embedder.EclipseLogger - Skip mojo execution on incremental builds.
2025-08-17 22:00:54,434 [Worker-178: Building] INFO  o.a.m.s.f.DefaultMavenResourcesFiltering - Copying 0 resource from src\main\resources to target\classes
2025-08-17 22:00:54,434 [Worker-178: Building] INFO  o.a.m.s.f.DefaultMavenResourcesFiltering - Copying 0 resource from src\main\resources to target\classes
2025-08-17 22:00:54,436 [Worker-178: Building] INFO  o.e.m.c.i.embedder.EclipseLogger - Spotless check skipped
2025-08-17 22:00:54,437 [Worker-178: Building] INFO  o.a.m.s.f.DefaultMavenResourcesFiltering - Copying 0 resource from src\test\resources to target\test-classes
2025-08-17 22:00:56,290 [Worker-178: Building] INFO  o.e.m.c.i.embedder.EclipseLogger - dotGitDirectory 'D:\Eclipse_workspace\book store\.git'
2025-08-17 22:00:56,296 [Worker-178: Building] INFO  o.e.m.c.i.embedder.EclipseLogger - Collected git.branch with value main
2025-08-17 22:00:56,296 [Worker-178: Building] INFO  o.e.m.c.i.embedder.EclipseLogger - Collected git.commit.id.abbrev with value 958b3ba
2025-08-17 22:00:56,296 [Worker-178: Building] INFO  o.e.m.c.i.embedder.EclipseLogger - Collected git.commit.user.name with value umang kumar jain
2025-08-17 22:00:56,296 [Worker-178: Building] INFO  o.e.m.c.i.embedder.EclipseLogger - Collected git.commit.message.full with value created notification service and added rabbitmq to it
2025-08-17 22:00:56,298 [Worker-178: Building] INFO  o.e.m.c.i.embedder.EclipseLogger - including property 'git.commit.user.name' in results
2025-08-17 22:00:56,298 [Worker-178: Building] INFO  o.e.m.c.i.embedder.EclipseLogger - including property 'git.commit.id.abbrev' in results
2025-08-17 22:00:56,298 [Worker-178: Building] INFO  o.e.m.c.i.embedder.EclipseLogger - including property 'git.branch' in results
2025-08-17 22:00:56,298 [Worker-178: Building] INFO  o.e.m.c.i.embedder.EclipseLogger - including property 'git.commit.message.full' in results
2025-08-17 22:00:56,298 [Worker-178: Building] INFO  o.e.m.c.i.embedder.EclipseLogger - Writing properties file [D:\Eclipse_workspace\book store\order-service\target\classes\git.properties] (for project order-service)...
2025-08-17 22:00:56,304 [Worker-178: Building] INFO  o.a.m.s.f.DefaultMavenResourcesFiltering - Copying 1 resource from src\main\resources to target\classes
2025-08-17 22:00:56,306 [Worker-178: Building] INFO  o.a.m.s.f.DefaultMavenResourcesFiltering - Copying 3 resources from src\main\resources to target\classes
2025-08-17 22:00:56,312 [Worker-178: Building] INFO  o.e.m.c.i.embedder.EclipseLogger - Spotless check skipped
2025-08-17 22:00:56,316 [Worker-178: Building] INFO  o.a.m.s.f.DefaultMavenResourcesFiltering - Copying 2 resources from src\test\resources to target\test-classes
2025-08-17 22:01:19,420 [Worker-177: Building] INFO  o.e.m.c.i.l.LifecycleMappingFactory - Using org.eclipse.m2e.jdt.JarLifecycleMapping lifecycle mapping for MavenProject: org.springframework.boot:order-service:0.0.1-SNAPSHOT @ D:\Eclipse_workspace\book store\order-service\pom.xml.
2025-08-17 22:01:20,652 [Worker-177: Building] INFO  o.e.m.c.i.embedder.EclipseLogger - Skip mojo execution on incremental builds.
2025-08-17 22:01:20,655 [Worker-177: Building] INFO  o.a.m.s.f.DefaultMavenResourcesFiltering - Copying 0 resource from src\main\resources to target\classes
2025-08-17 22:01:20,655 [Worker-177: Building] INFO  o.a.m.s.f.DefaultMavenResourcesFiltering - Copying 0 resource from src\main\resources to target\classes
2025-08-17 22:01:20,656 [Worker-177: Building] INFO  o.e.m.c.i.embedder.EclipseLogger - Spotless check skipped
2025-08-17 22:01:20,657 [Worker-177: Building] INFO  o.a.m.s.f.DefaultMavenResourcesFiltering - Copying 0 resource from src\test\resources to target\test-classes
2025-08-17 22:01:22,494 [Worker-175: Building] INFO  o.e.m.c.i.embedder.EclipseLogger - dotGitDirectory 'D:\Eclipse_workspace\book store\.git'
2025-08-17 22:01:22,499 [Worker-175: Building] INFO  o.e.m.c.i.embedder.EclipseLogger - Collected git.branch with value main
2025-08-17 22:01:22,499 [Worker-175: Building] INFO  o.e.m.c.i.embedder.EclipseLogger - Collected git.commit.id.abbrev with value 958b3ba
2025-08-17 22:01:22,499 [Worker-175: Building] INFO  o.e.m.c.i.embedder.EclipseLogger - Collected git.commit.user.name with value umang kumar jain
2025-08-17 22:01:22,499 [Worker-175: Building] INFO  o.e.m.c.i.embedder.EclipseLogger - Collected git.commit.message.full with value created notification service and added rabbitmq to it
2025-08-17 22:01:22,500 [Worker-175: Building] INFO  o.e.m.c.i.embedder.EclipseLogger - including property 'git.commit.user.name' in results
2025-08-17 22:01:22,500 [Worker-175: Building] INFO  o.e.m.c.i.embedder.EclipseLogger - including property 'git.commit.id.abbrev' in results
2025-08-17 22:01:22,500 [Worker-175: Building] INFO  o.e.m.c.i.embedder.EclipseLogger - including property 'git.branch' in results
2025-08-17 22:01:22,500 [Worker-175: Building] INFO  o.e.m.c.i.embedder.EclipseLogger - including property 'git.commit.message.full' in results
2025-08-17 22:01:22,500 [Worker-175: Building] INFO  o.e.m.c.i.embedder.EclipseLogger - Writing properties file [D:\Eclipse_workspace\book store\order-service\target\classes\git.properties] (for project order-service)...
2025-08-17 22:01:22,506 [Worker-175: Building] INFO  o.a.m.s.f.DefaultMavenResourcesFiltering - Copying 1 resource from src\main\resources to target\classes
2025-08-17 22:01:22,508 [Worker-175: Building] INFO  o.a.m.s.f.DefaultMavenResourcesFiltering - Copying 3 resources from src\main\resources to target\classes
2025-08-17 22:01:22,513 [Worker-175: Building] INFO  o.e.m.c.i.embedder.EclipseLogger - Spotless check skipped
2025-08-17 22:01:22,516 [Worker-175: Building] INFO  o.a.m.s.f.DefaultMavenResourcesFiltering - Copying 2 resources from src\test\resources to target\test-classes
2025-08-17 22:02:17,258 [Worker-177: Building] INFO  o.e.m.c.i.embedder.EclipseLogger - Skip mojo execution on incremental builds.
2025-08-17 22:02:17,262 [Worker-177: Building] INFO  o.a.m.s.f.DefaultMavenResourcesFiltering - Copying 0 resource from src\main\resources to target\classes
2025-08-17 22:02:17,262 [Worker-177: Building] INFO  o.a.m.s.f.DefaultMavenResourcesFiltering - Copying 0 resource from src\main\resources to target\classes
2025-08-17 22:02:17,264 [Worker-177: Building] INFO  o.e.m.c.i.embedder.EclipseLogger - Spotless check skipped
2025-08-17 22:02:17,267 [Worker-177: Building] INFO  o.a.m.s.f.DefaultMavenResourcesFiltering - Copying 2 resources from src\test\resources to target\test-classes
2025-08-17 22:02:30,906 [Worker-174: Building] INFO  o.e.m.c.i.embedder.EclipseLogger - Skip mojo execution on incremental builds.
2025-08-17 22:02:30,910 [Worker-174: Building] INFO  o.a.m.s.f.DefaultMavenResourcesFiltering - Copying 0 resource from src\main\resources to target\classes
2025-08-17 22:02:30,910 [Worker-174: Building] INFO  o.a.m.s.f.DefaultMavenResourcesFiltering - Copying 0 resource from src\main\resources to target\classes
2025-08-17 22:02:30,912 [Worker-174: Building] INFO  o.e.m.c.i.embedder.EclipseLogger - Spotless check skipped
2025-08-17 22:02:30,914 [Worker-174: Building] INFO  o.a.m.s.f.DefaultMavenResourcesFiltering - Copying 2 resources from src\test\resources to target\test-classes
2025-08-17 22:03:19,324 [Worker-175: Building] INFO  o.e.m.c.i.embedder.EclipseLogger - Skip mojo execution on incremental builds.
2025-08-17 22:03:19,330 [Worker-175: Building] INFO  o.a.m.s.f.DefaultMavenResourcesFiltering - Copying 0 resource from src\main\resources to target\classes
2025-08-17 22:03:19,330 [Worker-175: Building] INFO  o.a.m.s.f.DefaultMavenResourcesFiltering - Copying 1 resource from src\main\resources to target\classes
2025-08-17 22:03:19,335 [Worker-175: Building] INFO  o.e.m.c.i.embedder.EclipseLogger - Spotless check skipped
2025-08-17 22:03:19,338 [Worker-175: Building] INFO  o.a.m.s.f.DefaultMavenResourcesFiltering - Copying 0 resource from src\test\resources to target\test-classes
2025-08-17 22:03:43,648 [Worker-175: Building] INFO  o.e.m.c.i.embedder.EclipseLogger - Skip mojo execution on incremental builds.
2025-08-17 22:03:43,654 [Worker-175: Building] INFO  o.a.m.s.f.DefaultMavenResourcesFiltering - Copying 0 resource from src\main\resources to target\classes
2025-08-17 22:03:43,654 [Worker-175: Building] INFO  o.a.m.s.f.DefaultMavenResourcesFiltering - Copying 1 resource from src\main\resources to target\classes
2025-08-17 22:03:43,658 [Worker-175: Building] INFO  o.e.m.c.i.embedder.EclipseLogger - Spotless check skipped
2025-08-17 22:03:43,661 [Worker-175: Building] INFO  o.a.m.s.f.DefaultMavenResourcesFiltering - Copying 0 resource from src\test\resources to target\test-classes
2025-08-17 22:03:59,273 [Worker-177: Building] INFO  o.e.m.c.i.embedder.EclipseLogger - Skip mojo execution on incremental builds.
2025-08-17 22:03:59,278 [Worker-177: Building] INFO  o.a.m.s.f.DefaultMavenResourcesFiltering - Copying 0 resource from src\main\resources to target\classes
2025-08-17 22:03:59,278 [Worker-177: Building] INFO  o.a.m.s.f.DefaultMavenResourcesFiltering - Copying 1 resource from src\main\resources to target\classes
2025-08-17 22:03:59,282 [Worker-177: Building] INFO  o.e.m.c.i.embedder.EclipseLogger - Spotless check skipped
2025-08-17 22:03:59,286 [Worker-177: Building] INFO  o.a.m.s.f.DefaultMavenResourcesFiltering - Copying 0 resource from src\test\resources to target\test-classes
2025-08-17 22:04:49,748 [Worker-175: Building] INFO  o.e.m.c.i.embedder.EclipseLogger - Skip mojo execution on incremental builds.
2025-08-17 22:04:49,752 [Worker-175: Building] INFO  o.a.m.s.f.DefaultMavenResourcesFiltering - Copying 1 resource from src\main\resources to target\classes
2025-08-17 22:04:49,763 [Worker-175: Building] INFO  o.a.m.s.f.DefaultMavenResourcesFiltering - Copying 0 resource from src\main\resources to target\classes
2025-08-17 22:04:49,765 [Worker-175: Building] INFO  o.e.m.c.i.embedder.EclipseLogger - Spotless check skipped
2025-08-17 22:04:49,767 [Worker-175: Building] INFO  o.a.m.s.f.DefaultMavenResourcesFiltering - Copying 0 resource from src\test\resources to target\test-classes
2025-08-17 22:05:15,007 [Worker-174: Building] INFO  o.e.m.c.i.embedder.EclipseLogger - Skip mojo execution on incremental builds.
2025-08-17 22:05:15,012 [Worker-174: Building] INFO  o.a.m.s.f.DefaultMavenResourcesFiltering - Copying 1 resource from src\main\resources to target\classes
2025-08-17 22:05:15,037 [Worker-174: Building] INFO  o.a.m.s.f.DefaultMavenResourcesFiltering - Copying 0 resource from src\main\resources to target\classes
2025-08-17 22:05:15,037 [Worker-174: Building] INFO  o.e.m.c.i.embedder.EclipseLogger - Spotless check skipped
2025-08-17 22:05:15,039 [Worker-174: Building] INFO  o.a.m.s.f.DefaultMavenResourcesFiltering - Copying 0 resource from src\test\resources to target\test-classes
2025-08-17 22:05:26,439 [Worker-179: Building] INFO  o.e.m.c.i.embedder.EclipseLogger - Skip mojo execution on incremental builds.
2025-08-17 22:05:26,443 [Worker-179: Building] INFO  o.a.m.s.f.DefaultMavenResourcesFiltering - Copying 1 resource from src\main\resources to target\classes
2025-08-17 22:05:26,466 [Worker-179: Building] INFO  o.a.m.s.f.DefaultMavenResourcesFiltering - Copying 0 resource from src\main\resources to target\classes
2025-08-17 22:05:26,468 [Worker-179: Building] INFO  o.e.m.c.i.embedder.EclipseLogger - Spotless check skipped
2025-08-17 22:05:26,469 [Worker-179: Building] INFO  o.a.m.s.f.DefaultMavenResourcesFiltering - skip non existing resourceDirectory D:\Eclipse_workspace\book store\notification-service\src\test\resources
2025-08-17 22:05:41,739 [Worker-175: Building] INFO  o.e.m.c.i.embedder.EclipseLogger - Skip mojo execution on incremental builds.
2025-08-17 22:05:41,747 [Worker-175: Building] INFO  o.a.m.s.f.DefaultMavenResourcesFiltering - Copying 1 resource from src\main\resources to target\classes
2025-08-17 22:05:41,786 [Worker-175: Building] INFO  o.a.m.s.f.DefaultMavenResourcesFiltering - Copying 0 resource from src\main\resources to target\classes
2025-08-17 22:05:41,788 [Worker-175: Building] INFO  o.e.m.c.i.embedder.EclipseLogger - Spotless check skipped
2025-08-17 22:05:41,791 [Worker-175: Building] INFO  o.a.m.s.f.DefaultMavenResourcesFiltering - skip non existing resourceDirectory D:\Eclipse_workspace\book store\notification-service\src\test\resources
2025-08-17 22:12:28,387 [Worker-179: Building] INFO  o.e.m.c.i.embedder.EclipseLogger - Skip mojo execution on incremental builds.
2025-08-17 22:12:28,391 [Worker-179: Building] INFO  o.a.m.s.f.DefaultMavenResourcesFiltering - Copying 1 resource from src\main\resources to target\classes
2025-08-17 22:12:28,397 [Worker-179: Building] INFO  o.a.m.s.f.DefaultMavenResourcesFiltering - Copying 3 resources from src\main\resources to target\classes
2025-08-17 22:12:28,400 [Worker-179: Building] INFO  o.e.m.c.i.embedder.EclipseLogger - Spotless check skipped
2025-08-17 22:12:28,402 [Worker-179: Building] INFO  o.a.m.s.f.DefaultMavenResourcesFiltering - Copying 0 resource from src\test\resources to target\test-classes
2025-08-17 22:33:46,829 [Stop Help Server] INFO  org.eclipse.jetty.server.Server - Stopped Server@269c4554{STOPPING}[10.0.11,sto=0]
2025-08-17 22:33:46,844 [Stop Help Server] INFO  o.e.jetty.server.AbstractConnector - Stopped ServerConnector@530e47a1{HTTP/1.1, (http/1.1)}{127.0.0.1:0}
2025-08-17 22:33:46,859 [Stop Help Server] INFO  o.e.j.server.handler.ContextHandler - Stopped o.e.j.s.ServletContextHandler@4a2736d0{/help,null,STOPPED}
2025-08-18 14:31:46,484 [Worker-0: Loading available Gradle versions] INFO  o.e.b.c.i.u.g.PublishedGradleVersions - Gradle version information cache is out-of-date. Trying to update.
2025-08-18 14:35:57,094 [Worker-11: Building] INFO  o.e.m.c.i.embedder.EclipseLogger - dotGitDirectory 'D:\Eclipse_workspace\book store\.git'
2025-08-18 14:35:57,720 [Worker-11: Building] INFO  o.e.m.c.i.embedder.EclipseLogger - Collected git.branch with value main
2025-08-18 14:35:57,725 [Worker-11: Building] INFO  o.e.m.c.i.embedder.EclipseLogger - Collected git.commit.id.abbrev with value 958b3ba
2025-08-18 14:35:57,728 [Worker-11: Building] INFO  o.e.m.c.i.embedder.EclipseLogger - Collected git.commit.user.name with value umang kumar jain
2025-08-18 14:35:57,729 [Worker-11: Building] INFO  o.e.m.c.i.embedder.EclipseLogger - Collected git.commit.message.full with value created notification service and added rabbitmq to it
2025-08-18 14:35:57,747 [Worker-11: Building] INFO  o.e.m.c.i.embedder.EclipseLogger - including property 'git.commit.user.name' in results
2025-08-18 14:35:57,747 [Worker-11: Building] INFO  o.e.m.c.i.embedder.EclipseLogger - including property 'git.commit.id.abbrev' in results
2025-08-18 14:35:57,748 [Worker-11: Building] INFO  o.e.m.c.i.embedder.EclipseLogger - including property 'git.branch' in results
2025-08-18 14:35:57,748 [Worker-11: Building] INFO  o.e.m.c.i.embedder.EclipseLogger - including property 'git.commit.message.full' in results
2025-08-18 14:35:57,751 [Worker-11: Building] INFO  o.e.m.c.i.embedder.EclipseLogger - Reading existing properties file [D:\Eclipse_workspace\book store\order-service\target\classes\git.properties] (for project order-service)...
2025-08-18 14:35:57,774 [Worker-11: Building] INFO  o.e.m.c.i.embedder.EclipseLogger - Properties file [D:\Eclipse_workspace\book store\order-service\target\classes\git.properties] is up-to-date (for module order-service)...
2025-08-18 14:35:58,437 [Worker-11: Building] INFO  o.a.m.s.f.DefaultMavenResourcesFiltering - Copying 1 resource from src\main\resources to target\classes
2025-08-18 14:35:58,461 [Worker-11: Building] INFO  o.a.m.s.f.DefaultMavenResourcesFiltering - Copying 3 resources from src\main\resources to target\classes
2025-08-18 14:36:03,727 [Worker-11: Building] INFO  o.e.m.c.i.embedder.EclipseLogger - Spotless.Java is keeping 51 files clean - 51 needs changes to be clean, 0 were already clean, 0 were skipped because caching determined they were already clean
2025-08-18 14:36:03,897 [Worker-11: Building] INFO  o.a.m.s.f.DefaultMavenResourcesFiltering - Copying 2 resources from src\test\resources to target\test-classes
2025-08-18 14:38:51,440 [Worker-18: Building] INFO  o.e.m.c.i.embedder.EclipseLogger - Skip mojo execution on incremental builds.
2025-08-18 14:38:51,449 [Worker-18: Building] INFO  o.a.m.s.f.DefaultMavenResourcesFiltering - Copying 1 resource from src\main\resources to target\classes
2025-08-18 14:38:51,458 [Worker-18: Building] INFO  o.a.m.s.f.DefaultMavenResourcesFiltering - Copying 3 resources from src\main\resources to target\classes
2025-08-18 14:38:51,465 [Worker-18: Building] INFO  o.e.m.c.i.embedder.EclipseLogger - Spotless check skipped
2025-08-18 14:38:51,470 [Worker-18: Building] INFO  o.a.m.s.f.DefaultMavenResourcesFiltering - Copying 0 resource from src\test\resources to target\test-classes
2025-08-18 14:39:29,815 [Worker-13: Building] INFO  o.e.m.c.i.embedder.EclipseLogger - Skip mojo execution on incremental builds.
2025-08-18 14:39:29,824 [Worker-13: Building] INFO  o.a.m.s.f.DefaultMavenResourcesFiltering - Copying 1 resource from src\main\resources to target\classes
2025-08-18 14:39:29,858 [Worker-13: Building] INFO  o.a.m.s.f.DefaultMavenResourcesFiltering - Copying 3 resources from src\main\resources to target\classes
2025-08-18 14:39:29,889 [Worker-13: Building] INFO  o.e.m.c.i.embedder.EclipseLogger - Spotless check skipped
2025-08-18 14:39:29,903 [Worker-13: Building] INFO  o.a.m.s.f.DefaultMavenResourcesFiltering - Copying 0 resource from src\test\resources to target\test-classes
2025-08-18 14:40:25,335 [Worker-19: Building] INFO  o.e.m.c.i.embedder.EclipseLogger - Skip mojo execution on incremental builds.
2025-08-18 14:40:25,351 [Worker-19: Building] INFO  o.a.m.s.f.DefaultMavenResourcesFiltering - Copying 1 resource from src\main\resources to target\classes
2025-08-18 14:40:25,359 [Worker-19: Building] INFO  o.a.m.s.f.DefaultMavenResourcesFiltering - Copying 3 resources from src\main\resources to target\classes
2025-08-18 14:40:25,365 [Worker-19: Building] INFO  o.e.m.c.i.embedder.EclipseLogger - Spotless check skipped
2025-08-18 14:40:25,370 [Worker-19: Building] INFO  o.a.m.s.f.DefaultMavenResourcesFiltering - Copying 0 resource from src\test\resources to target\test-classes
2025-08-18 14:41:02,125 [Worker-0: Building] INFO  o.e.m.c.i.embedder.EclipseLogger - Skip mojo execution on incremental builds.
2025-08-18 14:41:02,138 [Worker-0: Building] INFO  o.a.m.s.f.DefaultMavenResourcesFiltering - Copying 1 resource from src\main\resources to target\classes
2025-08-18 14:41:02,144 [Worker-0: Building] INFO  o.a.m.s.f.DefaultMavenResourcesFiltering - Copying 3 resources from src\main\resources to target\classes
2025-08-18 14:41:02,151 [Worker-0: Building] INFO  o.e.m.c.i.embedder.EclipseLogger - Spotless check skipped
2025-08-18 14:41:02,155 [Worker-0: Building] INFO  o.a.m.s.f.DefaultMavenResourcesFiltering - Copying 0 resource from src\test\resources to target\test-classes
2025-08-18 14:41:24,053 [Worker-18: Building] INFO  o.e.m.c.i.embedder.EclipseLogger - Skip mojo execution on incremental builds.
2025-08-18 14:41:24,061 [Worker-18: Building] INFO  o.a.m.s.f.DefaultMavenResourcesFiltering - Copying 1 resource from src\main\resources to target\classes
2025-08-18 14:41:24,067 [Worker-18: Building] INFO  o.a.m.s.f.DefaultMavenResourcesFiltering - Copying 3 resources from src\main\resources to target\classes
2025-08-18 14:41:24,070 [Worker-18: Building] INFO  o.e.m.c.i.embedder.EclipseLogger - Spotless check skipped
2025-08-18 14:41:24,074 [Worker-18: Building] INFO  o.a.m.s.f.DefaultMavenResourcesFiltering - Copying 0 resource from src\test\resources to target\test-classes
2025-08-18 14:41:28,388 [Start Help Server] INFO  org.eclipse.jetty.server.Server - jetty-10.0.11; built: 2022-06-21T21:12:44.640Z; git: d988aa016e0bb2de6fba84c1659049c72eae3e32; jvm 18.0.2.1+1-1
2025-08-18 14:41:28,422 [Start Help Server] INFO  o.e.j.s.s.DefaultSessionIdManager - Session workerName=node0
2025-08-18 14:41:28,465 [Start Help Server] INFO  o.e.j.server.handler.ContextHandler - Started o.e.j.s.ServletContextHandler@2f02de5{/help,null,AVAILABLE}
2025-08-18 14:41:28,503 [Start Help Server] INFO  o.e.jetty.server.AbstractConnector - Started ServerConnector@27cd9793{HTTP/1.1, (http/1.1)}{127.0.0.1:60524}
2025-08-18 14:41:28,523 [Start Help Server] INFO  org.eclipse.jetty.server.Server - Started Server@33c556ea{STARTING}[10.0.11,sto=0] @604083ms
2025-08-18 14:41:35,864 [Worker-13: Building] INFO  o.e.m.c.i.embedder.EclipseLogger - Skip mojo execution on incremental builds.
2025-08-18 14:41:35,872 [Worker-13: Building] INFO  o.a.m.s.f.DefaultMavenResourcesFiltering - Copying 1 resource from src\main\resources to target\classes
2025-08-18 14:41:35,879 [Worker-13: Building] INFO  o.a.m.s.f.DefaultMavenResourcesFiltering - Copying 3 resources from src\main\resources to target\classes
2025-08-18 14:41:35,884 [Worker-13: Building] INFO  o.e.m.c.i.embedder.EclipseLogger - Spotless check skipped
2025-08-18 14:41:35,888 [Worker-13: Building] INFO  o.a.m.s.f.DefaultMavenResourcesFiltering - Copying 0 resource from src\test\resources to target\test-classes
2025-08-18 14:45:02,243 [Worker-19: Building] INFO  o.e.m.c.i.embedder.EclipseLogger - Skip mojo execution on incremental builds.
2025-08-18 14:45:02,254 [Worker-19: Building] INFO  o.a.m.s.f.DefaultMavenResourcesFiltering - Copying 1 resource from src\main\resources to target\classes
2025-08-18 14:45:02,260 [Worker-19: Building] INFO  o.a.m.s.f.DefaultMavenResourcesFiltering - Copying 3 resources from src\main\resources to target\classes
2025-08-18 14:45:02,268 [Worker-19: Building] INFO  o.e.m.c.i.embedder.EclipseLogger - Spotless check skipped
2025-08-18 14:45:02,276 [Worker-19: Building] INFO  o.a.m.s.f.DefaultMavenResourcesFiltering - Copying 0 resource from src\test\resources to target\test-classes
2025-08-18 14:51:44,527 [Worker-20: Building] INFO  o.e.m.c.i.embedder.EclipseLogger - Skip mojo execution on incremental builds.
2025-08-18 14:51:44,537 [Worker-20: Building] INFO  o.a.m.s.f.DefaultMavenResourcesFiltering - Copying 1 resource from src\main\resources to target\classes
2025-08-18 14:51:44,545 [Worker-20: Building] INFO  o.a.m.s.f.DefaultMavenResourcesFiltering - Copying 3 resources from src\main\resources to target\classes
2025-08-18 14:51:44,551 [Worker-20: Building] INFO  o.e.m.c.i.embedder.EclipseLogger - Spotless check skipped
2025-08-18 14:51:44,555 [Worker-20: Building] INFO  o.a.m.s.f.DefaultMavenResourcesFiltering - Copying 0 resource from src\test\resources to target\test-classes
2025-08-18 14:56:31,984 [Worker-19: Building] INFO  o.e.m.c.i.embedder.EclipseLogger - Skip mojo execution on incremental builds.
2025-08-18 14:56:31,991 [Worker-19: Building] INFO  o.a.m.s.f.DefaultMavenResourcesFiltering - Copying 1 resource from src\main\resources to target\classes
2025-08-18 14:56:32,000 [Worker-19: Building] INFO  o.a.m.s.f.DefaultMavenResourcesFiltering - Copying 3 resources from src\main\resources to target\classes
2025-08-18 14:56:32,005 [Worker-19: Building] INFO  o.e.m.c.i.embedder.EclipseLogger - Spotless check skipped
2025-08-18 14:56:32,009 [Worker-19: Building] INFO  o.a.m.s.f.DefaultMavenResourcesFiltering - Copying 0 resource from src\test\resources to target\test-classes
2025-08-18 14:56:52,430 [Worker-19: Building] INFO  o.e.m.c.i.embedder.EclipseLogger - Skip mojo execution on incremental builds.
2025-08-18 14:56:52,438 [Worker-19: Building] INFO  o.a.m.s.f.DefaultMavenResourcesFiltering - Copying 1 resource from src\main\resources to target\classes
2025-08-18 14:56:52,445 [Worker-19: Building] INFO  o.a.m.s.f.DefaultMavenResourcesFiltering - Copying 3 resources from src\main\resources to target\classes
2025-08-18 14:56:52,452 [Worker-19: Building] INFO  o.e.m.c.i.embedder.EclipseLogger - Spotless check skipped
2025-08-18 14:56:52,456 [Worker-19: Building] INFO  o.a.m.s.f.DefaultMavenResourcesFiltering - Copying 0 resource from src\test\resources to target\test-classes
2025-08-18 15:02:52,597 [Worker-25: Building] INFO  o.e.m.c.i.embedder.EclipseLogger - Skip mojo execution on incremental builds.
2025-08-18 15:02:52,610 [Worker-25: Building] INFO  o.a.m.s.f.DefaultMavenResourcesFiltering - Copying 1 resource from src\main\resources to target\classes
2025-08-18 15:02:52,620 [Worker-25: Building] INFO  o.a.m.s.f.DefaultMavenResourcesFiltering - Copying 3 resources from src\main\resources to target\classes
2025-08-18 15:02:52,625 [Worker-25: Building] INFO  o.e.m.c.i.embedder.EclipseLogger - Spotless check skipped
2025-08-18 15:02:52,629 [Worker-25: Building] INFO  o.a.m.s.f.DefaultMavenResourcesFiltering - Copying 0 resource from src\test\resources to target\test-classes
2025-08-18 15:02:56,911 [Worker-19: Building] INFO  o.e.m.c.i.embedder.EclipseLogger - Skip mojo execution on incremental builds.
2025-08-18 15:02:56,923 [Worker-19: Building] INFO  o.a.m.s.f.DefaultMavenResourcesFiltering - Copying 1 resource from src\main\resources to target\classes
2025-08-18 15:02:56,947 [Worker-19: Building] INFO  o.a.m.s.f.DefaultMavenResourcesFiltering - Copying 3 resources from src\main\resources to target\classes
2025-08-18 15:02:56,952 [Worker-19: Building] INFO  o.e.m.c.i.embedder.EclipseLogger - Spotless check skipped
2025-08-18 15:02:56,956 [Worker-19: Building] INFO  o.a.m.s.f.DefaultMavenResourcesFiltering - Copying 0 resource from src\test\resources to target\test-classes
2025-08-18 15:03:27,545 [Worker-19: Building] INFO  o.e.m.c.i.embedder.EclipseLogger - Skip mojo execution on incremental builds.
2025-08-18 15:03:27,552 [Worker-19: Building] INFO  o.a.m.s.f.DefaultMavenResourcesFiltering - Copying 1 resource from src\main\resources to target\classes
2025-08-18 15:03:27,560 [Worker-19: Building] INFO  o.a.m.s.f.DefaultMavenResourcesFiltering - Copying 3 resources from src\main\resources to target\classes
2025-08-18 15:03:27,564 [Worker-19: Building] INFO  o.e.m.c.i.embedder.EclipseLogger - Spotless check skipped
2025-08-18 15:03:27,568 [Worker-19: Building] INFO  o.a.m.s.f.DefaultMavenResourcesFiltering - Copying 0 resource from src\test\resources to target\test-classes
2025-08-18 15:03:42,752 [Worker-25: Building] INFO  o.e.m.c.i.embedder.EclipseLogger - Skip mojo execution on incremental builds.
2025-08-18 15:03:42,760 [Worker-25: Building] INFO  o.a.m.s.f.DefaultMavenResourcesFiltering - Copying 1 resource from src\main\resources to target\classes
2025-08-18 15:03:42,765 [Worker-25: Building] INFO  o.a.m.s.f.DefaultMavenResourcesFiltering - Copying 3 resources from src\main\resources to target\classes
2025-08-18 15:03:42,772 [Worker-25: Building] INFO  o.e.m.c.i.embedder.EclipseLogger - Spotless check skipped
2025-08-18 15:03:42,777 [Worker-25: Building] INFO  o.a.m.s.f.DefaultMavenResourcesFiltering - Copying 0 resource from src\test\resources to target\test-classes
2025-08-18 15:05:00,920 [Worker-26: Building] INFO  o.e.m.c.i.embedder.EclipseLogger - Skip mojo execution on incremental builds.
2025-08-18 15:05:00,931 [Worker-26: Building] INFO  o.a.m.s.f.DefaultMavenResourcesFiltering - Copying 1 resource from src\main\resources to target\classes
2025-08-18 15:05:00,942 [Worker-26: Building] INFO  o.a.m.s.f.DefaultMavenResourcesFiltering - Copying 3 resources from src\main\resources to target\classes
2025-08-18 15:05:00,947 [Worker-26: Building] INFO  o.e.m.c.i.embedder.EclipseLogger - Spotless check skipped
2025-08-18 15:05:00,952 [Worker-26: Building] INFO  o.a.m.s.f.DefaultMavenResourcesFiltering - Copying 0 resource from src\test\resources to target\test-classes
2025-08-18 15:06:34,649 [Worker-20: Building] INFO  o.e.m.c.i.embedder.EclipseLogger - Skip mojo execution on incremental builds.
2025-08-18 15:06:34,659 [Worker-20: Building] INFO  o.a.m.s.f.DefaultMavenResourcesFiltering - Copying 1 resource from src\main\resources to target\classes
2025-08-18 15:06:34,665 [Worker-20: Building] INFO  o.a.m.s.f.DefaultMavenResourcesFiltering - Copying 3 resources from src\main\resources to target\classes
2025-08-18 15:06:34,669 [Worker-20: Building] INFO  o.e.m.c.i.embedder.EclipseLogger - Spotless check skipped
2025-08-18 15:06:34,673 [Worker-20: Building] INFO  o.a.m.s.f.DefaultMavenResourcesFiltering - Copying 0 resource from src\test\resources to target\test-classes
2025-08-18 15:07:17,508 [Worker-25: Building] INFO  o.e.m.c.i.embedder.EclipseLogger - Skip mojo execution on incremental builds.
2025-08-18 15:07:17,543 [Worker-25: Building] INFO  o.a.m.s.f.DefaultMavenResourcesFiltering - Copying 1 resource from src\main\resources to target\classes
2025-08-18 15:07:17,550 [Worker-25: Building] INFO  o.a.m.s.f.DefaultMavenResourcesFiltering - Copying 3 resources from src\main\resources to target\classes
2025-08-18 15:07:17,556 [Worker-25: Building] INFO  o.e.m.c.i.embedder.EclipseLogger - Spotless check skipped
2025-08-18 15:07:17,568 [Worker-25: Building] INFO  o.a.m.s.f.DefaultMavenResourcesFiltering - Copying 0 resource from src\test\resources to target\test-classes
2025-08-18 15:07:30,220 [Worker-26: Building] INFO  o.e.m.c.i.embedder.EclipseLogger - Skip mojo execution on incremental builds.
2025-08-18 15:07:30,228 [Worker-26: Building] INFO  o.a.m.s.f.DefaultMavenResourcesFiltering - Copying 1 resource from src\main\resources to target\classes
2025-08-18 15:07:30,255 [Worker-26: Building] INFO  o.a.m.s.f.DefaultMavenResourcesFiltering - Copying 3 resources from src\main\resources to target\classes
2025-08-18 15:07:30,259 [Worker-26: Building] INFO  o.e.m.c.i.embedder.EclipseLogger - Spotless check skipped
2025-08-18 15:07:30,263 [Worker-26: Building] INFO  o.a.m.s.f.DefaultMavenResourcesFiltering - Copying 0 resource from src\test\resources to target\test-classes
2025-08-18 15:28:34,743 [Worker-25: Building] INFO  o.e.m.c.i.embedder.EclipseLogger - Skip mojo execution on incremental builds.
2025-08-18 15:28:34,750 [Worker-25: Building] INFO  o.a.m.s.f.DefaultMavenResourcesFiltering - Copying 1 resource from src\main\resources to target\classes
2025-08-18 15:28:34,760 [Worker-25: Building] INFO  o.a.m.s.f.DefaultMavenResourcesFiltering - Copying 3 resources from src\main\resources to target\classes
2025-08-18 15:28:34,766 [Worker-25: Building] INFO  o.e.m.c.i.embedder.EclipseLogger - Spotless check skipped
2025-08-18 15:28:34,770 [Worker-25: Building] INFO  o.a.m.s.f.DefaultMavenResourcesFiltering - Copying 0 resource from src\test\resources to target\test-classes
2025-08-18 15:28:40,961 [Worker-29: Building] INFO  o.e.m.c.i.embedder.EclipseLogger - Skip mojo execution on incremental builds.
2025-08-18 15:28:40,973 [Worker-29: Building] INFO  o.a.m.s.f.DefaultMavenResourcesFiltering - Copying 1 resource from src\main\resources to target\classes
2025-08-18 15:28:40,986 [Worker-29: Building] INFO  o.a.m.s.f.DefaultMavenResourcesFiltering - Copying 3 resources from src\main\resources to target\classes
2025-08-18 15:28:40,992 [Worker-29: Building] INFO  o.e.m.c.i.embedder.EclipseLogger - Spotless check skipped
2025-08-18 15:28:40,996 [Worker-29: Building] INFO  o.a.m.s.f.DefaultMavenResourcesFiltering - Copying 0 resource from src\test\resources to target\test-classes
2025-08-18 15:29:00,403 [Worker-30: Building] INFO  o.e.m.c.i.embedder.EclipseLogger - Skip mojo execution on incremental builds.
2025-08-18 15:29:00,409 [Worker-30: Building] INFO  o.a.m.s.f.DefaultMavenResourcesFiltering - Copying 1 resource from src\main\resources to target\classes
2025-08-18 15:29:00,415 [Worker-30: Building] INFO  o.a.m.s.f.DefaultMavenResourcesFiltering - Copying 3 resources from src\main\resources to target\classes
2025-08-18 15:29:00,418 [Worker-30: Building] INFO  o.e.m.c.i.embedder.EclipseLogger - Spotless check skipped
2025-08-18 15:29:00,421 [Worker-30: Building] INFO  o.a.m.s.f.DefaultMavenResourcesFiltering - Copying 0 resource from src\test\resources to target\test-classes
2025-08-18 15:29:08,176 [Worker-25: Building] INFO  o.e.m.c.i.embedder.EclipseLogger - Skip mojo execution on incremental builds.
2025-08-18 15:29:08,185 [Worker-25: Building] INFO  o.a.m.s.f.DefaultMavenResourcesFiltering - Copying 1 resource from src\main\resources to target\classes
2025-08-18 15:29:08,192 [Worker-25: Building] INFO  o.a.m.s.f.DefaultMavenResourcesFiltering - Copying 3 resources from src\main\resources to target\classes
2025-08-18 15:29:08,197 [Worker-25: Building] INFO  o.e.m.c.i.embedder.EclipseLogger - Spotless check skipped
2025-08-18 15:29:08,202 [Worker-25: Building] INFO  o.a.m.s.f.DefaultMavenResourcesFiltering - Copying 2 resources from src\test\resources to target\test-classes
2025-08-18 15:29:23,365 [Worker-25: Building] INFO  o.e.m.c.i.embedder.EclipseLogger - Skip mojo execution on incremental builds.
2025-08-18 15:29:23,378 [Worker-25: Building] INFO  o.a.m.s.f.DefaultMavenResourcesFiltering - Copying 1 resource from src\main\resources to target\classes
2025-08-18 15:29:23,387 [Worker-25: Building] INFO  o.a.m.s.f.DefaultMavenResourcesFiltering - Copying 3 resources from src\main\resources to target\classes
2025-08-18 15:29:23,393 [Worker-25: Building] INFO  o.e.m.c.i.embedder.EclipseLogger - Spotless check skipped
2025-08-18 15:29:23,397 [Worker-25: Building] INFO  o.a.m.s.f.DefaultMavenResourcesFiltering - Copying 0 resource from src\test\resources to target\test-classes
2025-08-18 15:29:44,453 [Worker-28: Building] INFO  o.e.m.c.i.embedder.EclipseLogger - Skip mojo execution on incremental builds.
2025-08-18 15:29:44,460 [Worker-28: Building] INFO  o.a.m.s.f.DefaultMavenResourcesFiltering - Copying 1 resource from src\main\resources to target\classes
2025-08-18 15:29:44,467 [Worker-28: Building] INFO  o.a.m.s.f.DefaultMavenResourcesFiltering - Copying 3 resources from src\main\resources to target\classes
2025-08-18 15:29:44,472 [Worker-28: Building] INFO  o.e.m.c.i.embedder.EclipseLogger - Spotless check skipped
2025-08-18 15:29:44,477 [Worker-28: Building] INFO  o.a.m.s.f.DefaultMavenResourcesFiltering - Copying 0 resource from src\test\resources to target\test-classes
2025-08-18 15:29:54,667 [Worker-30: Building] INFO  o.e.m.c.i.embedder.EclipseLogger - Skip mojo execution on incremental builds.
2025-08-18 15:29:54,684 [Worker-30: Building] INFO  o.a.m.s.f.DefaultMavenResourcesFiltering - Copying 1 resource from src\main\resources to target\classes
2025-08-18 15:29:54,704 [Worker-30: Building] INFO  o.a.m.s.f.DefaultMavenResourcesFiltering - Copying 3 resources from src\main\resources to target\classes
2025-08-18 15:29:54,710 [Worker-30: Building] INFO  o.e.m.c.i.embedder.EclipseLogger - Spotless check skipped
2025-08-18 15:29:54,714 [Worker-30: Building] INFO  o.a.m.s.f.DefaultMavenResourcesFiltering - Copying 0 resource from src\test\resources to target\test-classes
2025-08-18 15:30:03,646 [Worker-29: Building] INFO  o.e.m.c.i.embedder.EclipseLogger - Skip mojo execution on incremental builds.
2025-08-18 15:30:03,679 [Worker-29: Building] INFO  o.a.m.s.f.DefaultMavenResourcesFiltering - Copying 1 resource from src\main\resources to target\classes
2025-08-18 15:30:03,685 [Worker-29: Building] INFO  o.a.m.s.f.DefaultMavenResourcesFiltering - Copying 3 resources from src\main\resources to target\classes
2025-08-18 15:30:03,689 [Worker-29: Building] INFO  o.e.m.c.i.embedder.EclipseLogger - Spotless check skipped
2025-08-18 15:30:03,695 [Worker-29: Building] INFO  o.a.m.s.f.DefaultMavenResourcesFiltering - Copying 0 resource from src\test\resources to target\test-classes
2025-08-18 15:30:14,166 [Worker-30: Building] INFO  o.e.m.c.i.embedder.EclipseLogger - Skip mojo execution on incremental builds.
2025-08-18 15:30:14,173 [Worker-30: Building] INFO  o.a.m.s.f.DefaultMavenResourcesFiltering - Copying 1 resource from src\main\resources to target\classes
2025-08-18 15:30:14,180 [Worker-30: Building] INFO  o.a.m.s.f.DefaultMavenResourcesFiltering - Copying 3 resources from src\main\resources to target\classes
2025-08-18 15:30:14,184 [Worker-30: Building] INFO  o.e.m.c.i.embedder.EclipseLogger - Spotless check skipped
2025-08-18 15:30:14,188 [Worker-30: Building] INFO  o.a.m.s.f.DefaultMavenResourcesFiltering - Copying 0 resource from src\test\resources to target\test-classes
2025-08-18 15:30:32,789 [Worker-25: Building] INFO  o.e.m.c.i.embedder.EclipseLogger - Skip mojo execution on incremental builds.
2025-08-18 15:30:32,798 [Worker-25: Building] INFO  o.a.m.s.f.DefaultMavenResourcesFiltering - Copying 1 resource from src\main\resources to target\classes
2025-08-18 15:30:32,805 [Worker-25: Building] INFO  o.a.m.s.f.DefaultMavenResourcesFiltering - Copying 3 resources from src\main\resources to target\classes
2025-08-18 15:30:32,816 [Worker-25: Building] INFO  o.e.m.c.i.embedder.EclipseLogger - Spotless check skipped
2025-08-18 15:30:32,825 [Worker-25: Building] INFO  o.a.m.s.f.DefaultMavenResourcesFiltering - Copying 0 resource from src\test\resources to target\test-classes
2025-08-18 15:30:46,329 [Worker-29: Building] INFO  o.e.m.c.i.embedder.EclipseLogger - Skip mojo execution on incremental builds.
2025-08-18 15:30:46,336 [Worker-29: Building] INFO  o.a.m.s.f.DefaultMavenResourcesFiltering - Copying 1 resource from src\main\resources to target\classes
2025-08-18 15:30:46,343 [Worker-29: Building] INFO  o.a.m.s.f.DefaultMavenResourcesFiltering - Copying 3 resources from src\main\resources to target\classes
2025-08-18 15:30:46,347 [Worker-29: Building] INFO  o.e.m.c.i.embedder.EclipseLogger - Spotless check skipped
2025-08-18 15:30:46,351 [Worker-29: Building] INFO  o.a.m.s.f.DefaultMavenResourcesFiltering - Copying 0 resource from src\test\resources to target\test-classes
2025-08-18 15:30:58,711 [Worker-29: Building] INFO  o.e.m.c.i.embedder.EclipseLogger - Skip mojo execution on incremental builds.
2025-08-18 15:30:58,717 [Worker-29: Building] INFO  o.a.m.s.f.DefaultMavenResourcesFiltering - Copying 1 resource from src\main\resources to target\classes
2025-08-18 15:30:58,724 [Worker-29: Building] INFO  o.a.m.s.f.DefaultMavenResourcesFiltering - Copying 3 resources from src\main\resources to target\classes
2025-08-18 15:30:58,728 [Worker-29: Building] INFO  o.e.m.c.i.embedder.EclipseLogger - Spotless check skipped
2025-08-18 15:30:58,733 [Worker-29: Building] INFO  o.a.m.s.f.DefaultMavenResourcesFiltering - Copying 0 resource from src\test\resources to target\test-classes
2025-08-18 15:31:13,690 [Worker-31: Building] INFO  o.e.m.c.i.embedder.EclipseLogger - Skip mojo execution on incremental builds.
2025-08-18 15:31:13,698 [Worker-31: Building] INFO  o.a.m.s.f.DefaultMavenResourcesFiltering - Copying 1 resource from src\main\resources to target\classes
2025-08-18 15:31:13,703 [Worker-31: Building] INFO  o.a.m.s.f.DefaultMavenResourcesFiltering - Copying 3 resources from src\main\resources to target\classes
2025-08-18 15:31:13,706 [Worker-31: Building] INFO  o.e.m.c.i.embedder.EclipseLogger - Spotless check skipped
2025-08-18 15:31:13,710 [Worker-31: Building] INFO  o.a.m.s.f.DefaultMavenResourcesFiltering - Copying 0 resource from src\test\resources to target\test-classes
2025-08-18 15:31:30,153 [Worker-31: Building] INFO  o.e.m.c.i.embedder.EclipseLogger - Skip mojo execution on incremental builds.
2025-08-18 15:31:30,160 [Worker-31: Building] INFO  o.a.m.s.f.DefaultMavenResourcesFiltering - Copying 1 resource from src\main\resources to target\classes
2025-08-18 15:31:30,165 [Worker-31: Building] INFO  o.a.m.s.f.DefaultMavenResourcesFiltering - Copying 3 resources from src\main\resources to target\classes
2025-08-18 15:31:30,169 [Worker-31: Building] INFO  o.e.m.c.i.embedder.EclipseLogger - Spotless check skipped
2025-08-18 15:31:30,173 [Worker-31: Building] INFO  o.a.m.s.f.DefaultMavenResourcesFiltering - Copying 0 resource from src\test\resources to target\test-classes
2025-08-18 15:31:39,552 [Worker-29: Building] INFO  o.e.m.c.i.embedder.EclipseLogger - Skip mojo execution on incremental builds.
2025-08-18 15:31:39,560 [Worker-29: Building] INFO  o.a.m.s.f.DefaultMavenResourcesFiltering - Copying 1 resource from src\main\resources to target\classes
2025-08-18 15:31:39,566 [Worker-29: Building] INFO  o.a.m.s.f.DefaultMavenResourcesFiltering - Copying 3 resources from src\main\resources to target\classes
2025-08-18 15:31:39,571 [Worker-29: Building] INFO  o.e.m.c.i.embedder.EclipseLogger - Spotless check skipped
2025-08-18 15:31:39,574 [Worker-29: Building] INFO  o.a.m.s.f.DefaultMavenResourcesFiltering - Copying 0 resource from src\test\resources to target\test-classes
2025-08-18 15:31:53,755 [Worker-31: Building] INFO  o.e.m.c.i.embedder.EclipseLogger - Skip mojo execution on incremental builds.
2025-08-18 15:31:53,762 [Worker-31: Building] INFO  o.a.m.s.f.DefaultMavenResourcesFiltering - Copying 1 resource from src\main\resources to target\classes
2025-08-18 15:31:53,768 [Worker-31: Building] INFO  o.a.m.s.f.DefaultMavenResourcesFiltering - Copying 3 resources from src\main\resources to target\classes
2025-08-18 15:31:53,773 [Worker-31: Building] INFO  o.e.m.c.i.embedder.EclipseLogger - Spotless check skipped
2025-08-18 15:31:53,778 [Worker-31: Building] INFO  o.a.m.s.f.DefaultMavenResourcesFiltering - Copying 0 resource from src\test\resources to target\test-classes
2025-08-18 15:32:03,317 [Worker-31: Building] INFO  o.e.m.c.i.embedder.EclipseLogger - Skip mojo execution on incremental builds.
2025-08-18 15:32:03,341 [Worker-31: Building] INFO  o.a.m.s.f.DefaultMavenResourcesFiltering - Copying 1 resource from src\main\resources to target\classes
2025-08-18 15:32:03,348 [Worker-31: Building] INFO  o.a.m.s.f.DefaultMavenResourcesFiltering - Copying 3 resources from src\main\resources to target\classes
2025-08-18 15:32:03,353 [Worker-31: Building] INFO  o.e.m.c.i.embedder.EclipseLogger - Spotless check skipped
2025-08-18 15:32:03,398 [Worker-31: Building] INFO  o.a.m.s.f.DefaultMavenResourcesFiltering - Copying 0 resource from src\test\resources to target\test-classes
2025-08-18 15:32:15,076 [Worker-27: Building] INFO  o.e.m.c.i.embedder.EclipseLogger - Skip mojo execution on incremental builds.
2025-08-18 15:32:15,082 [Worker-27: Building] INFO  o.a.m.s.f.DefaultMavenResourcesFiltering - Copying 1 resource from src\main\resources to target\classes
2025-08-18 15:32:15,088 [Worker-27: Building] INFO  o.a.m.s.f.DefaultMavenResourcesFiltering - Copying 3 resources from src\main\resources to target\classes
2025-08-18 15:32:15,092 [Worker-27: Building] INFO  o.e.m.c.i.embedder.EclipseLogger - Spotless check skipped
2025-08-18 15:32:15,097 [Worker-27: Building] INFO  o.a.m.s.f.DefaultMavenResourcesFiltering - Copying 0 resource from src\test\resources to target\test-classes
2025-08-18 15:32:26,897 [Worker-28: Building] INFO  o.e.m.c.i.embedder.EclipseLogger - Skip mojo execution on incremental builds.
2025-08-18 15:32:26,904 [Worker-28: Building] INFO  o.a.m.s.f.DefaultMavenResourcesFiltering - Copying 1 resource from src\main\resources to target\classes
2025-08-18 15:32:26,910 [Worker-28: Building] INFO  o.a.m.s.f.DefaultMavenResourcesFiltering - Copying 3 resources from src\main\resources to target\classes
2025-08-18 15:32:26,915 [Worker-28: Building] INFO  o.e.m.c.i.embedder.EclipseLogger - Spotless check skipped
2025-08-18 15:32:26,918 [Worker-28: Building] INFO  o.a.m.s.f.DefaultMavenResourcesFiltering - Copying 0 resource from src\test\resources to target\test-classes
2025-08-18 15:32:43,205 [Worker-27: Building] INFO  o.e.m.c.i.embedder.EclipseLogger - Skip mojo execution on incremental builds.
2025-08-18 15:32:43,213 [Worker-27: Building] INFO  o.a.m.s.f.DefaultMavenResourcesFiltering - Copying 1 resource from src\main\resources to target\classes
2025-08-18 15:32:43,220 [Worker-27: Building] INFO  o.a.m.s.f.DefaultMavenResourcesFiltering - Copying 3 resources from src\main\resources to target\classes
2025-08-18 15:32:43,229 [Worker-27: Building] INFO  o.e.m.c.i.embedder.EclipseLogger - Spotless check skipped
2025-08-18 15:32:43,233 [Worker-27: Building] INFO  o.a.m.s.f.DefaultMavenResourcesFiltering - Copying 0 resource from src\test\resources to target\test-classes
2025-08-18 15:32:49,629 [Worker-29: Building] INFO  o.e.m.c.i.embedder.EclipseLogger - Skip mojo execution on incremental builds.
2025-08-18 15:32:49,636 [Worker-29: Building] INFO  o.a.m.s.f.DefaultMavenResourcesFiltering - Copying 1 resource from src\main\resources to target\classes
2025-08-18 15:32:49,641 [Worker-29: Building] INFO  o.a.m.s.f.DefaultMavenResourcesFiltering - Copying 3 resources from src\main\resources to target\classes
2025-08-18 15:32:49,647 [Worker-29: Building] INFO  o.e.m.c.i.embedder.EclipseLogger - Spotless check skipped
2025-08-18 15:32:49,650 [Worker-29: Building] INFO  o.a.m.s.f.DefaultMavenResourcesFiltering - Copying 0 resource from src\test\resources to target\test-classes
2025-08-18 15:33:06,658 [Worker-31: Building] INFO  o.e.m.c.i.embedder.EclipseLogger - Skip mojo execution on incremental builds.
2025-08-18 15:33:06,666 [Worker-31: Building] INFO  o.a.m.s.f.DefaultMavenResourcesFiltering - Copying 1 resource from src\main\resources to target\classes
2025-08-18 15:33:06,671 [Worker-31: Building] INFO  o.a.m.s.f.DefaultMavenResourcesFiltering - Copying 3 resources from src\main\resources to target\classes
2025-08-18 15:33:06,676 [Worker-31: Building] INFO  o.e.m.c.i.embedder.EclipseLogger - Spotless check skipped
2025-08-18 15:33:06,680 [Worker-31: Building] INFO  o.a.m.s.f.DefaultMavenResourcesFiltering - Copying 0 resource from src\test\resources to target\test-classes
2025-08-18 15:33:09,964 [Worker-30: Building] INFO  o.e.m.c.i.embedder.EclipseLogger - Skip mojo execution on incremental builds.
2025-08-18 15:33:09,971 [Worker-30: Building] INFO  o.a.m.s.f.DefaultMavenResourcesFiltering - Copying 1 resource from src\main\resources to target\classes
2025-08-18 15:33:09,978 [Worker-30: Building] INFO  o.a.m.s.f.DefaultMavenResourcesFiltering - Copying 3 resources from src\main\resources to target\classes
2025-08-18 15:33:09,982 [Worker-30: Building] INFO  o.e.m.c.i.embedder.EclipseLogger - Spotless check skipped
2025-08-18 15:33:09,986 [Worker-30: Building] INFO  o.a.m.s.f.DefaultMavenResourcesFiltering - Copying 0 resource from src\test\resources to target\test-classes
2025-08-18 15:33:18,222 [Worker-20: Building] INFO  o.e.m.c.i.embedder.EclipseLogger - Skip mojo execution on incremental builds.
2025-08-18 15:33:18,229 [Worker-20: Building] INFO  o.a.m.s.f.DefaultMavenResourcesFiltering - Copying 1 resource from src\main\resources to target\classes
2025-08-18 15:33:18,234 [Worker-20: Building] INFO  o.a.m.s.f.DefaultMavenResourcesFiltering - Copying 3 resources from src\main\resources to target\classes
2025-08-18 15:33:18,238 [Worker-20: Building] INFO  o.e.m.c.i.embedder.EclipseLogger - Spotless check skipped
2025-08-18 15:33:18,241 [Worker-20: Building] INFO  o.a.m.s.f.DefaultMavenResourcesFiltering - Copying 0 resource from src\test\resources to target\test-classes
2025-08-18 15:33:24,730 [Worker-30: Building] INFO  o.e.m.c.i.embedder.EclipseLogger - Skip mojo execution on incremental builds.
2025-08-18 15:33:24,737 [Worker-30: Building] INFO  o.a.m.s.f.DefaultMavenResourcesFiltering - Copying 1 resource from src\main\resources to target\classes
2025-08-18 15:33:24,743 [Worker-30: Building] INFO  o.a.m.s.f.DefaultMavenResourcesFiltering - Copying 3 resources from src\main\resources to target\classes
2025-08-18 15:33:24,746 [Worker-30: Building] INFO  o.e.m.c.i.embedder.EclipseLogger - Spotless check skipped
2025-08-18 15:33:24,748 [Worker-30: Building] INFO  o.a.m.s.f.DefaultMavenResourcesFiltering - Copying 0 resource from src\test\resources to target\test-classes
2025-08-18 15:33:32,569 [Worker-31: Building] INFO  o.e.m.c.i.embedder.EclipseLogger - Skip mojo execution on incremental builds.
2025-08-18 15:33:32,577 [Worker-31: Building] INFO  o.a.m.s.f.DefaultMavenResourcesFiltering - Copying 1 resource from src\main\resources to target\classes
2025-08-18 15:33:32,583 [Worker-31: Building] INFO  o.a.m.s.f.DefaultMavenResourcesFiltering - Copying 3 resources from src\main\resources to target\classes
2025-08-18 15:33:32,587 [Worker-31: Building] INFO  o.e.m.c.i.embedder.EclipseLogger - Spotless check skipped
2025-08-18 15:33:32,591 [Worker-31: Building] INFO  o.a.m.s.f.DefaultMavenResourcesFiltering - Copying 0 resource from src\test\resources to target\test-classes
2025-08-18 15:33:42,067 [Worker-25: Building] INFO  o.e.m.c.i.embedder.EclipseLogger - Skip mojo execution on incremental builds.
2025-08-18 15:33:42,074 [Worker-25: Building] INFO  o.a.m.s.f.DefaultMavenResourcesFiltering - Copying 1 resource from src\main\resources to target\classes
2025-08-18 15:33:42,095 [Worker-25: Building] INFO  o.a.m.s.f.DefaultMavenResourcesFiltering - Copying 3 resources from src\main\resources to target\classes
2025-08-18 15:33:42,099 [Worker-25: Building] INFO  o.e.m.c.i.embedder.EclipseLogger - Spotless check skipped
2025-08-18 15:33:42,104 [Worker-25: Building] INFO  o.a.m.s.f.DefaultMavenResourcesFiltering - Copying 0 resource from src\test\resources to target\test-classes
2025-08-18 15:34:08,249 [Worker-25: Building] INFO  o.e.m.c.i.embedder.EclipseLogger - Skip mojo execution on incremental builds.
2025-08-18 15:34:08,256 [Worker-25: Building] INFO  o.a.m.s.f.DefaultMavenResourcesFiltering - Copying 1 resource from src\main\resources to target\classes
2025-08-18 15:34:08,263 [Worker-25: Building] INFO  o.a.m.s.f.DefaultMavenResourcesFiltering - Copying 3 resources from src\main\resources to target\classes
2025-08-18 15:34:08,267 [Worker-25: Building] INFO  o.e.m.c.i.embedder.EclipseLogger - Spotless check skipped
2025-08-18 15:34:08,271 [Worker-25: Building] INFO  o.a.m.s.f.DefaultMavenResourcesFiltering - Copying 0 resource from src\test\resources to target\test-classes
2025-08-18 15:34:18,060 [Worker-29: Building] INFO  o.e.m.c.i.embedder.EclipseLogger - Skip mojo execution on incremental builds.
2025-08-18 15:34:18,066 [Worker-29: Building] INFO  o.a.m.s.f.DefaultMavenResourcesFiltering - Copying 1 resource from src\main\resources to target\classes
2025-08-18 15:34:18,087 [Worker-29: Building] INFO  o.a.m.s.f.DefaultMavenResourcesFiltering - Copying 3 resources from src\main\resources to target\classes
2025-08-18 15:34:18,091 [Worker-29: Building] INFO  o.e.m.c.i.embedder.EclipseLogger - Spotless check skipped
2025-08-18 15:34:18,094 [Worker-29: Building] INFO  o.a.m.s.f.DefaultMavenResourcesFiltering - Copying 0 resource from src\test\resources to target\test-classes
2025-08-18 15:34:22,650 [Worker-25: Building] INFO  o.e.m.c.i.embedder.EclipseLogger - Skip mojo execution on incremental builds.
2025-08-18 15:34:22,657 [Worker-25: Building] INFO  o.a.m.s.f.DefaultMavenResourcesFiltering - Copying 1 resource from src\main\resources to target\classes
2025-08-18 15:34:22,665 [Worker-25: Building] INFO  o.a.m.s.f.DefaultMavenResourcesFiltering - Copying 3 resources from src\main\resources to target\classes
2025-08-18 15:34:22,669 [Worker-25: Building] INFO  o.e.m.c.i.embedder.EclipseLogger - Spotless check skipped
2025-08-18 15:34:22,673 [Worker-25: Building] INFO  o.a.m.s.f.DefaultMavenResourcesFiltering - Copying 0 resource from src\test\resources to target\test-classes
2025-08-18 15:35:12,508 [Worker-28: Building] INFO  o.e.m.c.i.embedder.EclipseLogger - Skip mojo execution on incremental builds.
2025-08-18 15:35:12,516 [Worker-28: Building] INFO  o.a.m.s.f.DefaultMavenResourcesFiltering - Copying 1 resource from src\main\resources to target\classes
2025-08-18 15:35:12,521 [Worker-28: Building] INFO  o.a.m.s.f.DefaultMavenResourcesFiltering - Copying 3 resources from src\main\resources to target\classes
2025-08-18 15:35:12,527 [Worker-28: Building] INFO  o.e.m.c.i.embedder.EclipseLogger - Spotless check skipped
2025-08-18 15:35:12,530 [Worker-28: Building] INFO  o.a.m.s.f.DefaultMavenResourcesFiltering - Copying 0 resource from src\test\resources to target\test-classes
2025-08-18 15:35:35,556 [Worker-29: Building] INFO  o.e.m.c.i.embedder.EclipseLogger - Skip mojo execution on incremental builds.
2025-08-18 15:35:35,564 [Worker-29: Building] INFO  o.a.m.s.f.DefaultMavenResourcesFiltering - Copying 1 resource from src\main\resources to target\classes
2025-08-18 15:35:35,571 [Worker-29: Building] INFO  o.a.m.s.f.DefaultMavenResourcesFiltering - Copying 3 resources from src\main\resources to target\classes
2025-08-18 15:35:35,575 [Worker-29: Building] INFO  o.e.m.c.i.embedder.EclipseLogger - Spotless check skipped
2025-08-18 15:35:35,580 [Worker-29: Building] INFO  o.a.m.s.f.DefaultMavenResourcesFiltering - Copying 0 resource from src\test\resources to target\test-classes
2025-08-18 15:35:39,951 [Worker-28: Building] INFO  o.e.m.c.i.embedder.EclipseLogger - Skip mojo execution on incremental builds.
2025-08-18 15:35:39,961 [Worker-28: Building] INFO  o.a.m.s.f.DefaultMavenResourcesFiltering - Copying 1 resource from src\main\resources to target\classes
2025-08-18 15:35:39,967 [Worker-28: Building] INFO  o.a.m.s.f.DefaultMavenResourcesFiltering - Copying 3 resources from src\main\resources to target\classes
2025-08-18 15:35:39,971 [Worker-28: Building] INFO  o.e.m.c.i.embedder.EclipseLogger - Spotless check skipped
2025-08-18 15:35:39,976 [Worker-28: Building] INFO  o.a.m.s.f.DefaultMavenResourcesFiltering - Copying 0 resource from src\test\resources to target\test-classes
2025-08-18 15:35:51,810 [Worker-31: Building] INFO  o.e.m.c.i.embedder.EclipseLogger - Skip mojo execution on incremental builds.
2025-08-18 15:35:51,817 [Worker-31: Building] INFO  o.a.m.s.f.DefaultMavenResourcesFiltering - Copying 1 resource from src\main\resources to target\classes
2025-08-18 15:35:51,822 [Worker-31: Building] INFO  o.a.m.s.f.DefaultMavenResourcesFiltering - Copying 3 resources from src\main\resources to target\classes
2025-08-18 15:35:51,825 [Worker-31: Building] INFO  o.e.m.c.i.embedder.EclipseLogger - Spotless check skipped
2025-08-18 15:35:51,830 [Worker-31: Building] INFO  o.a.m.s.f.DefaultMavenResourcesFiltering - Copying 0 resource from src\test\resources to target\test-classes
2025-08-18 15:36:17,855 [Worker-29: Building] INFO  o.e.m.c.i.embedder.EclipseLogger - Skip mojo execution on incremental builds.
2025-08-18 15:36:17,861 [Worker-29: Building] INFO  o.a.m.s.f.DefaultMavenResourcesFiltering - Copying 1 resource from src\main\resources to target\classes
2025-08-18 15:36:17,866 [Worker-29: Building] INFO  o.a.m.s.f.DefaultMavenResourcesFiltering - Copying 3 resources from src\main\resources to target\classes
2025-08-18 15:36:17,868 [Worker-29: Building] INFO  o.e.m.c.i.embedder.EclipseLogger - Spotless check skipped
2025-08-18 15:36:17,871 [Worker-29: Building] INFO  o.a.m.s.f.DefaultMavenResourcesFiltering - Copying 0 resource from src\test\resources to target\test-classes
2025-08-18 15:36:47,651 [Worker-28: Building] INFO  o.e.m.c.i.embedder.EclipseLogger - Skip mojo execution on incremental builds.
2025-08-18 15:36:47,657 [Worker-28: Building] INFO  o.a.m.s.f.DefaultMavenResourcesFiltering - Copying 1 resource from src\main\resources to target\classes
2025-08-18 15:36:47,663 [Worker-28: Building] INFO  o.a.m.s.f.DefaultMavenResourcesFiltering - Copying 3 resources from src\main\resources to target\classes
2025-08-18 15:36:47,667 [Worker-28: Building] INFO  o.e.m.c.i.embedder.EclipseLogger - Spotless check skipped
2025-08-18 15:36:47,670 [Worker-28: Building] INFO  o.a.m.s.f.DefaultMavenResourcesFiltering - Copying 0 resource from src\test\resources to target\test-classes
2025-08-18 15:36:53,436 [Worker-30: Building] INFO  o.e.m.c.i.embedder.EclipseLogger - Skip mojo execution on incremental builds.
2025-08-18 15:36:53,444 [Worker-30: Building] INFO  o.a.m.s.f.DefaultMavenResourcesFiltering - Copying 1 resource from src\main\resources to target\classes
2025-08-18 15:36:53,450 [Worker-30: Building] INFO  o.a.m.s.f.DefaultMavenResourcesFiltering - Copying 3 resources from src\main\resources to target\classes
2025-08-18 15:36:53,453 [Worker-30: Building] INFO  o.e.m.c.i.embedder.EclipseLogger - Spotless check skipped
2025-08-18 15:36:53,457 [Worker-30: Building] INFO  o.a.m.s.f.DefaultMavenResourcesFiltering - Copying 0 resource from src\test\resources to target\test-classes
2025-08-18 15:37:03,223 [Worker-29: Building] INFO  o.e.m.c.i.embedder.EclipseLogger - Skip mojo execution on incremental builds.
2025-08-18 15:37:03,230 [Worker-29: Building] INFO  o.a.m.s.f.DefaultMavenResourcesFiltering - Copying 1 resource from src\main\resources to target\classes
2025-08-18 15:37:03,236 [Worker-29: Building] INFO  o.a.m.s.f.DefaultMavenResourcesFiltering - Copying 3 resources from src\main\resources to target\classes
2025-08-18 15:37:03,240 [Worker-29: Building] INFO  o.e.m.c.i.embedder.EclipseLogger - Spotless check skipped
2025-08-18 15:37:03,244 [Worker-29: Building] INFO  o.a.m.s.f.DefaultMavenResourcesFiltering - Copying 0 resource from src\test\resources to target\test-classes
2025-08-18 15:40:50,036 [Worker-32: Building] INFO  o.e.m.c.i.embedder.EclipseLogger - Skip mojo execution on incremental builds.
2025-08-18 15:40:50,044 [Worker-32: Building] INFO  o.a.m.s.f.DefaultMavenResourcesFiltering - Copying 1 resource from src\main\resources to target\classes
2025-08-18 15:40:50,053 [Worker-32: Building] INFO  o.a.m.s.f.DefaultMavenResourcesFiltering - Copying 3 resources from src\main\resources to target\classes
2025-08-18 15:40:50,057 [Worker-32: Building] INFO  o.e.m.c.i.embedder.EclipseLogger - Spotless check skipped
2025-08-18 15:40:50,060 [Worker-32: Building] INFO  o.a.m.s.f.DefaultMavenResourcesFiltering - Copying 0 resource from src\test\resources to target\test-classes
2025-08-18 15:42:00,426 [Worker-27: Building] INFO  o.e.m.c.i.embedder.EclipseLogger - Skip mojo execution on incremental builds.
2025-08-18 15:42:00,431 [Worker-27: Building] INFO  o.a.m.s.f.DefaultMavenResourcesFiltering - Copying 1 resource from src\main\resources to target\classes
2025-08-18 15:42:00,440 [Worker-27: Building] INFO  o.a.m.s.f.DefaultMavenResourcesFiltering - Copying 3 resources from src\main\resources to target\classes
2025-08-18 15:42:00,444 [Worker-27: Building] INFO  o.e.m.c.i.embedder.EclipseLogger - Spotless check skipped
2025-08-18 15:42:00,448 [Worker-27: Building] INFO  o.a.m.s.f.DefaultMavenResourcesFiltering - Copying 0 resource from src\test\resources to target\test-classes
2025-08-18 15:43:56,774 [Worker-32: Building] INFO  o.e.m.c.i.embedder.EclipseLogger - Skip mojo execution on incremental builds.
2025-08-18 15:43:56,781 [Worker-32: Building] INFO  o.a.m.s.f.DefaultMavenResourcesFiltering - Copying 1 resource from src\main\resources to target\classes
2025-08-18 15:43:56,808 [Worker-32: Building] INFO  o.a.m.s.f.DefaultMavenResourcesFiltering - Copying 3 resources from src\main\resources to target\classes
2025-08-18 15:43:56,811 [Worker-32: Building] INFO  o.e.m.c.i.embedder.EclipseLogger - Spotless check skipped
2025-08-18 15:43:56,814 [Worker-32: Building] INFO  o.a.m.s.f.DefaultMavenResourcesFiltering - Copying 0 resource from src\test\resources to target\test-classes
2025-08-18 16:00:44,455 [Worker-36: Building] INFO  o.e.m.c.i.embedder.EclipseLogger - Skip mojo execution on incremental builds.
2025-08-18 16:00:44,463 [Worker-36: Building] INFO  o.a.m.s.f.DefaultMavenResourcesFiltering - Copying 1 resource from src\main\resources to target\classes
2025-08-18 16:00:44,471 [Worker-36: Building] INFO  o.a.m.s.f.DefaultMavenResourcesFiltering - Copying 0 resource from src\main\resources to target\classes
2025-08-18 16:00:44,476 [Worker-36: Building] INFO  o.e.m.c.i.embedder.EclipseLogger - Spotless check skipped
2025-08-18 16:00:44,481 [Worker-36: Building] INFO  o.a.m.s.f.DefaultMavenResourcesFiltering - Copying 0 resource from src\test\resources to target\test-classes
2025-08-18 16:01:05,350 [Worker-32: Building] INFO  o.e.m.c.i.embedder.EclipseLogger - dotGitDirectory 'D:\Eclipse_workspace\book store\.git'
2025-08-18 16:01:05,371 [Worker-32: Building] INFO  o.e.m.c.i.embedder.EclipseLogger - Collected git.branch with value main
2025-08-18 16:01:05,372 [Worker-32: Building] INFO  o.e.m.c.i.embedder.EclipseLogger - Collected git.commit.id.abbrev with value 438bb01
2025-08-18 16:01:05,372 [Worker-32: Building] INFO  o.e.m.c.i.embedder.EclipseLogger - Collected git.commit.user.name with value umang kumar jain
2025-08-18 16:01:05,372 [Worker-32: Building] INFO  o.e.m.c.i.embedder.EclipseLogger - Collected git.commit.message.full with value created order service and made it connect to rabbit MQ to publish msgs to notification service
2025-08-18 16:01:05,373 [Worker-32: Building] INFO  o.e.m.c.i.embedder.EclipseLogger - including property 'git.commit.user.name' in results
2025-08-18 16:01:05,373 [Worker-32: Building] INFO  o.e.m.c.i.embedder.EclipseLogger - including property 'git.commit.id.abbrev' in results
2025-08-18 16:01:05,373 [Worker-32: Building] INFO  o.e.m.c.i.embedder.EclipseLogger - including property 'git.branch' in results
2025-08-18 16:01:05,373 [Worker-32: Building] INFO  o.e.m.c.i.embedder.EclipseLogger - including property 'git.commit.message.full' in results
2025-08-18 16:01:05,374 [Worker-32: Building] INFO  o.e.m.c.i.embedder.EclipseLogger - Reading existing properties file [D:\Eclipse_workspace\book store\bookstore-webapp\target\classes\git.properties] (for project bookstore-webapp)...
2025-08-18 16:01:05,375 [Worker-32: Building] INFO  o.e.m.c.i.embedder.EclipseLogger - Writing properties file [D:\Eclipse_workspace\book store\bookstore-webapp\target\classes\git.properties] (for project bookstore-webapp)...
2025-08-18 16:01:05,388 [Worker-32: Building] INFO  o.a.m.s.f.DefaultMavenResourcesFiltering - Copying 1 resource from src\main\resources to target\classes
2025-08-18 16:01:05,439 [Worker-32: Building] INFO  o.a.m.s.f.DefaultMavenResourcesFiltering - Copying 13 resources from src\main\resources to target\classes
2025-08-18 16:01:06,308 [Worker-32: Building] INFO  o.e.m.c.i.embedder.EclipseLogger - Spotless.Java is keeping 19 files clean - 19 needs changes to be clean, 0 were already clean, 0 were skipped because caching determined they were already clean
2025-08-18 16:01:06,369 [Worker-32: Building] INFO  o.a.m.s.f.DefaultMavenResourcesFiltering - skip non existing resourceDirectory D:\Eclipse_workspace\book store\bookstore-webapp\src\test\resources
2025-08-18 16:05:32,947 [Worker-32: Building] INFO  o.e.m.c.i.embedder.EclipseLogger - Skip mojo execution on incremental builds.
2025-08-18 16:05:32,954 [Worker-32: Building] INFO  o.a.m.s.f.DefaultMavenResourcesFiltering - Copying 0 resource from src\main\resources to target\classes
2025-08-18 16:05:32,954 [Worker-32: Building] INFO  o.a.m.s.f.DefaultMavenResourcesFiltering - Copying 1 resource from src\main\resources to target\classes
2025-08-18 16:05:32,961 [Worker-32: Building] INFO  o.e.m.c.i.embedder.EclipseLogger - Spotless check skipped
2025-08-18 16:05:32,964 [Worker-32: Building] INFO  o.a.m.s.f.DefaultMavenResourcesFiltering - skip non existing resourceDirectory D:\Eclipse_workspace\book store\bookstore-webapp\src\test\resources
2025-08-18 16:06:03,538 [Worker-41: Building] INFO  o.e.m.c.i.embedder.EclipseLogger - Skip mojo execution on incremental builds.
2025-08-18 16:06:03,554 [Worker-41: Building] INFO  o.a.m.s.f.DefaultMavenResourcesFiltering - Copying 0 resource from src\main\resources to target\classes
2025-08-18 16:06:03,554 [Worker-41: Building] INFO  o.a.m.s.f.DefaultMavenResourcesFiltering - Copying 1 resource from src\main\resources to target\classes
2025-08-18 16:06:03,567 [Worker-41: Building] INFO  o.e.m.c.i.embedder.EclipseLogger - Spotless check skipped
2025-08-18 16:06:03,588 [Worker-41: Building] INFO  o.a.m.s.f.DefaultMavenResourcesFiltering - skip non existing resourceDirectory D:\Eclipse_workspace\book store\bookstore-webapp\src\test\resources
2025-08-18 16:10:10,439 [Worker-42: Building] INFO  o.e.m.c.i.embedder.EclipseLogger - Skip mojo execution on incremental builds.
2025-08-18 16:10:10,450 [Worker-42: Building] INFO  o.a.m.s.f.DefaultMavenResourcesFiltering - Copying 0 resource from src\main\resources to target\classes
2025-08-18 16:10:10,451 [Worker-42: Building] INFO  o.a.m.s.f.DefaultMavenResourcesFiltering - Copying 0 resource from src\main\resources to target\classes
2025-08-18 16:10:10,459 [Worker-42: Building] INFO  o.e.m.c.i.embedder.EclipseLogger - Spotless check skipped
2025-08-18 16:10:10,465 [Worker-42: Building] INFO  o.a.m.s.f.DefaultMavenResourcesFiltering - skip non existing resourceDirectory D:\Eclipse_workspace\book store\bookstore-webapp\src\test\resources
2025-08-18 16:10:27,615 [Stop Help Server] INFO  org.eclipse.jetty.server.Server - Stopped Server@33c556ea{STOPPING}[10.0.11,sto=0]
2025-08-18 16:10:27,625 [Stop Help Server] INFO  o.e.jetty.server.AbstractConnector - Stopped ServerConnector@27cd9793{HTTP/1.1, (http/1.1)}{127.0.0.1:0}
2025-08-18 16:10:27,648 [Stop Help Server] INFO  o.e.j.server.handler.ContextHandler - Stopped o.e.j.s.ServletContextHandler@2f02de5{/help,null,STOPPED}
2025-08-19 22:12:58,729 [Worker-1: Loading available Gradle versions] INFO  o.e.b.c.i.u.g.PublishedGradleVersions - Gradle version information cache is out-of-date. Trying to update.
